;MACRO_EVENT_TYPE;COUNT;PERCENTAGE
0;Non-violent;80519;41.51962048161708
1;Violent;113411;58.48037951838292
