asylum_location_code,gender,age_range,population,year
AFG,f,0-4,8751,2020
AFG,f,5-11,8775,2020
AFG,f,12-17,5828,2020
AFG,f,18-59,18958,2020
AFG,f,60+,587,2020
AFG,m,0-4,8814,2020
AFG,m,5-11,5017,2020
AFG,m,12-17,4785,2020
AFG,m,18-59,19273,2020
AFG,m,60+,1807,2020
ALB,f,0-4,0,2020
ALB,f,5-11,5,2020
ALB,f,12-17,0,2020
ALB,f,18-59,0,2020
ALB,f,60+,0,2020
ALB,m,0-4,0,2020
ALB,m,5-11,0,2020
ALB,m,12-17,0,2020
ALB,m,18-59,0,2020
ALB,m,60+,0,2020
ARE,f,0-4,0,2020
ARE,f,5-11,5,2020
ARE,f,12-17,0,2020
ARE,f,18-59,6,2020
ARE,f,60+,0,2020
ARE,m,0-4,0,2020
ARE,m,5-11,0,2020
ARE,m,12-17,0,2020
ARE,m,18-59,14,2020
ARE,m,60+,0,2020
ARE,f,0-4,0,2020
ARE,f,5-11,0,2020
ARE,f,12-17,5,2020
ARE,f,18-59,0,2020
ARE,f,60+,0,2020
ARE,m,0-4,0,2020
ARE,m,5-11,0,2020
ARE,m,12-17,0,2020
ARE,m,18-59,0,2020
ARE,m,60+,0,2020
ARG,f,0-4,0,2020
ARG,f,5-11,0,2020
ARG,f,12-17,0,2020
ARG,f,18-59,5,2020
ARG,f,60+,0,2020
ARG,m,0-4,0,2020
ARG,m,5-11,0,2020
ARG,m,12-17,0,2020
ARG,m,18-59,7,2020
ARG,m,60+,0,2020
ARM,f,0-4,0,2020
ARM,f,5-11,0,2020
ARM,f,12-17,0,2020
ARM,f,18-59,0,2020
ARM,f,60+,0,2020
ARM,m,0-4,0,2020
ARM,m,5-11,0,2020
ARM,m,12-17,0,2020
ARM,m,18-59,5,2020
ARM,m,60+,0,2020
AUS,f,0-4,0,2020
AUS,f,5-11,0,2020
AUS,f,12-17,0,2020
AUS,f,18-59,0,2020
AUS,f,60+,0,2020
AUS,m,0-4,0,2020
AUS,m,5-11,0,2020
AUS,m,12-17,0,2020
AUS,m,18-59,0,2020
AUS,m,60+,0,2020
AUS,f,0-4,0,2020
AUS,f,5-11,0,2020
AUS,f,12-17,0,2020
AUS,f,18-59,0,2020
AUS,f,60+,0,2020
AUS,m,0-4,0,2020
AUS,m,5-11,0,2020
AUS,m,12-17,0,2020
AUS,m,18-59,0,2020
AUS,m,60+,0,2020
AUT,f,0-4,0,2020
AUT,f,5-11,0,2020
AUT,f,12-17,0,2020
AUT,f,18-59,0,2020
AUT,f,60+,0,2020
AUT,m,0-4,0,2020
AUT,m,5-11,0,2020
AUT,m,12-17,0,2020
AUT,m,18-59,0,2020
AUT,m,60+,0,2020
AUT,f,0-4,0,2020
AUT,f,5-11,0,2020
AUT,f,12-17,0,2020
AUT,f,18-59,0,2020
AUT,f,60+,0,2020
AUT,m,0-4,0,2020
AUT,m,5-11,0,2020
AUT,m,12-17,0,2020
AUT,m,18-59,0,2020
AUT,m,60+,0,2020
AZE,f,0-4,0,2020
AZE,f,5-11,5,2020
AZE,f,12-17,0,2020
AZE,f,18-59,7,2020
AZE,f,60+,0,2020
AZE,m,0-4,0,2020
AZE,m,5-11,0,2020
AZE,m,12-17,0,2020
AZE,m,18-59,12,2020
AZE,m,60+,0,2020
AZE,f,0-4,56,2020
AZE,f,5-11,54,2020
AZE,f,12-17,40,2020
AZE,f,18-59,261,2020
AZE,f,60+,8,2020
AZE,m,0-4,51,2020
AZE,m,5-11,65,2020
AZE,m,12-17,65,2020
AZE,m,18-59,467,2020
AZE,m,60+,20,2020
BEL,f,0-4,0,2020
BEL,f,5-11,0,2020
BEL,f,12-17,0,2020
BEL,f,18-59,0,2020
BEL,f,60+,0,2020
BEL,m,0-4,0,2020
BEL,m,5-11,0,2020
BEL,m,12-17,0,2020
BEL,m,18-59,0,2020
BEL,m,60+,0,2020
BEL,f,0-4,0,2020
BEL,f,5-11,0,2020
BEL,f,12-17,0,2020
BEL,f,18-59,0,2020
BEL,f,60+,0,2020
BEL,m,0-4,0,2020
BEL,m,5-11,0,2020
BEL,m,12-17,0,2020
BEL,m,18-59,0,2020
BEL,m,60+,0,2020
BGR,f,0-4,0,2020
BGR,f,5-11,0,2020
BGR,f,12-17,0,2020
BGR,f,18-59,0,2020
BGR,f,60+,0,2020
BGR,m,0-4,0,2020
BGR,m,5-11,0,2020
BGR,m,12-17,0,2020
BGR,m,18-59,0,2020
BGR,m,60+,0,2020
BGR,f,0-4,0,2020
BGR,f,5-11,0,2020
BGR,f,12-17,0,2020
BGR,f,18-59,0,2020
BGR,f,60+,0,2020
BGR,m,0-4,0,2020
BGR,m,5-11,0,2020
BGR,m,12-17,0,2020
BGR,m,18-59,0,2020
BGR,m,60+,0,2020
BIH,f,0-4,7,2020
BIH,f,5-11,0,2020
BIH,f,12-17,0,2020
BIH,f,18-59,0,2020
BIH,f,60+,0,2020
BIH,m,0-4,5,2020
BIH,m,5-11,0,2020
BIH,m,12-17,8,2020
BIH,m,18-59,13,2020
BIH,m,60+,0,2020
BIH,f,0-4,0,2020
BIH,f,5-11,0,2020
BIH,f,12-17,0,2020
BIH,f,18-59,0,2020
BIH,f,60+,0,2020
BIH,m,0-4,0,2020
BIH,m,5-11,0,2020
BIH,m,12-17,0,2020
BIH,m,18-59,0,2020
BIH,m,60+,0,2020
BLR,f,0-4,0,2020
BLR,f,5-11,0,2020
BLR,f,12-17,0,2020
BLR,f,18-59,0,2020
BLR,f,60+,0,2020
BLR,m,0-4,0,2020
BLR,m,5-11,0,2020
BLR,m,12-17,0,2020
BLR,m,18-59,0,2020
BLR,m,60+,0,2020
BRA,f,0-4,0,2020
BRA,f,5-11,0,2020
BRA,f,12-17,0,2020
BRA,f,18-59,0,2020
BRA,f,60+,0,2020
BRA,m,0-4,0,2020
BRA,m,5-11,0,2020
BRA,m,12-17,0,2020
BRA,m,18-59,0,2020
BRA,m,60+,0,2020
BRA,f,0-4,0,2020
BRA,f,5-11,0,2020
BRA,f,12-17,0,2020
BRA,f,18-59,0,2020
BRA,f,60+,0,2020
BRA,m,0-4,0,2020
BRA,m,5-11,0,2020
BRA,m,12-17,0,2020
BRA,m,18-59,0,2020
BRA,m,60+,0,2020
CAN,f,0-4,0,2020
CAN,f,5-11,34,2020
CAN,f,12-17,0,2020
CAN,f,18-59,99,2020
CAN,f,60+,0,2020
CAN,m,0-4,20,2020
CAN,m,5-11,23,2020
CAN,m,12-17,0,2020
CAN,m,18-59,177,2020
CAN,m,60+,0,2020
CAN,f,0-4,0,2020
CAN,f,5-11,0,2020
CAN,f,12-17,0,2020
CAN,f,18-59,30,2020
CAN,f,60+,0,2020
CAN,m,0-4,5,2020
CAN,m,5-11,0,2020
CAN,m,12-17,0,2020
CAN,m,18-59,110,2020
CAN,m,60+,0,2020
CHE,f,0-4,32,2020
CHE,f,5-11,36,2020
CHE,f,12-17,25,2020
CHE,f,18-59,122,2020
CHE,f,60+,0,2020
CHE,m,0-4,33,2020
CHE,m,5-11,54,2020
CHE,m,12-17,127,2020
CHE,m,18-59,415,2020
CHE,m,60+,0,2020
CHE,f,0-4,336,2020
CHE,f,5-11,549,2020
CHE,f,12-17,391,2020
CHE,f,18-59,1701,2020
CHE,f,60+,118,2020
CHE,m,0-4,364,2020
CHE,m,5-11,579,2020
CHE,m,12-17,852,2020
CHE,m,18-59,6583,2020
CHE,m,60+,112,2020
CHL,f,0-4,0,2020
CHL,f,5-11,0,2020
CHL,f,12-17,0,2020
CHL,f,18-59,0,2020
CHL,f,60+,0,2020
CHL,m,0-4,0,2020
CHL,m,5-11,0,2020
CHL,m,12-17,0,2020
CHL,m,18-59,0,2020
CHL,m,60+,0,2020
CHL,f,0-4,0,2020
CHL,f,5-11,0,2020
CHL,f,12-17,0,2020
CHL,f,18-59,0,2020
CHL,f,60+,0,2020
CHL,m,0-4,0,2020
CHL,m,5-11,0,2020
CHL,m,12-17,0,2020
CHL,m,18-59,0,2020
CHL,m,60+,0,2020
CHN,f,0-4,0,2020
CHN,f,5-11,0,2020
CHN,f,12-17,0,2020
CHN,f,18-59,6,2020
CHN,f,60+,0,2020
CHN,m,0-4,0,2020
CHN,m,5-11,6,2020
CHN,m,12-17,0,2020
CHN,m,18-59,0,2020
CHN,m,60+,0,2020
CHN,f,0-4,0,2020
CHN,f,5-11,6,2020
CHN,f,12-17,0,2020
CHN,f,18-59,5,2020
CHN,f,60+,0,2020
CHN,m,0-4,0,2020
CHN,m,5-11,0,2020
CHN,m,12-17,0,2020
CHN,m,18-59,9,2020
CHN,m,60+,0,2020
COL,f,0-4,0,2020
COL,f,5-11,0,2020
COL,f,12-17,0,2020
COL,f,18-59,0,2020
COL,f,60+,0,2020
COL,m,0-4,0,2020
COL,m,5-11,0,2020
COL,m,12-17,0,2020
COL,m,18-59,9,2020
COL,m,60+,0,2020
CUB,f,0-4,0,2020
CUB,f,5-11,0,2020
CUB,f,12-17,0,2020
CUB,f,18-59,8,2020
CUB,f,60+,0,2020
CUB,m,0-4,0,2020
CUB,m,5-11,0,2020
CUB,m,12-17,5,2020
CUB,m,18-59,15,2020
CUB,m,60+,0,2020
CYP,f,0-4,0,2020
CYP,f,5-11,0,2020
CYP,f,12-17,0,2020
CYP,f,18-59,0,2020
CYP,f,60+,0,2020
CYP,m,0-4,0,2020
CYP,m,5-11,0,2020
CYP,m,12-17,0,2020
CYP,m,18-59,0,2020
CYP,m,60+,0,2020
CYP,f,0-4,0,2020
CYP,f,5-11,0,2020
CYP,f,12-17,0,2020
CYP,f,18-59,0,2020
CYP,f,60+,0,2020
CYP,m,0-4,0,2020
CYP,m,5-11,0,2020
CYP,m,12-17,0,2020
CYP,m,18-59,0,2020
CYP,m,60+,0,2020
CZE,f,0-4,0,2020
CZE,f,5-11,0,2020
CZE,f,12-17,0,2020
CZE,f,18-59,0,2020
CZE,f,60+,0,2020
CZE,m,0-4,0,2020
CZE,m,5-11,0,2020
CZE,m,12-17,0,2020
CZE,m,18-59,0,2020
CZE,m,60+,0,2020
CZE,f,0-4,0,2020
CZE,f,5-11,0,2020
CZE,f,12-17,0,2020
CZE,f,18-59,0,2020
CZE,f,60+,0,2020
CZE,m,0-4,0,2020
CZE,m,5-11,0,2020
CZE,m,12-17,0,2020
CZE,m,18-59,0,2020
CZE,m,60+,0,2020
DEU,f,0-4,1237,2020
DEU,f,5-11,1443,2020
DEU,f,12-17,922,2020
DEU,f,18-59,4263,2020
DEU,f,60+,205,2020
DEU,m,0-4,1308,2020
DEU,m,5-11,1659,2020
DEU,m,12-17,1796,2020
DEU,m,18-59,20007,2020
DEU,m,60+,263,2020
DEU,f,0-4,5979,2020
DEU,f,5-11,10969,2020
DEU,f,12-17,7703,2020
DEU,f,18-59,33195,2020
DEU,f,60+,3833,2020
DEU,m,0-4,6325,2020
DEU,m,5-11,12021,2020
DEU,m,12-17,9587,2020
DEU,m,18-59,54962,2020
DEU,m,60+,3278,2020
DNK,f,0-4,0,2020
DNK,f,5-11,0,2020
DNK,f,12-17,0,2020
DNK,f,18-59,0,2020
DNK,f,60+,0,2020
DNK,m,0-4,0,2020
DNK,m,5-11,0,2020
DNK,m,12-17,0,2020
DNK,m,18-59,0,2020
DNK,m,60+,0,2020
DNK,f,0-4,0,2020
DNK,f,5-11,0,2020
DNK,f,12-17,0,2020
DNK,f,18-59,0,2020
DNK,f,60+,0,2020
DNK,m,0-4,0,2020
DNK,m,5-11,0,2020
DNK,m,12-17,0,2020
DNK,m,18-59,0,2020
DNK,m,60+,0,2020
DOM,f,0-4,0,2020
DOM,f,5-11,0,2020
DOM,f,12-17,0,2020
DOM,f,18-59,0,2020
DOM,f,60+,0,2020
DOM,m,0-4,0,2020
DOM,m,5-11,0,2020
DOM,m,12-17,0,2020
DOM,m,18-59,8,2020
DOM,m,60+,0,2020
ECU,f,0-4,0,2020
ECU,f,5-11,0,2020
ECU,f,12-17,0,2020
ECU,f,18-59,0,2020
ECU,f,60+,0,2020
ECU,m,0-4,0,2020
ECU,m,5-11,0,2020
ECU,m,12-17,0,2020
ECU,m,18-59,5,2020
ECU,m,60+,0,2020
ECU,f,0-4,0,2020
ECU,f,5-11,5,2020
ECU,f,12-17,5,2020
ECU,f,18-59,54,2020
ECU,f,60+,6,2020
ECU,m,0-4,0,2020
ECU,m,5-11,7,2020
ECU,m,12-17,8,2020
ECU,m,18-59,54,2020
ECU,m,60+,7,2020
EGY,f,0-4,5,2020
EGY,f,5-11,6,2020
EGY,f,12-17,0,2020
EGY,f,18-59,11,2020
EGY,f,60+,0,2020
EGY,m,0-4,0,2020
EGY,m,5-11,5,2020
EGY,m,12-17,5,2020
EGY,m,18-59,12,2020
EGY,m,60+,0,2020
EGY,f,0-4,0,2020
EGY,f,5-11,5,2020
EGY,f,12-17,0,2020
EGY,f,18-59,8,2020
EGY,f,60+,0,2020
EGY,m,0-4,5,2020
EGY,m,5-11,0,2020
EGY,m,12-17,8,2020
EGY,m,18-59,8,2020
EGY,m,60+,0,2020
ESP,f,0-4,0,2020
ESP,f,5-11,0,2020
ESP,f,12-17,0,2020
ESP,f,18-59,0,2020
ESP,f,60+,0,2020
ESP,m,0-4,0,2020
ESP,m,5-11,0,2020
ESP,m,12-17,0,2020
ESP,m,18-59,0,2020
ESP,m,60+,0,2020
ESP,f,0-4,0,2020
ESP,f,5-11,0,2020
ESP,f,12-17,0,2020
ESP,f,18-59,0,2020
ESP,f,60+,0,2020
ESP,m,0-4,0,2020
ESP,m,5-11,0,2020
ESP,m,12-17,0,2020
ESP,m,18-59,0,2020
ESP,m,60+,0,2020
FIN,f,0-4,0,2020
FIN,f,5-11,0,2020
FIN,f,12-17,0,2020
FIN,f,18-59,0,2020
FIN,f,60+,0,2020
FIN,m,0-4,0,2020
FIN,m,5-11,0,2020
FIN,m,12-17,0,2020
FIN,m,18-59,0,2020
FIN,m,60+,0,2020
FIN,f,0-4,0,2020
FIN,f,5-11,0,2020
FIN,f,12-17,0,2020
FIN,f,18-59,0,2020
FIN,f,60+,0,2020
FIN,m,0-4,0,2020
FIN,m,5-11,0,2020
FIN,m,12-17,0,2020
FIN,m,18-59,0,2020
FIN,m,60+,0,2020
FJI,f,0-4,0,2020
FJI,f,5-11,0,2020
FJI,f,12-17,0,2020
FJI,f,18-59,8,2020
FJI,f,60+,0,2020
FJI,m,0-4,0,2020
FJI,m,5-11,0,2020
FJI,m,12-17,0,2020
FJI,m,18-59,0,2020
FJI,m,60+,0,2020
FRA,f,0-4,0,2020
FRA,f,5-11,0,2020
FRA,f,12-17,0,2020
FRA,f,18-59,0,2020
FRA,f,60+,0,2020
FRA,m,0-4,0,2020
FRA,m,5-11,0,2020
FRA,m,12-17,0,2020
FRA,m,18-59,0,2020
FRA,m,60+,0,2020
FRA,f,0-4,0,2020
FRA,f,5-11,0,2020
FRA,f,12-17,0,2020
FRA,f,18-59,0,2020
FRA,f,60+,0,2020
FRA,m,0-4,0,2020
FRA,m,5-11,0,2020
FRA,m,12-17,0,2020
FRA,m,18-59,0,2020
FRA,m,60+,0,2020
GBR,f,0-4,0,2020
GBR,f,5-11,0,2020
GBR,f,12-17,0,2020
GBR,f,18-59,0,2020
GBR,f,60+,0,2020
GBR,m,0-4,0,2020
GBR,m,5-11,0,2020
GBR,m,12-17,0,2020
GBR,m,18-59,0,2020
GBR,m,60+,0,2020
GBR,f,0-4,0,2020
GBR,f,5-11,0,2020
GBR,f,12-17,0,2020
GBR,f,18-59,0,2020
GBR,f,60+,0,2020
GBR,m,0-4,0,2020
GBR,m,5-11,0,2020
GBR,m,12-17,0,2020
GBR,m,18-59,0,2020
GBR,m,60+,0,2020
GEO,f,0-4,0,2020
GEO,f,5-11,0,2020
GEO,f,12-17,0,2020
GEO,f,18-59,5,2020
GEO,f,60+,0,2020
GEO,m,0-4,0,2020
GEO,m,5-11,6,2020
GEO,m,12-17,0,2020
GEO,m,18-59,7,2020
GEO,m,60+,0,2020
GEO,f,0-4,0,2020
GEO,f,5-11,0,2020
GEO,f,12-17,0,2020
GEO,f,18-59,6,2020
GEO,f,60+,0,2020
GEO,m,0-4,0,2020
GEO,m,5-11,0,2020
GEO,m,12-17,0,2020
GEO,m,18-59,5,2020
GEO,m,60+,0,2020
GRC,f,0-4,0,2020
GRC,f,5-11,0,2020
GRC,f,12-17,0,2020
GRC,f,18-59,0,2020
GRC,f,60+,0,2020
GRC,m,0-4,0,2020
GRC,m,5-11,0,2020
GRC,m,12-17,0,2020
GRC,m,18-59,0,2020
GRC,m,60+,0,2020
GRC,f,0-4,0,2020
GRC,f,5-11,0,2020
GRC,f,12-17,0,2020
GRC,f,18-59,0,2020
GRC,f,60+,0,2020
GRC,m,0-4,0,2020
GRC,m,5-11,0,2020
GRC,m,12-17,0,2020
GRC,m,18-59,0,2020
GRC,m,60+,0,2020
HKG,f,0-4,0,2020
HKG,f,5-11,0,2020
HKG,f,12-17,0,2020
HKG,f,18-59,0,2020
HKG,f,60+,0,2020
HKG,m,0-4,0,2020
HKG,m,5-11,5,2020
HKG,m,12-17,0,2020
HKG,m,18-59,5,2020
HKG,m,60+,0,2020
HRV,f,0-4,0,2020
HRV,f,5-11,0,2020
HRV,f,12-17,0,2020
HRV,f,18-59,73,2020
HRV,f,60+,6,2020
HRV,m,0-4,0,2020
HRV,m,5-11,0,2020
HRV,m,12-17,0,2020
HRV,m,18-59,79,2020
HRV,m,60+,6,2020
HRV,f,0-4,0,2020
HRV,f,5-11,0,2020
HRV,f,12-17,0,2020
HRV,f,18-59,28,2020
HRV,f,60+,0,2020
HRV,m,0-4,0,2020
HRV,m,5-11,0,2020
HRV,m,12-17,0,2020
HRV,m,18-59,25,2020
HRV,m,60+,0,2020
HRV,f,0-4,0,2020
HRV,f,5-11,5,2020
HRV,f,12-17,6,2020
HRV,f,18-59,13,2020
HRV,f,60+,0,2020
HRV,m,0-4,0,2020
HRV,m,5-11,8,2020
HRV,m,12-17,0,2020
HRV,m,18-59,22,2020
HRV,m,60+,0,2020
HUN,f,0-4,0,2020
HUN,f,5-11,0,2020
HUN,f,12-17,0,2020
HUN,f,18-59,0,2020
HUN,f,60+,0,2020
HUN,m,0-4,0,2020
HUN,m,5-11,0,2020
HUN,m,12-17,0,2020
HUN,m,18-59,0,2020
HUN,m,60+,0,2020
HUN,f,0-4,0,2020
HUN,f,5-11,0,2020
HUN,f,12-17,0,2020
HUN,f,18-59,0,2020
HUN,f,60+,0,2020
HUN,m,0-4,0,2020
HUN,m,5-11,0,2020
HUN,m,12-17,0,2020
HUN,m,18-59,0,2020
HUN,m,60+,0,2020
IDN,f,0-4,86,2020
IDN,f,5-11,134,2020
IDN,f,12-17,96,2020
IDN,f,18-59,462,2020
IDN,f,60+,33,2020
IDN,m,0-4,81,2020
IDN,m,5-11,163,2020
IDN,m,12-17,172,2020
IDN,m,18-59,495,2020
IDN,m,60+,17,2020
IDN,f,0-4,164,2020
IDN,f,5-11,198,2020
IDN,f,12-17,146,2020
IDN,f,18-59,663,2020
IDN,f,60+,33,2020
IDN,m,0-4,176,2020
IDN,m,5-11,221,2020
IDN,m,12-17,187,2020
IDN,m,18-59,4034,2020
IDN,m,60+,41,2020
IND,f,0-4,242,2020
IND,f,5-11,536,2020
IND,f,12-17,453,2020
IND,f,18-59,1915,2020
IND,f,60+,110,2020
IND,m,0-4,263,2020
IND,m,5-11,605,2020
IND,m,12-17,436,2020
IND,m,18-59,2148,2020
IND,m,60+,149,2020
IND,f,0-4,158,2020
IND,f,5-11,536,2020
IND,f,12-17,578,2020
IND,f,18-59,2665,2020
IND,f,60+,273,2020
IND,m,0-4,206,2020
IND,m,5-11,623,2020
IND,m,12-17,633,2020
IND,m,18-59,2324,2020
IND,m,60+,279,2020
IRL,f,0-4,0,2020
IRL,f,5-11,0,2020
IRL,f,12-17,0,2020
IRL,f,18-59,9,2020
IRL,f,60+,0,2020
IRL,m,0-4,0,2020
IRL,m,5-11,0,2020
IRL,m,12-17,18,2020
IRL,m,18-59,132,2020
IRL,m,60+,0,2020
IRL,f,0-4,0,2020
IRL,f,5-11,0,2020
IRL,f,12-17,6,2020
IRL,f,18-59,16,2020
IRL,f,60+,0,2020
IRL,m,0-4,0,2020
IRL,m,5-11,6,2020
IRL,m,12-17,5,2020
IRL,m,18-59,387,2020
IRL,m,60+,0,2020
IRN,f,0-4,0,2020
IRN,f,5-11,0,2020
IRN,f,12-17,0,2020
IRN,f,18-59,0,2020
IRN,f,60+,0,2020
IRN,m,0-4,0,2020
IRN,m,5-11,0,2020
IRN,m,12-17,0,2020
IRN,m,18-59,0,2020
IRN,m,60+,0,2020
IRQ,f,0-4,0,2020
IRQ,f,5-11,6,2020
IRQ,f,12-17,6,2020
IRQ,f,18-59,19,2020
IRQ,f,60+,6,2020
IRQ,m,0-4,0,2020
IRQ,m,5-11,0,2020
IRQ,m,12-17,9,2020
IRQ,m,18-59,13,2020
IRQ,m,60+,5,2020
IRQ,f,0-4,0,2020
IRQ,f,5-11,5,2020
IRQ,f,12-17,0,2020
IRQ,f,18-59,0,2020
IRQ,f,60+,0,2020
IRQ,m,0-4,0,2020
IRQ,m,5-11,0,2020
IRQ,m,12-17,0,2020
IRQ,m,18-59,6,2020
IRQ,m,60+,0,2020
ISL,f,0-4,0,2020
ISL,f,5-11,0,2020
ISL,f,12-17,0,2020
ISL,f,18-59,0,2020
ISL,f,60+,0,2020
ISL,m,0-4,0,2020
ISL,m,5-11,0,2020
ISL,m,12-17,0,2020
ISL,m,18-59,0,2020
ISL,m,60+,0,2020
ISL,f,0-4,0,2020
ISL,f,5-11,0,2020
ISL,f,12-17,0,2020
ISL,f,18-59,0,2020
ISL,f,60+,0,2020
ISL,m,0-4,0,2020
ISL,m,5-11,0,2020
ISL,m,12-17,0,2020
ISL,m,18-59,0,2020
ISL,m,60+,0,2020
ITA,f,0-4,0,2020
ITA,f,5-11,0,2020
ITA,f,12-17,0,2020
ITA,f,18-59,0,2020
ITA,f,60+,0,2020
ITA,m,0-4,0,2020
ITA,m,5-11,0,2020
ITA,m,12-17,0,2020
ITA,m,18-59,0,2020
ITA,m,60+,0,2020
ITA,f,0-4,0,2020
ITA,f,5-11,0,2020
ITA,f,12-17,0,2020
ITA,f,18-59,0,2020
ITA,f,60+,0,2020
ITA,m,0-4,0,2020
ITA,m,5-11,0,2020
ITA,m,12-17,0,2020
ITA,m,18-59,0,2020
ITA,m,60+,0,2020
JOR,f,0-4,0,2020
JOR,f,5-11,0,2020
JOR,f,12-17,0,2020
JOR,f,18-59,0,2020
JOR,f,60+,0,2020
JOR,m,0-4,0,2020
JOR,m,5-11,0,2020
JOR,m,12-17,5,2020
JOR,m,18-59,6,2020
JOR,m,60+,0,2020
JOR,f,0-4,0,2020
JOR,f,5-11,0,2020
JOR,f,12-17,0,2020
JOR,f,18-59,0,2020
JOR,f,60+,0,2020
JOR,m,0-4,0,2020
JOR,m,5-11,0,2020
JOR,m,12-17,0,2020
JOR,m,18-59,8,2020
JOR,m,60+,0,2020
JPN,f,0-4,0,2020
JPN,f,5-11,0,2020
JPN,f,12-17,0,2020
JPN,f,18-59,0,2020
JPN,f,60+,0,2020
JPN,m,0-4,0,2020
JPN,m,5-11,0,2020
JPN,m,12-17,0,2020
JPN,m,18-59,0,2020
JPN,m,60+,0,2020
KAZ,f,0-4,12,2020
KAZ,f,5-11,9,2020
KAZ,f,12-17,7,2020
KAZ,f,18-59,73,2020
KAZ,f,60+,0,2020
KAZ,m,0-4,12,2020
KAZ,m,5-11,21,2020
KAZ,m,12-17,5,2020
KAZ,m,18-59,54,2020
KAZ,m,60+,5,2020
KAZ,f,0-4,15,2020
KAZ,f,5-11,25,2020
KAZ,f,12-17,29,2020
KAZ,f,18-59,127,2020
KAZ,f,60+,10,2020
KAZ,m,0-4,14,2020
KAZ,m,5-11,27,2020
KAZ,m,12-17,37,2020
KAZ,m,18-59,104,2020
KAZ,m,60+,20,2020
KEN,f,0-4,0,2020
KEN,f,5-11,0,2020
KEN,f,12-17,0,2020
KEN,f,18-59,0,2020
KEN,f,60+,0,2020
KEN,m,0-4,0,2020
KEN,m,5-11,0,2020
KEN,m,12-17,0,2020
KEN,m,18-59,8,2020
KEN,m,60+,0,2020
KEN,f,0-4,0,2020
KEN,f,5-11,0,2020
KEN,f,12-17,5,2020
KEN,f,18-59,0,2020
KEN,f,60+,0,2020
KEN,m,0-4,0,2020
KEN,m,5-11,0,2020
KEN,m,12-17,6,2020
KEN,m,18-59,0,2020
KEN,m,60+,0,2020
KGZ,f,0-4,0,2020
KGZ,f,5-11,0,2020
KGZ,f,12-17,0,2020
KGZ,f,18-59,14,2020
KGZ,f,60+,0,2020
KGZ,m,0-4,5,2020
KGZ,m,5-11,0,2020
KGZ,m,12-17,0,2020
KGZ,m,18-59,22,2020
KGZ,m,60+,0,2020
KGZ,f,0-4,17,2020
KGZ,f,5-11,11,2020
KGZ,f,12-17,11,2020
KGZ,f,18-59,63,2020
KGZ,f,60+,0,2020
KGZ,m,0-4,11,2020
KGZ,m,5-11,23,2020
KGZ,m,12-17,13,2020
KGZ,m,18-59,65,2020
KGZ,m,60+,5,2020
KOR,f,0-4,0,2020
KOR,f,5-11,0,2020
KOR,f,12-17,0,2020
KOR,f,18-59,0,2020
KOR,f,60+,0,2020
KOR,m,0-4,0,2020
KOR,m,5-11,0,2020
KOR,m,12-17,0,2020
KOR,m,18-59,0,2020
KOR,m,60+,0,2020
KOR,f,0-4,0,2020
KOR,f,5-11,0,2020
KOR,f,12-17,0,2020
KOR,f,18-59,0,2020
KOR,f,60+,0,2020
KOR,m,0-4,0,2020
KOR,m,5-11,0,2020
KOR,m,12-17,0,2020
KOR,m,18-59,0,2020
KOR,m,60+,0,2020
KWT,f,0-4,0,2020
KWT,f,5-11,0,2020
KWT,f,12-17,6,2020
KWT,f,18-59,5,2020
KWT,f,60+,0,2020
KWT,m,0-4,0,2020
KWT,m,5-11,0,2020
KWT,m,12-17,6,2020
KWT,m,18-59,0,2020
KWT,m,60+,0,2020
LBN,f,0-4,0,2020
LBN,f,5-11,0,2020
LBN,f,12-17,0,2020
LBN,f,18-59,0,2020
LBN,f,60+,0,2020
LBN,m,0-4,0,2020
LBN,m,5-11,0,2020
LBN,m,12-17,0,2020
LBN,m,18-59,7,2020
LBN,m,60+,0,2020
LBN,f,0-4,0,2020
LBN,f,5-11,0,2020
LBN,f,12-17,0,2020
LBN,f,18-59,5,2020
LBN,f,60+,0,2020
LBN,m,0-4,0,2020
LBN,m,5-11,0,2020
LBN,m,12-17,0,2020
LBN,m,18-59,8,2020
LBN,m,60+,0,2020
LBY,f,0-4,5,2020
LBY,f,5-11,0,2020
LBY,f,12-17,0,2020
LBY,f,18-59,0,2020
LBY,f,60+,0,2020
LBY,m,0-4,0,2020
LBY,m,5-11,0,2020
LBY,m,12-17,0,2020
LBY,m,18-59,0,2020
LBY,m,60+,0,2020
LIE,f,0-4,0,2020
LIE,f,5-11,0,2020
LIE,f,12-17,0,2020
LIE,f,18-59,0,2020
LIE,f,60+,0,2020
LIE,m,0-4,0,2020
LIE,m,5-11,5,2020
LIE,m,12-17,0,2020
LIE,m,18-59,0,2020
LIE,m,60+,0,2020
LKA,f,0-4,0,2020
LKA,f,5-11,5,2020
LKA,f,12-17,0,2020
LKA,f,18-59,5,2020
LKA,f,60+,0,2020
LKA,m,0-4,0,2020
LKA,m,5-11,0,2020
LKA,m,12-17,6,2020
LKA,m,18-59,9,2020
LKA,m,60+,0,2020
LKA,f,0-4,0,2020
LKA,f,5-11,7,2020
LKA,f,12-17,19,2020
LKA,f,18-59,25,2020
LKA,f,60+,0,2020
LKA,m,0-4,11,2020
LKA,m,5-11,14,2020
LKA,m,12-17,5,2020
LKA,m,18-59,61,2020
LKA,m,60+,0,2020
LTU,f,0-4,0,2020
LTU,f,5-11,0,2020
LTU,f,12-17,0,2020
LTU,f,18-59,0,2020
LTU,f,60+,0,2020
LTU,m,0-4,0,2020
LTU,m,5-11,0,2020
LTU,m,12-17,0,2020
LTU,m,18-59,0,2020
LTU,m,60+,0,2020
LTU,f,0-4,0,2020
LTU,f,5-11,0,2020
LTU,f,12-17,0,2020
LTU,f,18-59,0,2020
LTU,f,60+,0,2020
LTU,m,0-4,0,2020
LTU,m,5-11,0,2020
LTU,m,12-17,0,2020
LTU,m,18-59,0,2020
LTU,m,60+,0,2020
LUX,f,0-4,0,2020
LUX,f,5-11,0,2020
LUX,f,12-17,0,2020
LUX,f,18-59,0,2020
LUX,f,60+,0,2020
LUX,m,0-4,0,2020
LUX,m,5-11,0,2020
LUX,m,12-17,0,2020
LUX,m,18-59,0,2020
LUX,m,60+,0,2020
LUX,f,0-4,0,2020
LUX,f,5-11,0,2020
LUX,f,12-17,0,2020
LUX,f,18-59,0,2020
LUX,f,60+,0,2020
LUX,m,0-4,0,2020
LUX,m,5-11,0,2020
LUX,m,12-17,0,2020
LUX,m,18-59,0,2020
LUX,m,60+,0,2020
LVA,f,0-4,0,2020
LVA,f,5-11,0,2020
LVA,f,12-17,0,2020
LVA,f,18-59,0,2020
LVA,f,60+,0,2020
LVA,m,0-4,0,2020
LVA,m,5-11,0,2020
LVA,m,12-17,0,2020
LVA,m,18-59,0,2020
LVA,m,60+,0,2020
LVA,f,0-4,0,2020
LVA,f,5-11,0,2020
LVA,f,12-17,0,2020
LVA,f,18-59,0,2020
LVA,f,60+,0,2020
LVA,m,0-4,0,2020
LVA,m,5-11,0,2020
LVA,m,12-17,0,2020
LVA,m,18-59,0,2020
LVA,m,60+,0,2020
MAR,f,0-4,0,2020
MAR,f,5-11,5,2020
MAR,f,12-17,0,2020
MAR,f,18-59,0,2020
MAR,f,60+,0,2020
MAR,m,0-4,0,2020
MAR,m,5-11,0,2020
MAR,m,12-17,0,2020
MAR,m,18-59,0,2020
MAR,m,60+,0,2020
MAR,f,0-4,0,2020
MAR,f,5-11,0,2020
MAR,f,12-17,0,2020
MAR,f,18-59,0,2020
MAR,f,60+,0,2020
MAR,m,0-4,0,2020
MAR,m,5-11,0,2020
MAR,m,12-17,0,2020
MAR,m,18-59,5,2020
MAR,m,60+,0,2020
MDA,f,0-4,0,2020
MDA,f,5-11,0,2020
MDA,f,12-17,0,2020
MDA,f,18-59,6,2020
MDA,f,60+,0,2020
MDA,m,0-4,0,2020
MDA,m,5-11,8,2020
MDA,m,12-17,0,2020
MDA,m,18-59,10,2020
MDA,m,60+,0,2020
MDG,f,0-4,0,2020
MDG,f,5-11,0,2020
MDG,f,12-17,0,2020
MDG,f,18-59,0,2020
MDG,f,60+,0,2020
MDG,m,0-4,0,2020
MDG,m,5-11,0,2020
MDG,m,12-17,0,2020
MDG,m,18-59,9,2020
MDG,m,60+,0,2020
MDG,f,0-4,0,2020
MDG,f,5-11,0,2020
MDG,f,12-17,0,2020
MDG,f,18-59,0,2020
MDG,f,60+,0,2020
MDG,m,0-4,0,2020
MDG,m,5-11,0,2020
MDG,m,12-17,0,2020
MDG,m,18-59,10,2020
MDG,m,60+,0,2020
MEX,f,0-4,0,2020
MEX,f,5-11,0,2020
MEX,f,12-17,0,2020
MEX,f,18-59,0,2020
MEX,f,60+,0,2020
MEX,m,0-4,0,2020
MEX,m,5-11,0,2020
MEX,m,12-17,0,2020
MEX,m,18-59,0,2020
MEX,m,60+,0,2020
MKD,f,0-4,0,2020
MKD,f,5-11,0,2020
MKD,f,12-17,0,2020
MKD,f,18-59,6,2020
MKD,f,60+,0,2020
MKD,m,0-4,0,2020
MKD,m,5-11,0,2020
MKD,m,12-17,0,2020
MKD,m,18-59,0,2020
MKD,m,60+,0,2020
MKD,f,0-4,0,2020
MKD,f,5-11,6,2020
MKD,f,12-17,0,2020
MKD,f,18-59,0,2020
MKD,f,60+,0,2020
MKD,m,0-4,0,2020
MKD,m,5-11,0,2020
MKD,m,12-17,0,2020
MKD,m,18-59,0,2020
MKD,m,60+,0,2020
MNE,f,0-4,0,2020
MNE,f,5-11,0,2020
MNE,f,12-17,0,2020
MNE,f,18-59,0,2020
MNE,f,60+,0,2020
MNE,m,0-4,0,2020
MNE,m,5-11,0,2020
MNE,m,12-17,0,2020
MNE,m,18-59,6,2020
MNE,m,60+,0,2020
MNG,f,0-4,0,2020
MNG,f,5-11,0,2020
MNG,f,12-17,0,2020
MNG,f,18-59,0,2020
MNG,f,60+,0,2020
MNG,m,0-4,0,2020
MNG,m,5-11,0,2020
MNG,m,12-17,0,2020
MNG,m,18-59,5,2020
MNG,m,60+,0,2020
MYS,f,0-4,57,2020
MYS,f,5-11,72,2020
MYS,f,12-17,56,2020
MYS,f,18-59,280,2020
MYS,f,60+,17,2020
MYS,m,0-4,66,2020
MYS,m,5-11,75,2020
MYS,m,12-17,129,2020
MYS,m,18-59,393,2020
MYS,m,60+,8,2020
MYS,f,0-4,58,2020
MYS,f,5-11,124,2020
MYS,f,12-17,95,2020
MYS,f,18-59,407,2020
MYS,f,60+,24,2020
MYS,m,0-4,54,2020
MYS,m,5-11,145,2020
MYS,m,12-17,128,2020
MYS,m,18-59,460,2020
MYS,m,60+,22,2020
NGA,f,0-4,0,2020
NGA,f,5-11,0,2020
NGA,f,12-17,0,2020
NGA,f,18-59,0,2020
NGA,f,60+,0,2020
NGA,m,0-4,0,2020
NGA,m,5-11,0,2020
NGA,m,12-17,0,2020
NGA,m,18-59,5,2020
NGA,m,60+,0,2020
NLD,f,0-4,0,2020
NLD,f,5-11,0,2020
NLD,f,12-17,0,2020
NLD,f,18-59,0,2020
NLD,f,60+,0,2020
NLD,m,0-4,0,2020
NLD,m,5-11,0,2020
NLD,m,12-17,0,2020
NLD,m,18-59,0,2020
NLD,m,60+,0,2020
NLD,f,0-4,0,2020
NLD,f,5-11,0,2020
NLD,f,12-17,0,2020
NLD,f,18-59,0,2020
NLD,f,60+,0,2020
NLD,m,0-4,0,2020
NLD,m,5-11,0,2020
NLD,m,12-17,0,2020
NLD,m,18-59,0,2020
NLD,m,60+,0,2020
NOR,f,0-4,0,2020
NOR,f,5-11,0,2020
NOR,f,12-17,0,2020
NOR,f,18-59,0,2020
NOR,f,60+,0,2020
NOR,m,0-4,0,2020
NOR,m,5-11,0,2020
NOR,m,12-17,0,2020
NOR,m,18-59,0,2020
NOR,m,60+,0,2020
NOR,f,0-4,0,2020
NOR,f,5-11,0,2020
NOR,f,12-17,0,2020
NOR,f,18-59,0,2020
NOR,f,60+,0,2020
NOR,m,0-4,0,2020
NOR,m,5-11,0,2020
NOR,m,12-17,0,2020
NOR,m,18-59,0,2020
NOR,m,60+,0,2020
NPL,f,0-4,0,2020
NPL,f,5-11,9,2020
NPL,f,12-17,0,2020
NPL,f,18-59,16,2020
NPL,f,60+,0,2020
NPL,m,0-4,0,2020
NPL,m,5-11,5,2020
NPL,m,12-17,5,2020
NPL,m,18-59,17,2020
NPL,m,60+,0,2020
NRU,f,0-4,0,2020
NRU,f,5-11,0,2020
NRU,f,12-17,0,2020
NRU,f,18-59,5,2020
NRU,f,60+,0,2020
NRU,m,0-4,0,2020
NRU,m,5-11,0,2020
NRU,m,12-17,0,2020
NRU,m,18-59,24,2020
NRU,m,60+,0,2020
NZL,f,0-4,0,2020
NZL,f,5-11,0,2020
NZL,f,12-17,0,2020
NZL,f,18-59,0,2020
NZL,f,60+,0,2020
NZL,m,0-4,0,2020
NZL,m,5-11,0,2020
NZL,m,12-17,0,2020
NZL,m,18-59,0,2020
NZL,m,60+,0,2020
NZL,f,0-4,0,2020
NZL,f,5-11,0,2020
NZL,f,12-17,0,2020
NZL,f,18-59,0,2020
NZL,f,60+,0,2020
NZL,m,0-4,0,2020
NZL,m,5-11,0,2020
NZL,m,12-17,0,2020
NZL,m,18-59,0,2020
NZL,m,60+,0,2020
PAK,f,0-4,512,2020
PAK,f,5-11,1177,2020
PAK,f,12-17,760,2020
PAK,f,18-59,2410,2020
PAK,f,60+,122,2020
PAK,m,0-4,517,2020
PAK,m,5-11,1226,2020
PAK,m,12-17,890,2020
PAK,m,18-59,1940,2020
PAK,m,60+,114,2020
PAK,f,0-4,0,2020
PAK,f,5-11,0,2020
PAK,f,12-17,8,2020
PAK,f,18-59,0,2020
PAK,f,60+,0,2020
PAK,m,0-4,0,2020
PAK,m,5-11,0,2020
PAK,m,12-17,0,2020
PAK,m,18-59,0,2020
PAK,m,60+,0,2020
PAK,f,0-4,49878,2020
PAK,f,5-11,147686,2020
PAK,f,12-17,110534,2020
PAK,f,18-59,332525,2020
PAK,f,60+,26595,2020
PAK,m,0-4,53559,2020
PAK,m,5-11,156817,2020
PAK,m,12-17,117680,2020
PAK,m,18-59,397836,2020
PAK,m,60+,45322,2020
PAN,f,0-4,0,2020
PAN,f,5-11,0,2020
PAN,f,12-17,0,2020
PAN,f,18-59,0,2020
PAN,f,60+,0,2020
PAN,m,0-4,0,2020
PAN,m,5-11,0,2020
PAN,m,12-17,0,2020
PAN,m,18-59,0,2020
PAN,m,60+,0,2020
PAN,f,0-4,0,2020
PAN,f,5-11,0,2020
PAN,f,12-17,0,2020
PAN,f,18-59,0,2020
PAN,f,60+,0,2020
PAN,m,0-4,0,2020
PAN,m,5-11,0,2020
PAN,m,12-17,0,2020
PAN,m,18-59,0,2020
PAN,m,60+,0,2020
PER,f,0-4,0,2020
PER,f,5-11,0,2020
PER,f,12-17,0,2020
PER,f,18-59,0,2020
PER,f,60+,0,2020
PER,m,0-4,0,2020
PER,m,5-11,0,2020
PER,m,12-17,0,2020
PER,m,18-59,0,2020
PER,m,60+,0,2020
PHL,f,0-4,0,2020
PHL,f,5-11,0,2020
PHL,f,12-17,0,2020
PHL,f,18-59,0,2020
PHL,f,60+,0,2020
PHL,m,0-4,0,2020
PHL,m,5-11,0,2020
PHL,m,12-17,0,2020
PHL,m,18-59,9,2020
PHL,m,60+,0,2020
PNG,f,0-4,0,2020
PNG,f,5-11,0,2020
PNG,f,12-17,0,2020
PNG,f,18-59,0,2020
PNG,f,60+,0,2020
PNG,m,0-4,0,2020
PNG,m,5-11,0,2020
PNG,m,12-17,0,2020
PNG,m,18-59,35,2020
PNG,m,60+,0,2020
POL,f,0-4,0,2020
POL,f,5-11,0,2020
POL,f,12-17,0,2020
POL,f,18-59,0,2020
POL,f,60+,0,2020
POL,m,0-4,0,2020
POL,m,5-11,0,2020
POL,m,12-17,0,2020
POL,m,18-59,0,2020
POL,m,60+,0,2020
POL,f,0-4,0,2020
POL,f,5-11,0,2020
POL,f,12-17,0,2020
POL,f,18-59,0,2020
POL,f,60+,0,2020
POL,m,0-4,0,2020
POL,m,5-11,0,2020
POL,m,12-17,0,2020
POL,m,18-59,0,2020
POL,m,60+,0,2020
PRT,f,0-4,0,2020
PRT,f,5-11,0,2020
PRT,f,12-17,0,2020
PRT,f,18-59,0,2020
PRT,f,60+,0,2020
PRT,m,0-4,0,2020
PRT,m,5-11,0,2020
PRT,m,12-17,0,2020
PRT,m,18-59,0,2020
PRT,m,60+,0,2020
PRT,f,0-4,0,2020
PRT,f,5-11,0,2020
PRT,f,12-17,0,2020
PRT,f,18-59,0,2020
PRT,f,60+,0,2020
PRT,m,0-4,0,2020
PRT,m,5-11,0,2020
PRT,m,12-17,0,2020
PRT,m,18-59,0,2020
PRT,m,60+,0,2020
ROU,f,0-4,0,2020
ROU,f,5-11,0,2020
ROU,f,12-17,0,2020
ROU,f,18-59,0,2020
ROU,f,60+,0,2020
ROU,m,0-4,0,2020
ROU,m,5-11,0,2020
ROU,m,12-17,0,2020
ROU,m,18-59,0,2020
ROU,m,60+,0,2020
ROU,f,0-4,7,2020
ROU,f,5-11,0,2020
ROU,f,12-17,5,2020
ROU,f,18-59,18,2020
ROU,f,60+,0,2020
ROU,m,0-4,5,2020
ROU,m,5-11,8,2020
ROU,m,12-17,16,2020
ROU,m,18-59,111,2020
ROU,m,60+,0,2020
RUS,f,0-4,0,2020
RUS,f,5-11,0,2020
RUS,f,12-17,0,2020
RUS,f,18-59,0,2020
RUS,f,60+,0,2020
RUS,m,0-4,0,2020
RUS,m,5-11,0,2020
RUS,m,12-17,0,2020
RUS,m,18-59,0,2020
RUS,m,60+,0,2020
RUS,f,0-4,0,2020
RUS,f,5-11,0,2020
RUS,f,12-17,0,2020
RUS,f,18-59,0,2020
RUS,f,60+,0,2020
RUS,m,0-4,0,2020
RUS,m,5-11,0,2020
RUS,m,12-17,0,2020
RUS,m,18-59,0,2020
RUS,m,60+,0,2020
SAU,f,0-4,0,2020
SAU,f,5-11,0,2020
SAU,f,12-17,0,2020
SAU,f,18-59,0,2020
SAU,f,60+,0,2020
SAU,m,0-4,0,2020
SAU,m,5-11,0,2020
SAU,m,12-17,0,2020
SAU,m,18-59,0,2020
SAU,m,60+,0,2020
SDN,f,0-4,0,2020
SDN,f,5-11,5,2020
SDN,f,12-17,0,2020
SDN,f,18-59,0,2020
SDN,f,60+,0,2020
SDN,m,0-4,0,2020
SDN,m,5-11,0,2020
SDN,m,12-17,0,2020
SDN,m,18-59,0,2020
SDN,m,60+,0,2020
SRB,f,0-4,0,2020
SRB,f,5-11,0,2020
SRB,f,12-17,0,2020
SRB,f,18-59,0,2020
SRB,f,60+,0,2020
SRB,m,0-4,0,2020
SRB,m,5-11,0,2020
SRB,m,12-17,0,2020
SRB,m,18-59,5,2020
SRB,m,60+,0,2020
SRB,f,0-4,0,2020
SRB,f,5-11,0,2020
SRB,f,12-17,0,2020
SRB,f,18-59,0,2020
SRB,f,60+,0,2020
SRB,m,0-4,0,2020
SRB,m,5-11,0,2020
SRB,m,12-17,0,2020
SRB,m,18-59,0,2020
SRB,m,60+,0,2020
SRB,f,0-4,0,2020
SRB,f,5-11,0,2020
SRB,f,12-17,0,2020
SRB,f,18-59,0,2020
SRB,f,60+,0,2020
SRB,m,0-4,0,2020
SRB,m,5-11,0,2020
SRB,m,12-17,0,2020
SRB,m,18-59,0,2020
SRB,m,60+,0,2020
SVK,f,0-4,0,2020
SVK,f,5-11,0,2020
SVK,f,12-17,0,2020
SVK,f,18-59,0,2020
SVK,f,60+,0,2020
SVK,m,0-4,0,2020
SVK,m,5-11,0,2020
SVK,m,12-17,0,2020
SVK,m,18-59,0,2020
SVK,m,60+,0,2020
SVN,f,0-4,0,2020
SVN,f,5-11,0,2020
SVN,f,12-17,0,2020
SVN,f,18-59,0,2020
SVN,f,60+,0,2020
SVN,m,0-4,0,2020
SVN,m,5-11,0,2020
SVN,m,12-17,0,2020
SVN,m,18-59,0,2020
SVN,m,60+,0,2020
SVN,f,0-4,0,2020
SVN,f,5-11,0,2020
SVN,f,12-17,0,2020
SVN,f,18-59,0,2020
SVN,f,60+,0,2020
SVN,m,0-4,0,2020
SVN,m,5-11,0,2020
SVN,m,12-17,0,2020
SVN,m,18-59,0,2020
SVN,m,60+,0,2020
SWE,f,0-4,0,2020
SWE,f,5-11,0,2020
SWE,f,12-17,0,2020
SWE,f,18-59,0,2020
SWE,f,60+,0,2020
SWE,m,0-4,0,2020
SWE,m,5-11,0,2020
SWE,m,12-17,0,2020
SWE,m,18-59,0,2020
SWE,m,60+,0,2020
SWE,f,0-4,0,2020
SWE,f,5-11,0,2020
SWE,f,12-17,0,2020
SWE,f,18-59,0,2020
SWE,f,60+,0,2020
SWE,m,0-4,0,2020
SWE,m,5-11,0,2020
SWE,m,12-17,0,2020
SWE,m,18-59,0,2020
SWE,m,60+,0,2020
SYR,f,0-4,0,2020
SYR,f,5-11,14,2020
SYR,f,12-17,0,2020
SYR,f,18-59,8,2020
SYR,f,60+,0,2020
SYR,m,0-4,9,2020
SYR,m,5-11,0,2020
SYR,m,12-17,0,2020
SYR,m,18-59,9,2020
SYR,m,60+,0,2020
SYR,f,0-4,41,2020
SYR,f,5-11,63,2020
SYR,f,12-17,69,2020
SYR,f,18-59,337,2020
SYR,f,60+,21,2020
SYR,m,0-4,53,2020
SYR,m,5-11,67,2020
SYR,m,12-17,86,2020
SYR,m,18-59,319,2020
SYR,m,60+,51,2020
THA,f,0-4,0,2020
THA,f,5-11,0,2020
THA,f,12-17,0,2020
THA,f,18-59,7,2020
THA,f,60+,0,2020
THA,m,0-4,0,2020
THA,m,5-11,0,2020
THA,m,12-17,5,2020
THA,m,18-59,6,2020
THA,m,60+,0,2020
THA,f,0-4,12,2020
THA,f,5-11,11,2020
THA,f,12-17,11,2020
THA,f,18-59,33,2020
THA,f,60+,0,2020
THA,m,0-4,9,2020
THA,m,5-11,8,2020
THA,m,12-17,12,2020
THA,m,18-59,64,2020
THA,m,60+,0,2020
TJK,f,0-4,0,2020
TJK,f,5-11,0,2020
TJK,f,12-17,0,2020
TJK,f,18-59,0,2020
TJK,f,60+,0,2020
TJK,m,0-4,0,2020
TJK,m,5-11,0,2020
TJK,m,12-17,0,2020
TJK,m,18-59,0,2020
TJK,m,60+,0,2020
TJK,f,0-4,0,2020
TJK,f,5-11,0,2020
TJK,f,12-17,0,2020
TJK,f,18-59,0,2020
TJK,f,60+,0,2020
TJK,m,0-4,0,2020
TJK,m,5-11,0,2020
TJK,m,12-17,0,2020
TJK,m,18-59,0,2020
TJK,m,60+,0,2020
TKM,f,0-4,0,2020
TKM,f,5-11,0,2020
TKM,f,12-17,0,2020
TKM,f,18-59,7,2020
TKM,f,60+,0,2020
TKM,m,0-4,0,2020
TKM,m,5-11,0,2020
TKM,m,12-17,0,2020
TKM,m,18-59,7,2020
TKM,m,60+,0,2020
TUR,f,0-4,7816,2020
TUR,f,5-11,9860,2020
TUR,f,12-17,6106,2020
TUR,f,18-59,24170,2020
TUR,f,60+,1099,2020
TUR,m,0-4,8300,2020
TUR,m,5-11,11147,2020
TUR,m,12-17,8402,2020
TUR,m,18-59,46908,2020
TUR,m,60+,1296,2020
TUR,f,0-4,0,2020
TUR,f,5-11,0,2020
TUR,f,12-17,0,2020
TUR,f,18-59,0,2020
TUR,f,60+,0,2020
TUR,m,0-4,0,2020
TUR,m,5-11,0,2020
TUR,m,12-17,0,2020
TUR,m,18-59,0,2020
TUR,m,60+,0,2020
UKR,f,0-4,21,2020
UKR,f,5-11,37,2020
UKR,f,12-17,27,2020
UKR,f,18-59,144,2020
UKR,f,60+,8,2020
UKR,m,0-4,28,2020
UKR,m,5-11,34,2020
UKR,m,12-17,33,2020
UKR,m,18-59,331,2020
UKR,m,60+,10,2020
UKR,f,0-4,0,2020
UKR,f,5-11,0,2020
UKR,f,12-17,0,2020
UKR,f,18-59,0,2020
UKR,f,60+,0,2020
UKR,m,0-4,0,2020
UKR,m,5-11,0,2020
UKR,m,12-17,0,2020
UKR,m,18-59,0,2020
UKR,m,60+,0,2020
URY,f,0-4,0,2020
URY,f,5-11,0,2020
URY,f,12-17,0,2020
URY,f,18-59,0,2020
URY,f,60+,0,2020
URY,m,0-4,0,2020
URY,m,5-11,0,2020
URY,m,12-17,0,2020
URY,m,18-59,7,2020
URY,m,60+,0,2020
USA,f,0-4,0,2020
USA,f,5-11,0,2020
USA,f,12-17,0,2020
USA,f,18-59,0,2020
USA,f,60+,0,2020
USA,m,0-4,0,2020
USA,m,5-11,0,2020
USA,m,12-17,0,2020
USA,m,18-59,0,2020
USA,m,60+,0,2020
USA,f,0-4,0,2020
USA,f,5-11,0,2020
USA,f,12-17,0,2020
USA,f,18-59,0,2020
USA,f,60+,0,2020
USA,m,0-4,0,2020
USA,m,5-11,0,2020
USA,m,12-17,0,2020
USA,m,18-59,0,2020
USA,m,60+,0,2020
UZB,f,0-4,0,2020
UZB,f,5-11,0,2020
UZB,f,12-17,0,2020
UZB,f,18-59,6,2020
UZB,f,60+,0,2020
UZB,m,0-4,0,2020
UZB,m,5-11,0,2020
UZB,m,12-17,0,2020
UZB,m,18-59,7,2020
UZB,m,60+,0,2020
VEN,f,0-4,0,2020
VEN,f,5-11,5,2020
VEN,f,12-17,0,2020
VEN,f,18-59,0,2020
VEN,f,60+,0,2020
VEN,m,0-4,0,2020
VEN,m,5-11,0,2020
VEN,m,12-17,0,2020
VEN,m,18-59,5,2020
VEN,m,60+,0,2020
ZAF,f,0-4,0,2020
ZAF,f,5-11,0,2020
ZAF,f,12-17,9,2020
ZAF,f,18-59,0,2020
ZAF,f,60+,0,2020
ZAF,m,0-4,0,2020
ZAF,m,5-11,5,2020
ZAF,m,12-17,0,2020
ZAF,m,18-59,6,2020
ZAF,m,60+,0,2020
ZAF,f,0-4,0,2020
ZAF,f,5-11,0,2020
ZAF,f,12-17,0,2020
ZAF,f,18-59,0,2020
ZAF,f,60+,0,2020
ZAF,m,0-4,0,2020
ZAF,m,5-11,0,2020
ZAF,m,12-17,0,2020
ZAF,m,18-59,5,2020
ZAF,m,60+,0,2020
AFG,f,0-4,49249,2021
AFG,f,5-11,50819,2021
AFG,f,12-17,40469,2021
AFG,f,18-59,92787,2021
AFG,f,60+,10082,2021
AFG,m,0-4,49176,2021
AFG,m,5-11,51752,2021
AFG,m,12-17,43798,2021
AFG,m,18-59,94864,2021
AFG,m,60+,11714,2021
AFG,f,0-4,8903,2021
AFG,f,5-11,8927,2021
AFG,f,12-17,5937,2021
AFG,f,18-59,19314,2021
AFG,f,60+,594,2021
AFG,m,0-4,8974,2021
AFG,m,5-11,5108,2021
AFG,m,12-17,4867,2021
AFG,m,18-59,18278,2021
AFG,m,60+,1840,2021
ALB,f,0-4,0,2021
ALB,f,5-11,8,2021
ALB,f,12-17,0,2021
ALB,f,18-59,0,2021
ALB,f,60+,0,2021
ALB,m,0-4,0,2021
ALB,m,5-11,0,2021
ALB,m,12-17,0,2021
ALB,m,18-59,0,2021
ALB,m,60+,0,2021
ALB,f,0-4,0,2021
ALB,f,5-11,5,2021
ALB,f,12-17,0,2021
ALB,f,18-59,0,2021
ALB,f,60+,0,2021
ALB,m,0-4,0,2021
ALB,m,5-11,0,2021
ALB,m,12-17,0,2021
ALB,m,18-59,0,2021
ALB,m,60+,0,2021
ARE,f,0-4,0,2021
ARE,f,5-11,7,2021
ARE,f,12-17,0,2021
ARE,f,18-59,9,2021
ARE,f,60+,0,2021
ARE,m,0-4,0,2021
ARE,m,5-11,0,2021
ARE,m,12-17,0,2021
ARE,m,18-59,9,2021
ARE,m,60+,5,2021
ARE,f,0-4,0,2021
ARE,f,5-11,0,2021
ARE,f,12-17,5,2021
ARE,f,18-59,0,2021
ARE,f,60+,0,2021
ARE,m,0-4,0,2021
ARE,m,5-11,0,2021
ARE,m,12-17,0,2021
ARE,m,18-59,0,2021
ARE,m,60+,0,2021
ARG,f,0-4,0,2021
ARG,f,5-11,0,2021
ARG,f,12-17,0,2021
ARG,f,18-59,5,2021
ARG,f,60+,0,2021
ARG,m,0-4,0,2021
ARG,m,5-11,0,2021
ARG,m,12-17,0,2021
ARG,m,18-59,7,2021
ARG,m,60+,0,2021
ARM,f,0-4,0,2021
ARM,f,5-11,0,2021
ARM,f,12-17,0,2021
ARM,f,18-59,0,2021
ARM,f,60+,0,2021
ARM,m,0-4,0,2021
ARM,m,5-11,0,2021
ARM,m,12-17,0,2021
ARM,m,18-59,5,2021
ARM,m,60+,0,2021
AUS,f,0-4,0,2021
AUS,f,5-11,0,2021
AUS,f,12-17,0,2021
AUS,f,18-59,0,2021
AUS,f,60+,0,2021
AUS,m,0-4,0,2021
AUS,m,5-11,0,2021
AUS,m,12-17,0,2021
AUS,m,18-59,0,2021
AUS,m,60+,0,2021
AUS,f,0-4,0,2021
AUS,f,5-11,0,2021
AUS,f,12-17,0,2021
AUS,f,18-59,0,2021
AUS,f,60+,0,2021
AUS,m,0-4,0,2021
AUS,m,5-11,0,2021
AUS,m,12-17,0,2021
AUS,m,18-59,0,2021
AUS,m,60+,0,2021
AUS,f,0-4,0,2021
AUS,f,5-11,0,2021
AUS,f,12-17,0,2021
AUS,f,18-59,0,2021
AUS,f,60+,0,2021
AUS,m,0-4,0,2021
AUS,m,5-11,0,2021
AUS,m,12-17,0,2021
AUS,m,18-59,0,2021
AUS,m,60+,0,2021
AUT,f,0-4,0,2021
AUT,f,5-11,0,2021
AUT,f,12-17,0,2021
AUT,f,18-59,0,2021
AUT,f,60+,0,2021
AUT,m,0-4,0,2021
AUT,m,5-11,0,2021
AUT,m,12-17,0,2021
AUT,m,18-59,0,2021
AUT,m,60+,0,2021
AUT,f,0-4,0,2021
AUT,f,5-11,0,2021
AUT,f,12-17,0,2021
AUT,f,18-59,0,2021
AUT,f,60+,0,2021
AUT,m,0-4,0,2021
AUT,m,5-11,0,2021
AUT,m,12-17,0,2021
AUT,m,18-59,0,2021
AUT,m,60+,0,2021
AZE,f,0-4,0,2021
AZE,f,5-11,0,2021
AZE,f,12-17,5,2021
AZE,f,18-59,7,2021
AZE,f,60+,0,2021
AZE,m,0-4,0,2021
AZE,m,5-11,0,2021
AZE,m,12-17,5,2021
AZE,m,18-59,9,2021
AZE,m,60+,0,2021
AZE,f,0-4,55,2021
AZE,f,5-11,65,2021
AZE,f,12-17,48,2021
AZE,f,18-59,290,2021
AZE,f,60+,8,2021
AZE,m,0-4,48,2021
AZE,m,5-11,85,2021
AZE,m,12-17,67,2021
AZE,m,18-59,497,2021
AZE,m,60+,26,2021
BEL,f,0-4,0,2021
BEL,f,5-11,0,2021
BEL,f,12-17,0,2021
BEL,f,18-59,0,2021
BEL,f,60+,0,2021
BEL,m,0-4,0,2021
BEL,m,5-11,0,2021
BEL,m,12-17,0,2021
BEL,m,18-59,0,2021
BEL,m,60+,0,2021
BEL,f,0-4,0,2021
BEL,f,5-11,0,2021
BEL,f,12-17,0,2021
BEL,f,18-59,0,2021
BEL,f,60+,0,2021
BEL,m,0-4,0,2021
BEL,m,5-11,0,2021
BEL,m,12-17,0,2021
BEL,m,18-59,0,2021
BEL,m,60+,0,2021
BGD,f,0-4,0,2021
BGD,f,5-11,0,2021
BGD,f,12-17,0,2021
BGD,f,18-59,5,2021
BGD,f,60+,0,2021
BGD,m,0-4,0,2021
BGD,m,5-11,0,2021
BGD,m,12-17,0,2021
BGD,m,18-59,0,2021
BGD,m,60+,0,2021
BGR,f,0-4,0,2021
BGR,f,5-11,0,2021
BGR,f,12-17,0,2021
BGR,f,18-59,0,2021
BGR,f,60+,0,2021
BGR,m,0-4,0,2021
BGR,m,5-11,0,2021
BGR,m,12-17,0,2021
BGR,m,18-59,0,2021
BGR,m,60+,0,2021
BGR,f,0-4,0,2021
BGR,f,5-11,0,2021
BGR,f,12-17,0,2021
BGR,f,18-59,0,2021
BGR,f,60+,0,2021
BGR,m,0-4,0,2021
BGR,m,5-11,0,2021
BGR,m,12-17,0,2021
BGR,m,18-59,0,2021
BGR,m,60+,0,2021
BIH,f,0-4,0,2021
BIH,f,5-11,0,2021
BIH,f,12-17,0,2021
BIH,f,18-59,5,2021
BIH,f,60+,0,2021
BIH,m,0-4,0,2021
BIH,m,5-11,0,2021
BIH,m,12-17,5,2021
BIH,m,18-59,15,2021
BIH,m,60+,0,2021
BIH,f,0-4,0,2021
BIH,f,5-11,0,2021
BIH,f,12-17,0,2021
BIH,f,18-59,0,2021
BIH,f,60+,0,2021
BIH,m,0-4,0,2021
BIH,m,5-11,0,2021
BIH,m,12-17,0,2021
BIH,m,18-59,0,2021
BIH,m,60+,0,2021
BLR,f,0-4,0,2021
BLR,f,5-11,0,2021
BLR,f,12-17,0,2021
BLR,f,18-59,0,2021
BLR,f,60+,0,2021
BLR,m,0-4,0,2021
BLR,m,5-11,0,2021
BLR,m,12-17,0,2021
BLR,m,18-59,14,2021
BLR,m,60+,0,2021
BLR,f,0-4,0,2021
BLR,f,5-11,5,2021
BLR,f,12-17,8,2021
BLR,f,18-59,24,2021
BLR,f,60+,5,2021
BLR,m,0-4,5,2021
BLR,m,5-11,13,2021
BLR,m,12-17,12,2021
BLR,m,18-59,47,2021
BLR,m,60+,8,2021
BRA,f,0-4,0,2021
BRA,f,5-11,0,2021
BRA,f,12-17,0,2021
BRA,f,18-59,0,2021
BRA,f,60+,0,2021
BRA,m,0-4,0,2021
BRA,m,5-11,0,2021
BRA,m,12-17,0,2021
BRA,m,18-59,0,2021
BRA,m,60+,0,2021
BRA,f,0-4,0,2021
BRA,f,5-11,0,2021
BRA,f,12-17,0,2021
BRA,f,18-59,0,2021
BRA,f,60+,0,2021
BRA,m,0-4,0,2021
BRA,m,5-11,0,2021
BRA,m,12-17,0,2021
BRA,m,18-59,0,2021
BRA,m,60+,0,2021
CAN,f,0-4,17,2021
CAN,f,5-11,32,2021
CAN,f,12-17,16,2021
CAN,f,18-59,84,2021
CAN,f,60+,12,2021
CAN,m,0-4,14,2021
CAN,m,5-11,27,2021
CAN,m,12-17,19,2021
CAN,m,18-59,156,2021
CAN,m,60+,17,2021
CAN,f,0-4,8,2021
CAN,f,5-11,33,2021
CAN,f,12-17,12,2021
CAN,f,18-59,121,2021
CAN,f,60+,26,2021
CAN,m,0-4,15,2021
CAN,m,5-11,18,2021
CAN,m,12-17,10,2021
CAN,m,18-59,277,2021
CAN,m,60+,18,2021
CHE,f,0-4,61,2021
CHE,f,5-11,67,2021
CHE,f,12-17,48,2021
CHE,f,18-59,253,2021
CHE,f,60+,5,2021
CHE,m,0-4,64,2021
CHE,m,5-11,94,2021
CHE,m,12-17,268,2021
CHE,m,18-59,633,2021
CHE,m,60+,7,2021
CHE,f,0-4,279,2021
CHE,f,5-11,566,2021
CHE,f,12-17,425,2021
CHE,f,18-59,1739,2021
CHE,f,60+,131,2021
CHE,m,0-4,287,2021
CHE,m,5-11,640,2021
CHE,m,12-17,1136,2021
CHE,m,18-59,6139,2021
CHE,m,60+,122,2021
CHL,f,0-4,0,2021
CHL,f,5-11,5,2021
CHL,f,12-17,5,2021
CHL,f,18-59,35,2021
CHL,f,60+,0,2021
CHL,m,0-4,0,2021
CHL,m,5-11,9,2021
CHL,m,12-17,0,2021
CHL,m,18-59,33,2021
CHL,m,60+,0,2021
CHL,f,0-4,0,2021
CHL,f,5-11,0,2021
CHL,f,12-17,0,2021
CHL,f,18-59,8,2021
CHL,f,60+,0,2021
CHL,m,0-4,0,2021
CHL,m,5-11,0,2021
CHL,m,12-17,5,2021
CHL,m,18-59,0,2021
CHL,m,60+,0,2021
CHN,f,0-4,0,2021
CHN,f,5-11,0,2021
CHN,f,12-17,0,2021
CHN,f,18-59,7,2021
CHN,f,60+,0,2021
CHN,m,0-4,0,2021
CHN,m,5-11,0,2021
CHN,m,12-17,0,2021
CHN,m,18-59,15,2021
CHN,m,60+,0,2021
CHN,f,0-4,0,2021
CHN,f,5-11,18,2021
CHN,f,12-17,0,2021
CHN,f,18-59,5,2021
CHN,f,60+,0,2021
CHN,m,0-4,0,2021
CHN,m,5-11,7,2021
CHN,m,12-17,0,2021
CHN,m,18-59,0,2021
CHN,m,60+,0,2021
COL,f,0-4,0,2021
COL,f,5-11,0,2021
COL,f,12-17,0,2021
COL,f,18-59,0,2021
COL,f,60+,0,2021
COL,m,0-4,0,2021
COL,m,5-11,0,2021
COL,m,12-17,0,2021
COL,m,18-59,9,2021
COL,m,60+,0,2021
CUB,f,0-4,0,2021
CUB,f,5-11,0,2021
CUB,f,12-17,0,2021
CUB,f,18-59,5,2021
CUB,f,60+,0,2021
CUB,m,0-4,0,2021
CUB,m,5-11,0,2021
CUB,m,12-17,0,2021
CUB,m,18-59,12,2021
CUB,m,60+,0,2021
CYP,f,0-4,0,2021
CYP,f,5-11,0,2021
CYP,f,12-17,0,2021
CYP,f,18-59,0,2021
CYP,f,60+,0,2021
CYP,m,0-4,0,2021
CYP,m,5-11,0,2021
CYP,m,12-17,0,2021
CYP,m,18-59,0,2021
CYP,m,60+,0,2021
CYP,f,0-4,0,2021
CYP,f,5-11,0,2021
CYP,f,12-17,0,2021
CYP,f,18-59,0,2021
CYP,f,60+,0,2021
CYP,m,0-4,0,2021
CYP,m,5-11,0,2021
CYP,m,12-17,0,2021
CYP,m,18-59,0,2021
CYP,m,60+,0,2021
CZE,f,0-4,0,2021
CZE,f,5-11,0,2021
CZE,f,12-17,0,2021
CZE,f,18-59,0,2021
CZE,f,60+,0,2021
CZE,m,0-4,0,2021
CZE,m,5-11,0,2021
CZE,m,12-17,0,2021
CZE,m,18-59,0,2021
CZE,m,60+,0,2021
CZE,f,0-4,0,2021
CZE,f,5-11,0,2021
CZE,f,12-17,0,2021
CZE,f,18-59,14,2021
CZE,f,60+,0,2021
CZE,m,0-4,0,2021
CZE,m,5-11,0,2021
CZE,m,12-17,0,2021
CZE,m,18-59,0,2021
CZE,m,60+,0,2021
DEU,f,0-4,1817,2021
DEU,f,5-11,2235,2021
DEU,f,12-17,1516,2021
DEU,f,18-59,6730,2021
DEU,f,60+,314,2021
DEU,m,0-4,2026,2021
DEU,m,5-11,2643,2021
DEU,m,12-17,3068,2021
DEU,m,18-59,23263,2021
DEU,m,60+,352,2021
DEU,f,0-4,4816,2021
DEU,f,5-11,12524,2021
DEU,f,12-17,8493,2021
DEU,f,18-59,35743,2021
DEU,f,60+,4068,2021
DEU,m,0-4,5240,2021
DEU,m,5-11,13518,2021
DEU,m,12-17,10409,2021
DEU,m,18-59,60222,2021
DEU,m,60+,3535,2021
DNK,f,0-4,0,2021
DNK,f,5-11,0,2021
DNK,f,12-17,0,2021
DNK,f,18-59,0,2021
DNK,f,60+,0,2021
DNK,m,0-4,0,2021
DNK,m,5-11,0,2021
DNK,m,12-17,0,2021
DNK,m,18-59,0,2021
DNK,m,60+,0,2021
DNK,f,0-4,0,2021
DNK,f,5-11,0,2021
DNK,f,12-17,0,2021
DNK,f,18-59,0,2021
DNK,f,60+,0,2021
DNK,m,0-4,0,2021
DNK,m,5-11,0,2021
DNK,m,12-17,0,2021
DNK,m,18-59,0,2021
DNK,m,60+,0,2021
DOM,f,0-4,0,2021
DOM,f,5-11,0,2021
DOM,f,12-17,0,2021
DOM,f,18-59,0,2021
DOM,f,60+,0,2021
DOM,m,0-4,0,2021
DOM,m,5-11,0,2021
DOM,m,12-17,0,2021
DOM,m,18-59,0,2021
DOM,m,60+,0,2021
ECU,f,0-4,0,2021
ECU,f,5-11,5,2021
ECU,f,12-17,5,2021
ECU,f,18-59,52,2021
ECU,f,60+,8,2021
ECU,m,0-4,0,2021
ECU,m,5-11,5,2021
ECU,m,12-17,9,2021
ECU,m,18-59,55,2021
ECU,m,60+,8,2021
EGY,f,0-4,5,2021
EGY,f,5-11,9,2021
EGY,f,12-17,0,2021
EGY,f,18-59,10,2021
EGY,f,60+,0,2021
EGY,m,0-4,0,2021
EGY,m,5-11,7,2021
EGY,m,12-17,0,2021
EGY,m,18-59,18,2021
EGY,m,60+,0,2021
EGY,f,0-4,0,2021
EGY,f,5-11,7,2021
EGY,f,12-17,0,2021
EGY,f,18-59,10,2021
EGY,f,60+,0,2021
EGY,m,0-4,0,2021
EGY,m,5-11,0,2021
EGY,m,12-17,17,2021
EGY,m,18-59,9,2021
EGY,m,60+,0,2021
ESP,f,0-4,0,2021
ESP,f,5-11,0,2021
ESP,f,12-17,0,2021
ESP,f,18-59,0,2021
ESP,f,60+,0,2021
ESP,m,0-4,0,2021
ESP,m,5-11,0,2021
ESP,m,12-17,0,2021
ESP,m,18-59,0,2021
ESP,m,60+,0,2021
ESP,f,0-4,0,2021
ESP,f,5-11,0,2021
ESP,f,12-17,0,2021
ESP,f,18-59,0,2021
ESP,f,60+,0,2021
ESP,m,0-4,0,2021
ESP,m,5-11,0,2021
ESP,m,12-17,0,2021
ESP,m,18-59,0,2021
ESP,m,60+,0,2021
EST,f,0-4,0,2021
EST,f,5-11,0,2021
EST,f,12-17,0,2021
EST,f,18-59,0,2021
EST,f,60+,0,2021
EST,m,0-4,0,2021
EST,m,5-11,0,2021
EST,m,12-17,0,2021
EST,m,18-59,0,2021
EST,m,60+,0,2021
EST,f,0-4,0,2021
EST,f,5-11,0,2021
EST,f,12-17,0,2021
EST,f,18-59,0,2021
EST,f,60+,0,2021
EST,m,0-4,0,2021
EST,m,5-11,0,2021
EST,m,12-17,0,2021
EST,m,18-59,0,2021
EST,m,60+,0,2021
FIN,f,0-4,0,2021
FIN,f,5-11,0,2021
FIN,f,12-17,0,2021
FIN,f,18-59,0,2021
FIN,f,60+,0,2021
FIN,m,0-4,0,2021
FIN,m,5-11,0,2021
FIN,m,12-17,0,2021
FIN,m,18-59,0,2021
FIN,m,60+,0,2021
FIN,f,0-4,0,2021
FIN,f,5-11,0,2021
FIN,f,12-17,0,2021
FIN,f,18-59,0,2021
FIN,f,60+,0,2021
FIN,m,0-4,0,2021
FIN,m,5-11,0,2021
FIN,m,12-17,0,2021
FIN,m,18-59,0,2021
FIN,m,60+,0,2021
FJI,f,0-4,0,2021
FJI,f,5-11,0,2021
FJI,f,12-17,0,2021
FJI,f,18-59,8,2021
FJI,f,60+,0,2021
FJI,m,0-4,0,2021
FJI,m,5-11,0,2021
FJI,m,12-17,0,2021
FJI,m,18-59,0,2021
FJI,m,60+,0,2021
FRA,f,0-4,0,2021
FRA,f,5-11,0,2021
FRA,f,12-17,0,2021
FRA,f,18-59,0,2021
FRA,f,60+,0,2021
FRA,m,0-4,0,2021
FRA,m,5-11,0,2021
FRA,m,12-17,0,2021
FRA,m,18-59,0,2021
FRA,m,60+,0,2021
FRA,f,0-4,0,2021
FRA,f,5-11,0,2021
FRA,f,12-17,0,2021
FRA,f,18-59,0,2021
FRA,f,60+,0,2021
FRA,m,0-4,0,2021
FRA,m,5-11,0,2021
FRA,m,12-17,0,2021
FRA,m,18-59,0,2021
FRA,m,60+,0,2021
GBR,f,0-4,0,2021
GBR,f,5-11,0,2021
GBR,f,12-17,0,2021
GBR,f,18-59,0,2021
GBR,f,60+,0,2021
GBR,m,0-4,0,2021
GBR,m,5-11,0,2021
GBR,m,12-17,0,2021
GBR,m,18-59,0,2021
GBR,m,60+,0,2021
GBR,f,0-4,0,2021
GBR,f,5-11,0,2021
GBR,f,12-17,0,2021
GBR,f,18-59,0,2021
GBR,f,60+,0,2021
GBR,m,0-4,0,2021
GBR,m,5-11,0,2021
GBR,m,12-17,0,2021
GBR,m,18-59,0,2021
GBR,m,60+,0,2021
GEO,f,0-4,0,2021
GEO,f,5-11,0,2021
GEO,f,12-17,6,2021
GEO,f,18-59,11,2021
GEO,f,60+,0,2021
GEO,m,0-4,0,2021
GEO,m,5-11,0,2021
GEO,m,12-17,9,2021
GEO,m,18-59,23,2021
GEO,m,60+,0,2021
GEO,f,0-4,0,2021
GEO,f,5-11,0,2021
GEO,f,12-17,5,2021
GEO,f,18-59,9,2021
GEO,f,60+,0,2021
GEO,m,0-4,0,2021
GEO,m,5-11,0,2021
GEO,m,12-17,0,2021
GEO,m,18-59,6,2021
GEO,m,60+,0,2021
GRC,f,0-4,0,2021
GRC,f,5-11,0,2021
GRC,f,12-17,0,2021
GRC,f,18-59,0,2021
GRC,f,60+,0,2021
GRC,m,0-4,0,2021
GRC,m,5-11,0,2021
GRC,m,12-17,0,2021
GRC,m,18-59,0,2021
GRC,m,60+,0,2021
GRC,f,0-4,0,2021
GRC,f,5-11,0,2021
GRC,f,12-17,0,2021
GRC,f,18-59,0,2021
GRC,f,60+,0,2021
GRC,m,0-4,0,2021
GRC,m,5-11,0,2021
GRC,m,12-17,0,2021
GRC,m,18-59,0,2021
GRC,m,60+,0,2021
HKG,f,0-4,0,2021
HKG,f,5-11,0,2021
HKG,f,12-17,0,2021
HKG,f,18-59,0,2021
HKG,f,60+,0,2021
HKG,m,0-4,6,2021
HKG,m,5-11,0,2021
HKG,m,12-17,0,2021
HKG,m,18-59,5,2021
HKG,m,60+,0,2021
HRV,f,0-4,0,2021
HRV,f,5-11,0,2021
HRV,f,12-17,0,2021
HRV,f,18-59,80,2021
HRV,f,60+,0,2021
HRV,m,0-4,0,2021
HRV,m,5-11,0,2021
HRV,m,12-17,0,2021
HRV,m,18-59,85,2021
HRV,m,60+,0,2021
HRV,f,0-4,0,2021
HRV,f,5-11,0,2021
HRV,f,12-17,0,2021
HRV,f,18-59,45,2021
HRV,f,60+,0,2021
HRV,m,0-4,0,2021
HRV,m,5-11,0,2021
HRV,m,12-17,0,2021
HRV,m,18-59,55,2021
HRV,m,60+,0,2021
HRV,f,0-4,0,2021
HRV,f,5-11,5,2021
HRV,f,12-17,6,2021
HRV,f,18-59,13,2021
HRV,f,60+,0,2021
HRV,m,0-4,0,2021
HRV,m,5-11,8,2021
HRV,m,12-17,0,2021
HRV,m,18-59,22,2021
HRV,m,60+,0,2021
HUN,f,0-4,0,2021
HUN,f,5-11,0,2021
HUN,f,12-17,0,2021
HUN,f,18-59,0,2021
HUN,f,60+,0,2021
HUN,m,0-4,0,2021
HUN,m,5-11,0,2021
HUN,m,12-17,0,2021
HUN,m,18-59,0,2021
HUN,m,60+,0,2021
IDN,f,0-4,76,2021
IDN,f,5-11,129,2021
IDN,f,12-17,90,2021
IDN,f,18-59,432,2021
IDN,f,60+,33,2021
IDN,m,0-4,65,2021
IDN,m,5-11,146,2021
IDN,m,12-17,123,2021
IDN,m,18-59,497,2021
IDN,m,60+,19,2021
IDN,f,0-4,160,2021
IDN,f,5-11,199,2021
IDN,f,12-17,141,2021
IDN,f,18-59,666,2021
IDN,f,60+,36,2021
IDN,m,0-4,174,2021
IDN,m,5-11,224,2021
IDN,m,12-17,182,2021
IDN,m,18-59,4000,2021
IDN,m,60+,46,2021
IND,f,0-4,224,2021
IND,f,5-11,480,2021
IND,f,12-17,446,2021
IND,f,18-59,1717,2021
IND,f,60+,109,2021
IND,m,0-4,229,2021
IND,m,5-11,504,2021
IND,m,12-17,437,2021
IND,m,18-59,2287,2021
IND,m,60+,136,2021
IND,f,0-4,190,2021
IND,f,5-11,580,2021
IND,f,12-17,708,2021
IND,f,18-59,3082,2021
IND,f,60+,337,2021
IND,m,0-4,218,2021
IND,m,5-11,720,2021
IND,m,12-17,770,2021
IND,m,18-59,2746,2021
IND,m,60+,327,2021
IRL,f,0-4,0,2021
IRL,f,5-11,0,2021
IRL,f,12-17,0,2021
IRL,f,18-59,0,2021
IRL,f,60+,0,2021
IRL,m,0-4,0,2021
IRL,m,5-11,0,2021
IRL,m,12-17,36,2021
IRL,m,18-59,134,2021
IRL,m,60+,0,2021
IRL,f,0-4,0,2021
IRL,f,5-11,7,2021
IRL,f,12-17,0,2021
IRL,f,18-59,16,2021
IRL,f,60+,0,2021
IRL,m,0-4,0,2021
IRL,m,5-11,7,2021
IRL,m,12-17,13,2021
IRL,m,18-59,506,2021
IRL,m,60+,0,2021
IRN,f,0-4,0,2021
IRN,f,5-11,0,2021
IRN,f,12-17,0,2021
IRN,f,18-59,0,2021
IRN,f,60+,0,2021
IRN,m,0-4,0,2021
IRN,m,5-11,0,2021
IRN,m,12-17,0,2021
IRN,m,18-59,0,2021
IRN,m,60+,0,2021
IRN,f,0-4,48430,2021
IRN,f,5-11,60438,2021
IRN,f,12-17,37927,2021
IRN,f,18-59,205450,2021
IRN,f,60+,18273,2021
IRN,m,0-4,50707,2021
IRN,m,5-11,63513,2021
IRN,m,12-17,40463,2021
IRN,m,18-59,228475,2021
IRN,m,60+,24378,2021
IRQ,f,0-4,0,2021
IRQ,f,5-11,5,2021
IRQ,f,12-17,5,2021
IRQ,f,18-59,29,2021
IRQ,f,60+,6,2021
IRQ,m,0-4,0,2021
IRQ,m,5-11,5,2021
IRQ,m,12-17,12,2021
IRQ,m,18-59,29,2021
IRQ,m,60+,5,2021
IRQ,f,0-4,0,2021
IRQ,f,5-11,0,2021
IRQ,f,12-17,5,2021
IRQ,f,18-59,0,2021
IRQ,f,60+,0,2021
IRQ,m,0-4,0,2021
IRQ,m,5-11,0,2021
IRQ,m,12-17,0,2021
IRQ,m,18-59,6,2021
IRQ,m,60+,0,2021
ISL,f,0-4,0,2021
ISL,f,5-11,0,2021
ISL,f,12-17,0,2021
ISL,f,18-59,0,2021
ISL,f,60+,0,2021
ISL,m,0-4,0,2021
ISL,m,5-11,0,2021
ISL,m,12-17,0,2021
ISL,m,18-59,0,2021
ISL,m,60+,0,2021
ISL,f,0-4,0,2021
ISL,f,5-11,0,2021
ISL,f,12-17,0,2021
ISL,f,18-59,0,2021
ISL,f,60+,0,2021
ISL,m,0-4,0,2021
ISL,m,5-11,0,2021
ISL,m,12-17,0,2021
ISL,m,18-59,0,2021
ISL,m,60+,0,2021
ITA,f,0-4,0,2021
ITA,f,5-11,0,2021
ITA,f,12-17,0,2021
ITA,f,18-59,0,2021
ITA,f,60+,0,2021
ITA,m,0-4,0,2021
ITA,m,5-11,0,2021
ITA,m,12-17,0,2021
ITA,m,18-59,0,2021
ITA,m,60+,0,2021
ITA,f,0-4,0,2021
ITA,f,5-11,0,2021
ITA,f,12-17,0,2021
ITA,f,18-59,0,2021
ITA,f,60+,0,2021
ITA,m,0-4,0,2021
ITA,m,5-11,0,2021
ITA,m,12-17,0,2021
ITA,m,18-59,0,2021
ITA,m,60+,0,2021
JOR,f,0-4,0,2021
JOR,f,5-11,0,2021
JOR,f,12-17,0,2021
JOR,f,18-59,0,2021
JOR,f,60+,0,2021
JOR,m,0-4,0,2021
JOR,m,5-11,0,2021
JOR,m,12-17,5,2021
JOR,m,18-59,5,2021
JOR,m,60+,0,2021
JOR,f,0-4,0,2021
JOR,f,5-11,0,2021
JOR,f,12-17,0,2021
JOR,f,18-59,0,2021
JOR,f,60+,0,2021
JOR,m,0-4,0,2021
JOR,m,5-11,0,2021
JOR,m,12-17,0,2021
JOR,m,18-59,8,2021
JOR,m,60+,0,2021
JPN,f,0-4,0,2021
JPN,f,5-11,0,2021
JPN,f,12-17,0,2021
JPN,f,18-59,0,2021
JPN,f,60+,0,2021
JPN,m,0-4,0,2021
JPN,m,5-11,0,2021
JPN,m,12-17,0,2021
JPN,m,18-59,0,2021
JPN,m,60+,0,2021
KAZ,f,0-4,12,2021
KAZ,f,5-11,9,2021
KAZ,f,12-17,7,2021
KAZ,f,18-59,87,2021
KAZ,f,60+,0,2021
KAZ,m,0-4,12,2021
KAZ,m,5-11,21,2021
KAZ,m,12-17,13,2021
KAZ,m,18-59,121,2021
KAZ,m,60+,5,2021
KAZ,f,0-4,15,2021
KAZ,f,5-11,15,2021
KAZ,f,12-17,22,2021
KAZ,f,18-59,104,2021
KAZ,f,60+,10,2021
KAZ,m,0-4,9,2021
KAZ,m,5-11,16,2021
KAZ,m,12-17,27,2021
KAZ,m,18-59,99,2021
KAZ,m,60+,10,2021
KEN,f,0-4,0,2021
KEN,f,5-11,0,2021
KEN,f,12-17,0,2021
KEN,f,18-59,0,2021
KEN,f,60+,0,2021
KEN,m,0-4,0,2021
KEN,m,5-11,0,2021
KEN,m,12-17,0,2021
KEN,m,18-59,5,2021
KEN,m,60+,0,2021
KEN,f,0-4,0,2021
KEN,f,5-11,0,2021
KEN,f,12-17,0,2021
KEN,f,18-59,0,2021
KEN,f,60+,0,2021
KEN,m,0-4,0,2021
KEN,m,5-11,0,2021
KEN,m,12-17,7,2021
KEN,m,18-59,5,2021
KEN,m,60+,0,2021
KGZ,f,0-4,13,2021
KGZ,f,5-11,20,2021
KGZ,f,12-17,24,2021
KGZ,f,18-59,78,2021
KGZ,f,60+,5,2021
KGZ,m,0-4,17,2021
KGZ,m,5-11,26,2021
KGZ,m,12-17,17,2021
KGZ,m,18-59,104,2021
KGZ,m,60+,5,2021
KGZ,f,0-4,13,2021
KGZ,f,5-11,13,2021
KGZ,f,12-17,12,2021
KGZ,f,18-59,56,2021
KGZ,f,60+,5,2021
KGZ,m,0-4,16,2021
KGZ,m,5-11,20,2021
KGZ,m,12-17,11,2021
KGZ,m,18-59,62,2021
KGZ,m,60+,5,2021
KOR,f,0-4,0,2021
KOR,f,5-11,0,2021
KOR,f,12-17,0,2021
KOR,f,18-59,0,2021
KOR,f,60+,0,2021
KOR,m,0-4,0,2021
KOR,m,5-11,0,2021
KOR,m,12-17,0,2021
KOR,m,18-59,0,2021
KOR,m,60+,0,2021
KOR,f,0-4,0,2021
KOR,f,5-11,0,2021
KOR,f,12-17,0,2021
KOR,f,18-59,0,2021
KOR,f,60+,0,2021
KOR,m,0-4,0,2021
KOR,m,5-11,0,2021
KOR,m,12-17,0,2021
KOR,m,18-59,0,2021
KOR,m,60+,0,2021
KWT,f,0-4,0,2021
KWT,f,5-11,5,2021
KWT,f,12-17,0,2021
KWT,f,18-59,6,2021
KWT,f,60+,0,2021
KWT,m,0-4,0,2021
KWT,m,5-11,0,2021
KWT,m,12-17,6,2021
KWT,m,18-59,0,2021
KWT,m,60+,0,2021
LBN,f,0-4,0,2021
LBN,f,5-11,0,2021
LBN,f,12-17,0,2021
LBN,f,18-59,5,2021
LBN,f,60+,0,2021
LBN,m,0-4,0,2021
LBN,m,5-11,0,2021
LBN,m,12-17,0,2021
LBN,m,18-59,6,2021
LBN,m,60+,0,2021
LBN,f,0-4,0,2021
LBN,f,5-11,0,2021
LBN,f,12-17,0,2021
LBN,f,18-59,5,2021
LBN,f,60+,0,2021
LBN,m,0-4,5,2021
LBN,m,5-11,0,2021
LBN,m,12-17,0,2021
LBN,m,18-59,6,2021
LBN,m,60+,8,2021
LBY,f,0-4,5,2021
LBY,f,5-11,0,2021
LBY,f,12-17,0,2021
LBY,f,18-59,0,2021
LBY,f,60+,0,2021
LBY,m,0-4,0,2021
LBY,m,5-11,0,2021
LBY,m,12-17,0,2021
LBY,m,18-59,0,2021
LBY,m,60+,0,2021
LIE,f,0-4,0,2021
LIE,f,5-11,0,2021
LIE,f,12-17,0,2021
LIE,f,18-59,0,2021
LIE,f,60+,0,2021
LIE,m,0-4,0,2021
LIE,m,5-11,0,2021
LIE,m,12-17,0,2021
LIE,m,18-59,0,2021
LIE,m,60+,0,2021
LKA,f,0-4,0,2021
LKA,f,5-11,0,2021
LKA,f,12-17,5,2021
LKA,f,18-59,5,2021
LKA,f,60+,0,2021
LKA,m,0-4,0,2021
LKA,m,5-11,0,2021
LKA,m,12-17,9,2021
LKA,m,18-59,8,2021
LKA,m,60+,0,2021
LKA,f,0-4,5,2021
LKA,f,5-11,5,2021
LKA,f,12-17,5,2021
LKA,f,18-59,26,2021
LKA,f,60+,0,2021
LKA,m,0-4,10,2021
LKA,m,5-11,11,2021
LKA,m,12-17,5,2021
LKA,m,18-59,46,2021
LKA,m,60+,0,2021
LTU,f,0-4,0,2021
LTU,f,5-11,0,2021
LTU,f,12-17,0,2021
LTU,f,18-59,0,2021
LTU,f,60+,0,2021
LTU,m,0-4,0,2021
LTU,m,5-11,0,2021
LTU,m,12-17,0,2021
LTU,m,18-59,0,2021
LTU,m,60+,0,2021
LTU,f,0-4,0,2021
LTU,f,5-11,0,2021
LTU,f,12-17,0,2021
LTU,f,18-59,0,2021
LTU,f,60+,0,2021
LTU,m,0-4,0,2021
LTU,m,5-11,0,2021
LTU,m,12-17,0,2021
LTU,m,18-59,0,2021
LTU,m,60+,0,2021
LUX,f,0-4,0,2021
LUX,f,5-11,0,2021
LUX,f,12-17,0,2021
LUX,f,18-59,0,2021
LUX,f,60+,0,2021
LUX,m,0-4,0,2021
LUX,m,5-11,0,2021
LUX,m,12-17,0,2021
LUX,m,18-59,0,2021
LUX,m,60+,0,2021
LUX,f,0-4,0,2021
LUX,f,5-11,0,2021
LUX,f,12-17,0,2021
LUX,f,18-59,0,2021
LUX,f,60+,0,2021
LUX,m,0-4,0,2021
LUX,m,5-11,0,2021
LUX,m,12-17,0,2021
LUX,m,18-59,0,2021
LUX,m,60+,0,2021
LVA,f,0-4,0,2021
LVA,f,5-11,0,2021
LVA,f,12-17,0,2021
LVA,f,18-59,0,2021
LVA,f,60+,0,2021
LVA,m,0-4,0,2021
LVA,m,5-11,0,2021
LVA,m,12-17,0,2021
LVA,m,18-59,0,2021
LVA,m,60+,0,2021
LVA,f,0-4,0,2021
LVA,f,5-11,0,2021
LVA,f,12-17,0,2021
LVA,f,18-59,0,2021
LVA,f,60+,0,2021
LVA,m,0-4,0,2021
LVA,m,5-11,0,2021
LVA,m,12-17,0,2021
LVA,m,18-59,0,2021
LVA,m,60+,0,2021
MAR,f,0-4,0,2021
MAR,f,5-11,0,2021
MAR,f,12-17,0,2021
MAR,f,18-59,0,2021
MAR,f,60+,0,2021
MAR,m,0-4,0,2021
MAR,m,5-11,0,2021
MAR,m,12-17,0,2021
MAR,m,18-59,5,2021
MAR,m,60+,0,2021
MAR,f,0-4,0,2021
MAR,f,5-11,5,2021
MAR,f,12-17,0,2021
MAR,f,18-59,0,2021
MAR,f,60+,0,2021
MAR,m,0-4,0,2021
MAR,m,5-11,0,2021
MAR,m,12-17,0,2021
MAR,m,18-59,7,2021
MAR,m,60+,0,2021
MDA,f,0-4,0,2021
MDA,f,5-11,0,2021
MDA,f,12-17,0,2021
MDA,f,18-59,0,2021
MDA,f,60+,0,2021
MDA,m,0-4,0,2021
MDA,m,5-11,5,2021
MDA,m,12-17,0,2021
MDA,m,18-59,7,2021
MDA,m,60+,0,2021
MDG,f,0-4,0,2021
MDG,f,5-11,0,2021
MDG,f,12-17,0,2021
MDG,f,18-59,6,2021
MDG,f,60+,0,2021
MDG,m,0-4,0,2021
MDG,m,5-11,0,2021
MDG,m,12-17,0,2021
MDG,m,18-59,14,2021
MDG,m,60+,0,2021
MEX,f,0-4,0,2021
MEX,f,5-11,0,2021
MEX,f,12-17,0,2021
MEX,f,18-59,0,2021
MEX,f,60+,0,2021
MEX,m,0-4,0,2021
MEX,m,5-11,0,2021
MEX,m,12-17,0,2021
MEX,m,18-59,6,2021
MEX,m,60+,0,2021
MEX,f,0-4,0,2021
MEX,f,5-11,0,2021
MEX,f,12-17,0,2021
MEX,f,18-59,0,2021
MEX,f,60+,0,2021
MEX,m,0-4,0,2021
MEX,m,5-11,0,2021
MEX,m,12-17,0,2021
MEX,m,18-59,5,2021
MEX,m,60+,0,2021
MKD,f,0-4,0,2021
MKD,f,5-11,0,2021
MKD,f,12-17,0,2021
MKD,f,18-59,5,2021
MKD,f,60+,0,2021
MKD,m,0-4,0,2021
MKD,m,5-11,0,2021
MKD,m,12-17,0,2021
MKD,m,18-59,0,2021
MKD,m,60+,0,2021
MKD,f,0-4,0,2021
MKD,f,5-11,0,2021
MKD,f,12-17,0,2021
MKD,f,18-59,0,2021
MKD,f,60+,0,2021
MKD,m,0-4,0,2021
MKD,m,5-11,0,2021
MKD,m,12-17,8,2021
MKD,m,18-59,0,2021
MKD,m,60+,0,2021
MLT,f,0-4,0,2021
MLT,f,5-11,0,2021
MLT,f,12-17,0,2021
MLT,f,18-59,0,2021
MLT,f,60+,0,2021
MLT,m,0-4,0,2021
MLT,m,5-11,0,2021
MLT,m,12-17,0,2021
MLT,m,18-59,0,2021
MLT,m,60+,0,2021
MNE,f,0-4,0,2021
MNE,f,5-11,0,2021
MNE,f,12-17,0,2021
MNE,f,18-59,0,2021
MNE,f,60+,0,2021
MNE,m,0-4,0,2021
MNE,m,5-11,0,2021
MNE,m,12-17,0,2021
MNE,m,18-59,5,2021
MNE,m,60+,0,2021
MNG,f,0-4,0,2021
MNG,f,5-11,0,2021
MNG,f,12-17,0,2021
MNG,f,18-59,0,2021
MNG,f,60+,0,2021
MNG,m,0-4,0,2021
MNG,m,5-11,0,2021
MNG,m,12-17,0,2021
MNG,m,18-59,5,2021
MNG,m,60+,0,2021
MYS,f,0-4,49,2021
MYS,f,5-11,71,2021
MYS,f,12-17,55,2021
MYS,f,18-59,309,2021
MYS,f,60+,20,2021
MYS,m,0-4,58,2021
MYS,m,5-11,86,2021
MYS,m,12-17,79,2021
MYS,m,18-59,460,2021
MYS,m,60+,12,2021
MYS,f,0-4,41,2021
MYS,f,5-11,129,2021
MYS,f,12-17,97,2021
MYS,f,18-59,453,2021
MYS,f,60+,26,2021
MYS,m,0-4,51,2021
MYS,m,5-11,132,2021
MYS,m,12-17,143,2021
MYS,m,18-59,506,2021
MYS,m,60+,26,2021
NGA,f,0-4,0,2021
NGA,f,5-11,0,2021
NGA,f,12-17,0,2021
NGA,f,18-59,0,2021
NGA,f,60+,0,2021
NGA,m,0-4,0,2021
NGA,m,5-11,0,2021
NGA,m,12-17,0,2021
NGA,m,18-59,5,2021
NGA,m,60+,0,2021
NLD,f,0-4,0,2021
NLD,f,5-11,0,2021
NLD,f,12-17,0,2021
NLD,f,18-59,0,2021
NLD,f,60+,0,2021
NLD,m,0-4,0,2021
NLD,m,5-11,0,2021
NLD,m,12-17,0,2021
NLD,m,18-59,0,2021
NLD,m,60+,0,2021
NLD,f,0-4,0,2021
NLD,f,5-11,0,2021
NLD,f,12-17,0,2021
NLD,f,18-59,0,2021
NLD,f,60+,0,2021
NLD,m,0-4,0,2021
NLD,m,5-11,0,2021
NLD,m,12-17,0,2021
NLD,m,18-59,0,2021
NLD,m,60+,0,2021
NOR,f,0-4,0,2021
NOR,f,5-11,0,2021
NOR,f,12-17,0,2021
NOR,f,18-59,0,2021
NOR,f,60+,0,2021
NOR,m,0-4,0,2021
NOR,m,5-11,0,2021
NOR,m,12-17,0,2021
NOR,m,18-59,0,2021
NOR,m,60+,0,2021
NOR,f,0-4,0,2021
NOR,f,5-11,0,2021
NOR,f,12-17,0,2021
NOR,f,18-59,0,2021
NOR,f,60+,0,2021
NOR,m,0-4,0,2021
NOR,m,5-11,0,2021
NOR,m,12-17,0,2021
NOR,m,18-59,0,2021
NOR,m,60+,0,2021
NPL,f,0-4,0,2021
NPL,f,5-11,0,2021
NPL,f,12-17,5,2021
NPL,f,18-59,0,2021
NPL,f,60+,0,2021
NPL,m,0-4,0,2021
NPL,m,5-11,0,2021
NPL,m,12-17,0,2021
NPL,m,18-59,7,2021
NPL,m,60+,0,2021
NPL,f,0-4,0,2021
NPL,f,5-11,9,2021
NPL,f,12-17,0,2021
NPL,f,18-59,16,2021
NPL,f,60+,0,2021
NPL,m,0-4,0,2021
NPL,m,5-11,5,2021
NPL,m,12-17,5,2021
NPL,m,18-59,17,2021
NPL,m,60+,0,2021
NRU,f,0-4,0,2021
NRU,f,5-11,0,2021
NRU,f,12-17,0,2021
NRU,f,18-59,5,2021
NRU,f,60+,0,2021
NRU,m,0-4,0,2021
NRU,m,5-11,0,2021
NRU,m,12-17,0,2021
NRU,m,18-59,23,2021
NRU,m,60+,0,2021
NZL,f,0-4,0,2021
NZL,f,5-11,0,2021
NZL,f,12-17,0,2021
NZL,f,18-59,0,2021
NZL,f,60+,0,2021
NZL,m,0-4,0,2021
NZL,m,5-11,0,2021
NZL,m,12-17,0,2021
NZL,m,18-59,0,2021
NZL,m,60+,0,2021
NZL,f,0-4,0,2021
NZL,f,5-11,0,2021
NZL,f,12-17,0,2021
NZL,f,18-59,0,2021
NZL,f,60+,0,2021
NZL,m,0-4,0,2021
NZL,m,5-11,0,2021
NZL,m,12-17,0,2021
NZL,m,18-59,0,2021
NZL,m,60+,0,2021
PAK,f,0-4,605,2021
PAK,f,5-11,1513,2021
PAK,f,12-17,1047,2021
PAK,f,18-59,3501,2021
PAK,f,60+,194,2021
PAK,m,0-4,624,2021
PAK,m,5-11,1565,2021
PAK,m,12-17,1239,2021
PAK,m,18-59,2789,2021
PAK,m,60+,183,2021
PAK,f,0-4,0,2021
PAK,f,5-11,0,2021
PAK,f,12-17,0,2021
PAK,f,18-59,6,2021
PAK,f,60+,0,2021
PAK,m,0-4,0,2021
PAK,m,5-11,0,2021
PAK,m,12-17,6,2021
PAK,m,18-59,0,2021
PAK,m,60+,0,2021
PAK,f,0-4,115419,2021
PAK,f,5-11,154993,2021
PAK,f,12-17,91232,2021
PAK,f,18-59,284474,2021
PAK,f,60+,20654,2021
PAK,m,0-4,122145,2021
PAK,m,5-11,162676,2021
PAK,m,12-17,97102,2021
PAK,m,18-59,304532,2021
PAK,m,60+,29293,2021
PAN,f,0-4,0,2021
PAN,f,5-11,0,2021
PAN,f,12-17,0,2021
PAN,f,18-59,0,2021
PAN,f,60+,0,2021
PAN,m,0-4,0,2021
PAN,m,5-11,0,2021
PAN,m,12-17,0,2021
PAN,m,18-59,0,2021
PAN,m,60+,0,2021
PAN,f,0-4,0,2021
PAN,f,5-11,0,2021
PAN,f,12-17,0,2021
PAN,f,18-59,0,2021
PAN,f,60+,0,2021
PAN,m,0-4,0,2021
PAN,m,5-11,0,2021
PAN,m,12-17,0,2021
PAN,m,18-59,0,2021
PAN,m,60+,0,2021
PER,f,0-4,0,2021
PER,f,5-11,0,2021
PER,f,12-17,0,2021
PER,f,18-59,0,2021
PER,f,60+,0,2021
PER,m,0-4,0,2021
PER,m,5-11,0,2021
PER,m,12-17,0,2021
PER,m,18-59,0,2021
PER,m,60+,0,2021
PHL,f,0-4,0,2021
PHL,f,5-11,0,2021
PHL,f,12-17,0,2021
PHL,f,18-59,0,2021
PHL,f,60+,0,2021
PHL,m,0-4,0,2021
PHL,m,5-11,0,2021
PHL,m,12-17,0,2021
PHL,m,18-59,5,2021
PHL,m,60+,0,2021
PHL,f,0-4,0,2021
PHL,f,5-11,0,2021
PHL,f,12-17,0,2021
PHL,f,18-59,0,2021
PHL,f,60+,0,2021
PHL,m,0-4,0,2021
PHL,m,5-11,0,2021
PHL,m,12-17,0,2021
PHL,m,18-59,9,2021
PHL,m,60+,0,2021
PNG,f,0-4,0,2021
PNG,f,5-11,0,2021
PNG,f,12-17,0,2021
PNG,f,18-59,0,2021
PNG,f,60+,0,2021
PNG,m,0-4,0,2021
PNG,m,5-11,0,2021
PNG,m,12-17,0,2021
PNG,m,18-59,30,2021
PNG,m,60+,0,2021
POL,f,0-4,0,2021
POL,f,5-11,0,2021
POL,f,12-17,0,2021
POL,f,18-59,0,2021
POL,f,60+,0,2021
POL,m,0-4,0,2021
POL,m,5-11,0,2021
POL,m,12-17,0,2021
POL,m,18-59,0,2021
POL,m,60+,0,2021
POL,f,0-4,0,2021
POL,f,5-11,0,2021
POL,f,12-17,0,2021
POL,f,18-59,0,2021
POL,f,60+,0,2021
POL,m,0-4,0,2021
POL,m,5-11,0,2021
POL,m,12-17,0,2021
POL,m,18-59,0,2021
POL,m,60+,0,2021
PRT,f,0-4,0,2021
PRT,f,5-11,0,2021
PRT,f,12-17,0,2021
PRT,f,18-59,0,2021
PRT,f,60+,0,2021
PRT,m,0-4,0,2021
PRT,m,5-11,0,2021
PRT,m,12-17,0,2021
PRT,m,18-59,0,2021
PRT,m,60+,0,2021
PRT,f,0-4,0,2021
PRT,f,5-11,0,2021
PRT,f,12-17,0,2021
PRT,f,18-59,0,2021
PRT,f,60+,0,2021
PRT,m,0-4,0,2021
PRT,m,5-11,0,2021
PRT,m,12-17,0,2021
PRT,m,18-59,0,2021
PRT,m,60+,0,2021
QAT,f,0-4,0,2021
QAT,f,5-11,0,2021
QAT,f,12-17,0,2021
QAT,f,18-59,0,2021
QAT,f,60+,0,2021
QAT,m,0-4,0,2021
QAT,m,5-11,0,2021
QAT,m,12-17,0,2021
QAT,m,18-59,0,2021
QAT,m,60+,0,2021
ROU,f,0-4,0,2021
ROU,f,5-11,0,2021
ROU,f,12-17,0,2021
ROU,f,18-59,0,2021
ROU,f,60+,0,2021
ROU,m,0-4,0,2021
ROU,m,5-11,0,2021
ROU,m,12-17,0,2021
ROU,m,18-59,0,2021
ROU,m,60+,0,2021
ROU,f,0-4,17,2021
ROU,f,5-11,12,2021
ROU,f,12-17,13,2021
ROU,f,18-59,70,2021
ROU,f,60+,0,2021
ROU,m,0-4,11,2021
ROU,m,5-11,13,2021
ROU,m,12-17,29,2021
ROU,m,18-59,167,2021
ROU,m,60+,0,2021
RUS,f,0-4,0,2021
RUS,f,5-11,0,2021
RUS,f,12-17,0,2021
RUS,f,18-59,0,2021
RUS,f,60+,0,2021
RUS,m,0-4,0,2021
RUS,m,5-11,0,2021
RUS,m,12-17,0,2021
RUS,m,18-59,0,2021
RUS,m,60+,0,2021
RUS,f,0-4,0,2021
RUS,f,5-11,0,2021
RUS,f,12-17,0,2021
RUS,f,18-59,0,2021
RUS,f,60+,0,2021
RUS,m,0-4,0,2021
RUS,m,5-11,0,2021
RUS,m,12-17,0,2021
RUS,m,18-59,0,2021
RUS,m,60+,0,2021
SAU,f,0-4,0,2021
SAU,f,5-11,0,2021
SAU,f,12-17,0,2021
SAU,f,18-59,0,2021
SAU,f,60+,0,2021
SAU,m,0-4,0,2021
SAU,m,5-11,0,2021
SAU,m,12-17,0,2021
SAU,m,18-59,0,2021
SAU,m,60+,0,2021
SDN,f,0-4,0,2021
SDN,f,5-11,5,2021
SDN,f,12-17,0,2021
SDN,f,18-59,0,2021
SDN,f,60+,0,2021
SDN,m,0-4,0,2021
SDN,m,5-11,0,2021
SDN,m,12-17,0,2021
SDN,m,18-59,0,2021
SDN,m,60+,0,2021
SRB,f,0-4,0,2021
SRB,f,5-11,0,2021
SRB,f,12-17,0,2021
SRB,f,18-59,0,2021
SRB,f,60+,0,2021
SRB,m,0-4,0,2021
SRB,m,5-11,0,2021
SRB,m,12-17,0,2021
SRB,m,18-59,0,2021
SRB,m,60+,0,2021
SRB,f,0-4,0,2021
SRB,f,5-11,0,2021
SRB,f,12-17,0,2021
SRB,f,18-59,0,2021
SRB,f,60+,0,2021
SRB,m,0-4,0,2021
SRB,m,5-11,0,2021
SRB,m,12-17,0,2021
SRB,m,18-59,0,2021
SRB,m,60+,0,2021
SRB,f,0-4,0,2021
SRB,f,5-11,0,2021
SRB,f,12-17,0,2021
SRB,f,18-59,0,2021
SRB,f,60+,0,2021
SRB,m,0-4,0,2021
SRB,m,5-11,0,2021
SRB,m,12-17,0,2021
SRB,m,18-59,0,2021
SRB,m,60+,0,2021
SVK,f,0-4,0,2021
SVK,f,5-11,0,2021
SVK,f,12-17,0,2021
SVK,f,18-59,0,2021
SVK,f,60+,0,2021
SVK,m,0-4,0,2021
SVK,m,5-11,0,2021
SVK,m,12-17,0,2021
SVK,m,18-59,0,2021
SVK,m,60+,0,2021
SVK,f,0-4,0,2021
SVK,f,5-11,0,2021
SVK,f,12-17,0,2021
SVK,f,18-59,0,2021
SVK,f,60+,0,2021
SVK,m,0-4,0,2021
SVK,m,5-11,0,2021
SVK,m,12-17,0,2021
SVK,m,18-59,0,2021
SVK,m,60+,0,2021
SVN,f,0-4,0,2021
SVN,f,5-11,0,2021
SVN,f,12-17,0,2021
SVN,f,18-59,0,2021
SVN,f,60+,0,2021
SVN,m,0-4,0,2021
SVN,m,5-11,0,2021
SVN,m,12-17,0,2021
SVN,m,18-59,0,2021
SVN,m,60+,0,2021
SVN,f,0-4,0,2021
SVN,f,5-11,0,2021
SVN,f,12-17,0,2021
SVN,f,18-59,0,2021
SVN,f,60+,0,2021
SVN,m,0-4,0,2021
SVN,m,5-11,0,2021
SVN,m,12-17,0,2021
SVN,m,18-59,0,2021
SVN,m,60+,0,2021
SWE,f,0-4,0,2021
SWE,f,5-11,0,2021
SWE,f,12-17,0,2021
SWE,f,18-59,0,2021
SWE,f,60+,0,2021
SWE,m,0-4,0,2021
SWE,m,5-11,0,2021
SWE,m,12-17,0,2021
SWE,m,18-59,0,2021
SWE,m,60+,0,2021
SWE,f,0-4,0,2021
SWE,f,5-11,0,2021
SWE,f,12-17,0,2021
SWE,f,18-59,0,2021
SWE,f,60+,0,2021
SWE,m,0-4,0,2021
SWE,m,5-11,0,2021
SWE,m,12-17,0,2021
SWE,m,18-59,0,2021
SWE,m,60+,0,2021
SYR,f,0-4,0,2021
SYR,f,5-11,11,2021
SYR,f,12-17,0,2021
SYR,f,18-59,8,2021
SYR,f,60+,0,2021
SYR,m,0-4,0,2021
SYR,m,5-11,0,2021
SYR,m,12-17,5,2021
SYR,m,18-59,6,2021
SYR,m,60+,0,2021
SYR,f,0-4,40,2021
SYR,f,5-11,65,2021
SYR,f,12-17,71,2021
SYR,f,18-59,334,2021
SYR,f,60+,23,2021
SYR,m,0-4,49,2021
SYR,m,5-11,74,2021
SYR,m,12-17,78,2021
SYR,m,18-59,332,2021
SYR,m,60+,53,2021
THA,f,0-4,0,2021
THA,f,5-11,0,2021
THA,f,12-17,0,2021
THA,f,18-59,5,2021
THA,f,60+,0,2021
THA,m,0-4,0,2021
THA,m,5-11,0,2021
THA,m,12-17,0,2021
THA,m,18-59,0,2021
THA,m,60+,0,2021
THA,f,0-4,12,2021
THA,f,5-11,11,2021
THA,f,12-17,9,2021
THA,f,18-59,37,2021
THA,f,60+,0,2021
THA,m,0-4,9,2021
THA,m,5-11,9,2021
THA,m,12-17,13,2021
THA,m,18-59,68,2021
THA,m,60+,0,2021
TJK,f,0-4,0,2021
TJK,f,5-11,0,2021
TJK,f,12-17,0,2021
TJK,f,18-59,0,2021
TJK,f,60+,0,2021
TJK,m,0-4,0,2021
TJK,m,5-11,0,2021
TJK,m,12-17,0,2021
TJK,m,18-59,0,2021
TJK,m,60+,0,2021
TJK,f,0-4,0,2021
TJK,f,5-11,0,2021
TJK,f,12-17,0,2021
TJK,f,18-59,0,2021
TJK,f,60+,0,2021
TJK,m,0-4,0,2021
TJK,m,5-11,0,2021
TJK,m,12-17,0,2021
TJK,m,18-59,0,2021
TJK,m,60+,0,2021
TKM,f,0-4,0,2021
TKM,f,5-11,0,2021
TKM,f,12-17,0,2021
TKM,f,18-59,5,2021
TKM,f,60+,0,2021
TKM,m,0-4,0,2021
TKM,m,5-11,0,2021
TKM,m,12-17,0,2021
TKM,m,18-59,5,2021
TKM,m,60+,0,2021
TUR,f,0-4,6640,2021
TUR,f,5-11,10496,2021
TUR,f,12-17,6567,2021
TUR,f,18-59,26058,2021
TUR,f,60+,1272,2021
TUR,m,0-4,7046,2021
TUR,m,5-11,11763,2021
TUR,m,12-17,8467,2021
TUR,m,18-59,53338,2021
TUR,m,60+,1415,2021
TUR,f,0-4,0,2021
TUR,f,5-11,0,2021
TUR,f,12-17,0,2021
TUR,f,18-59,0,2021
TUR,f,60+,0,2021
TUR,m,0-4,0,2021
TUR,m,5-11,0,2021
TUR,m,12-17,0,2021
TUR,m,18-59,0,2021
TUR,m,60+,0,2021
UKR,f,0-4,0,2021
UKR,f,5-11,0,2021
UKR,f,12-17,0,2021
UKR,f,18-59,0,2021
UKR,f,60+,0,2021
UKR,m,0-4,0,2021
UKR,m,5-11,0,2021
UKR,m,12-17,0,2021
UKR,m,18-59,0,2021
UKR,m,60+,0,2021
UKR,f,0-4,0,2021
UKR,f,5-11,0,2021
UKR,f,12-17,0,2021
UKR,f,18-59,0,2021
UKR,f,60+,0,2021
UKR,m,0-4,0,2021
UKR,m,5-11,0,2021
UKR,m,12-17,0,2021
UKR,m,18-59,0,2021
UKR,m,60+,0,2021
URY,f,0-4,0,2021
URY,f,5-11,0,2021
URY,f,12-17,0,2021
URY,f,18-59,0,2021
URY,f,60+,0,2021
URY,m,0-4,0,2021
URY,m,5-11,0,2021
URY,m,12-17,0,2021
URY,m,18-59,6,2021
URY,m,60+,0,2021
URY,f,0-4,0,2021
URY,f,5-11,0,2021
URY,f,12-17,0,2021
URY,f,18-59,0,2021
URY,f,60+,0,2021
URY,m,0-4,0,2021
URY,m,5-11,0,2021
URY,m,12-17,0,2021
URY,m,18-59,5,2021
URY,m,60+,0,2021
USA,f,0-4,0,2021
USA,f,5-11,0,2021
USA,f,12-17,0,2021
USA,f,18-59,0,2021
USA,f,60+,0,2021
USA,m,0-4,0,2021
USA,m,5-11,0,2021
USA,m,12-17,0,2021
USA,m,18-59,0,2021
USA,m,60+,0,2021
USA,f,0-4,0,2021
USA,f,5-11,0,2021
USA,f,12-17,0,2021
USA,f,18-59,0,2021
USA,f,60+,0,2021
USA,m,0-4,0,2021
USA,m,5-11,0,2021
USA,m,12-17,0,2021
USA,m,18-59,0,2021
USA,m,60+,0,2021
UZB,f,0-4,0,2021
UZB,f,5-11,0,2021
UZB,f,12-17,0,2021
UZB,f,18-59,6,2021
UZB,f,60+,0,2021
UZB,m,0-4,0,2021
UZB,m,5-11,0,2021
UZB,m,12-17,0,2021
UZB,m,18-59,6,2021
UZB,m,60+,0,2021
VEN,f,0-4,0,2021
VEN,f,5-11,5,2021
VEN,f,12-17,0,2021
VEN,f,18-59,0,2021
VEN,f,60+,0,2021
VEN,m,0-4,0,2021
VEN,m,5-11,0,2021
VEN,m,12-17,0,2021
VEN,m,18-59,5,2021
VEN,m,60+,0,2021
ZAF,f,0-4,0,2021
ZAF,f,5-11,0,2021
ZAF,f,12-17,0,2021
ZAF,f,18-59,9,2021
ZAF,f,60+,0,2021
ZAF,m,0-4,0,2021
ZAF,m,5-11,5,2021
ZAF,m,12-17,0,2021
ZAF,m,18-59,6,2021
ZAF,m,60+,0,2021
ZAF,f,0-4,0,2021
ZAF,f,5-11,0,2021
ZAF,f,12-17,0,2021
ZAF,f,18-59,0,2021
ZAF,f,60+,0,2021
ZAF,m,0-4,0,2021
ZAF,m,5-11,0,2021
ZAF,m,12-17,0,2021
ZAF,m,18-59,5,2021
ZAF,m,60+,0,2021
AFG,f,0-4,87468,2022
AFG,f,5-11,90217,2022
AFG,f,12-17,71848,2022
AFG,f,18-59,164786,2022
AFG,f,60+,17897,2022
AFG,m,0-4,87335,2022
AFG,m,5-11,91891,2022
AFG,m,12-17,77751,2022
AFG,m,18-59,168466,2022
AFG,m,60+,20792,2022
AFG,f,0-4,9571,2022
AFG,f,5-11,9603,2022
AFG,f,12-17,6385,2022
AFG,f,18-59,20734,2022
AFG,f,60+,633,2022
AFG,m,0-4,9627,2022
AFG,m,5-11,5485,2022
AFG,m,12-17,5237,2022
AFG,m,18-59,19669,2022
AFG,m,60+,1959,2022
ALB,f,0-4,0,2022
ALB,f,5-11,0,2022
ALB,f,12-17,0,2022
ALB,f,18-59,8,2022
ALB,f,60+,0,2022
ALB,m,0-4,0,2022
ALB,m,5-11,0,2022
ALB,m,12-17,0,2022
ALB,m,18-59,0,2022
ALB,m,60+,0,2022
ALB,f,0-4,0,2022
ALB,f,5-11,0,2022
ALB,f,12-17,0,2022
ALB,f,18-59,7,2022
ALB,f,60+,0,2022
ALB,m,0-4,0,2022
ALB,m,5-11,7,2022
ALB,m,12-17,0,2022
ALB,m,18-59,0,2022
ALB,m,60+,0,2022
ARE,f,0-4,0,2022
ARE,f,5-11,5,2022
ARE,f,12-17,0,2022
ARE,f,18-59,5,2022
ARE,f,60+,0,2022
ARE,m,0-4,0,2022
ARE,m,5-11,0,2022
ARE,m,12-17,0,2022
ARE,m,18-59,9,2022
ARE,m,60+,5,2022
ARE,f,0-4,0,2022
ARE,f,5-11,0,2022
ARE,f,12-17,5,2022
ARE,f,18-59,5,2022
ARE,f,60+,0,2022
ARE,m,0-4,0,2022
ARE,m,5-11,0,2022
ARE,m,12-17,0,2022
ARE,m,18-59,0,2022
ARE,m,60+,0,2022
ARG,f,0-4,0,2022
ARG,f,5-11,6,2022
ARG,f,12-17,0,2022
ARG,f,18-59,0,2022
ARG,f,60+,0,2022
ARG,m,0-4,0,2022
ARG,m,5-11,0,2022
ARG,m,12-17,0,2022
ARG,m,18-59,5,2022
ARG,m,60+,0,2022
ARG,f,0-4,0,2022
ARG,f,5-11,0,2022
ARG,f,12-17,0,2022
ARG,f,18-59,5,2022
ARG,f,60+,0,2022
ARG,m,0-4,0,2022
ARG,m,5-11,0,2022
ARG,m,12-17,6,2022
ARG,m,18-59,0,2022
ARG,m,60+,0,2022
ARM,f,0-4,0,2022
ARM,f,5-11,0,2022
ARM,f,12-17,0,2022
ARM,f,18-59,0,2022
ARM,f,60+,0,2022
ARM,m,0-4,0,2022
ARM,m,5-11,0,2022
ARM,m,12-17,0,2022
ARM,m,18-59,0,2022
ARM,m,60+,0,2022
AUS,f,0-4,0,2022
AUS,f,5-11,0,2022
AUS,f,12-17,0,2022
AUS,f,18-59,0,2022
AUS,f,60+,0,2022
AUS,m,0-4,0,2022
AUS,m,5-11,0,2022
AUS,m,12-17,0,2022
AUS,m,18-59,0,2022
AUS,m,60+,0,2022
AUS,f,0-4,0,2022
AUS,f,5-11,0,2022
AUS,f,12-17,0,2022
AUS,f,18-59,5,2022
AUS,f,60+,0,2022
AUS,m,0-4,0,2022
AUS,m,5-11,0,2022
AUS,m,12-17,0,2022
AUS,m,18-59,23,2022
AUS,m,60+,0,2022
AUT,f,0-4,0,2022
AUT,f,5-11,0,2022
AUT,f,12-17,0,2022
AUT,f,18-59,0,2022
AUT,f,60+,0,2022
AUT,m,0-4,0,2022
AUT,m,5-11,0,2022
AUT,m,12-17,0,2022
AUT,m,18-59,0,2022
AUT,m,60+,0,2022
AUT,f,0-4,0,2022
AUT,f,5-11,0,2022
AUT,f,12-17,0,2022
AUT,f,18-59,0,2022
AUT,f,60+,0,2022
AUT,m,0-4,0,2022
AUT,m,5-11,0,2022
AUT,m,12-17,0,2022
AUT,m,18-59,0,2022
AUT,m,60+,0,2022
AZE,f,0-4,0,2022
AZE,f,5-11,0,2022
AZE,f,12-17,0,2022
AZE,f,18-59,7,2022
AZE,f,60+,0,2022
AZE,m,0-4,0,2022
AZE,m,5-11,0,2022
AZE,m,12-17,0,2022
AZE,m,18-59,8,2022
AZE,m,60+,0,2022
AZE,f,0-4,51,2022
AZE,f,5-11,67,2022
AZE,f,12-17,43,2022
AZE,f,18-59,291,2022
AZE,f,60+,8,2022
AZE,m,0-4,38,2022
AZE,m,5-11,80,2022
AZE,m,12-17,67,2022
AZE,m,18-59,490,2022
AZE,m,60+,26,2022
BEL,f,0-4,0,2022
BEL,f,5-11,0,2022
BEL,f,12-17,0,2022
BEL,f,18-59,0,2022
BEL,f,60+,0,2022
BEL,m,0-4,0,2022
BEL,m,5-11,0,2022
BEL,m,12-17,0,2022
BEL,m,18-59,0,2022
BEL,m,60+,0,2022
BEL,f,0-4,0,2022
BEL,f,5-11,0,2022
BEL,f,12-17,0,2022
BEL,f,18-59,0,2022
BEL,f,60+,0,2022
BEL,m,0-4,0,2022
BEL,m,5-11,0,2022
BEL,m,12-17,0,2022
BEL,m,18-59,0,2022
BEL,m,60+,0,2022
BGD,f,0-4,0,2022
BGD,f,5-11,0,2022
BGD,f,12-17,0,2022
BGD,f,18-59,5,2022
BGD,f,60+,0,2022
BGD,m,0-4,0,2022
BGD,m,5-11,0,2022
BGD,m,12-17,0,2022
BGD,m,18-59,0,2022
BGD,m,60+,0,2022
BGR,f,0-4,0,2022
BGR,f,5-11,0,2022
BGR,f,12-17,0,2022
BGR,f,18-59,0,2022
BGR,f,60+,0,2022
BGR,m,0-4,0,2022
BGR,m,5-11,0,2022
BGR,m,12-17,0,2022
BGR,m,18-59,0,2022
BGR,m,60+,0,2022
BGR,f,0-4,0,2022
BGR,f,5-11,0,2022
BGR,f,12-17,0,2022
BGR,f,18-59,0,2022
BGR,f,60+,0,2022
BGR,m,0-4,0,2022
BGR,m,5-11,0,2022
BGR,m,12-17,0,2022
BGR,m,18-59,0,2022
BGR,m,60+,0,2022
BIH,f,0-4,0,2022
BIH,f,5-11,0,2022
BIH,f,12-17,0,2022
BIH,f,18-59,0,2022
BIH,f,60+,0,2022
BIH,m,0-4,0,2022
BIH,m,5-11,0,2022
BIH,m,12-17,0,2022
BIH,m,18-59,5,2022
BIH,m,60+,0,2022
BIH,f,0-4,0,2022
BIH,f,5-11,0,2022
BIH,f,12-17,0,2022
BIH,f,18-59,0,2022
BIH,f,60+,0,2022
BIH,m,0-4,0,2022
BIH,m,5-11,0,2022
BIH,m,12-17,0,2022
BIH,m,18-59,0,2022
BIH,m,60+,0,2022
BIH,f,0-4,0,2022
BIH,f,5-11,0,2022
BIH,f,12-17,0,2022
BIH,f,18-59,0,2022
BIH,f,60+,0,2022
BIH,m,0-4,0,2022
BIH,m,5-11,0,2022
BIH,m,12-17,0,2022
BIH,m,18-59,5,2022
BIH,m,60+,0,2022
BLR,f,0-4,0,2022
BLR,f,5-11,0,2022
BLR,f,12-17,0,2022
BLR,f,18-59,15,2022
BLR,f,60+,0,2022
BLR,m,0-4,0,2022
BLR,m,5-11,14,2022
BLR,m,12-17,0,2022
BLR,m,18-59,5,2022
BLR,m,60+,0,2022
BLR,f,0-4,0,2022
BLR,f,5-11,5,2022
BLR,f,12-17,6,2022
BLR,f,18-59,21,2022
BLR,f,60+,5,2022
BLR,m,0-4,0,2022
BLR,m,5-11,12,2022
BLR,m,12-17,14,2022
BLR,m,18-59,47,2022
BLR,m,60+,8,2022
BRA,f,0-4,0,2022
BRA,f,5-11,0,2022
BRA,f,12-17,0,2022
BRA,f,18-59,0,2022
BRA,f,60+,0,2022
BRA,m,0-4,0,2022
BRA,m,5-11,0,2022
BRA,m,12-17,0,2022
BRA,m,18-59,0,2022
BRA,m,60+,0,2022
BRA,f,0-4,0,2022
BRA,f,5-11,0,2022
BRA,f,12-17,0,2022
BRA,f,18-59,0,2022
BRA,f,60+,0,2022
BRA,m,0-4,0,2022
BRA,m,5-11,0,2022
BRA,m,12-17,0,2022
BRA,m,18-59,0,2022
BRA,m,60+,0,2022
CAN,f,0-4,28,2022
CAN,f,5-11,27,2022
CAN,f,12-17,17,2022
CAN,f,18-59,103,2022
CAN,f,60+,15,2022
CAN,m,0-4,25,2022
CAN,m,5-11,26,2022
CAN,m,12-17,31,2022
CAN,m,18-59,213,2022
CAN,m,60+,16,2022
CAN,f,0-4,23,2022
CAN,f,5-11,52,2022
CAN,f,12-17,57,2022
CAN,f,18-59,229,2022
CAN,f,60+,65,2022
CAN,m,0-4,20,2022
CAN,m,5-11,60,2022
CAN,m,12-17,43,2022
CAN,m,18-59,387,2022
CAN,m,60+,51,2022
CHE,f,0-4,65,2022
CHE,f,5-11,108,2022
CHE,f,12-17,71,2022
CHE,f,18-59,362,2022
CHE,f,60+,14,2022
CHE,m,0-4,88,2022
CHE,m,5-11,116,2022
CHE,m,12-17,1564,2022
CHE,m,18-59,1679,2022
CHE,m,60+,13,2022
CHE,f,0-4,242,2022
CHE,f,5-11,591,2022
CHE,f,12-17,428,2022
CHE,f,18-59,1725,2022
CHE,f,60+,138,2022
CHE,m,0-4,271,2022
CHE,m,5-11,626,2022
CHE,m,12-17,2160,2022
CHE,m,18-59,5854,2022
CHE,m,60+,141,2022
CHL,f,0-4,5,2022
CHL,f,5-11,13,2022
CHL,f,12-17,6,2022
CHL,f,18-59,89,2022
CHL,f,60+,6,2022
CHL,m,0-4,5,2022
CHL,m,5-11,11,2022
CHL,m,12-17,6,2022
CHL,m,18-59,81,2022
CHL,m,60+,5,2022
CHL,f,0-4,0,2022
CHL,f,5-11,0,2022
CHL,f,12-17,0,2022
CHL,f,18-59,10,2022
CHL,f,60+,0,2022
CHL,m,0-4,0,2022
CHL,m,5-11,0,2022
CHL,m,12-17,0,2022
CHL,m,18-59,9,2022
CHL,m,60+,0,2022
CHN,f,0-4,0,2022
CHN,f,5-11,0,2022
CHN,f,12-17,0,2022
CHN,f,18-59,10,2022
CHN,f,60+,0,2022
CHN,m,0-4,0,2022
CHN,m,5-11,0,2022
CHN,m,12-17,0,2022
CHN,m,18-59,26,2022
CHN,m,60+,0,2022
CHN,f,0-4,0,2022
CHN,f,5-11,18,2022
CHN,f,12-17,0,2022
CHN,f,18-59,6,2022
CHN,f,60+,0,2022
CHN,m,0-4,0,2022
CHN,m,5-11,7,2022
CHN,m,12-17,0,2022
CHN,m,18-59,0,2022
CHN,m,60+,0,2022
COL,f,0-4,0,2022
COL,f,5-11,0,2022
COL,f,12-17,0,2022
COL,f,18-59,0,2022
COL,f,60+,0,2022
COL,m,0-4,0,2022
COL,m,5-11,0,2022
COL,m,12-17,0,2022
COL,m,18-59,9,2022
COL,m,60+,0,2022
CUB,f,0-4,0,2022
CUB,f,5-11,0,2022
CUB,f,12-17,0,2022
CUB,f,18-59,0,2022
CUB,f,60+,0,2022
CUB,m,0-4,0,2022
CUB,m,5-11,0,2022
CUB,m,12-17,0,2022
CUB,m,18-59,12,2022
CUB,m,60+,0,2022
CYP,f,0-4,0,2022
CYP,f,5-11,0,2022
CYP,f,12-17,0,2022
CYP,f,18-59,0,2022
CYP,f,60+,0,2022
CYP,m,0-4,0,2022
CYP,m,5-11,0,2022
CYP,m,12-17,0,2022
CYP,m,18-59,0,2022
CYP,m,60+,0,2022
CYP,f,0-4,0,2022
CYP,f,5-11,0,2022
CYP,f,12-17,0,2022
CYP,f,18-59,0,2022
CYP,f,60+,0,2022
CYP,m,0-4,0,2022
CYP,m,5-11,0,2022
CYP,m,12-17,0,2022
CYP,m,18-59,0,2022
CYP,m,60+,0,2022
CZE,f,0-4,8,2022
CZE,f,5-11,0,2022
CZE,f,12-17,0,2022
CZE,f,18-59,8,2022
CZE,f,60+,0,2022
CZE,m,0-4,0,2022
CZE,m,5-11,9,2022
CZE,m,12-17,0,2022
CZE,m,18-59,12,2022
CZE,m,60+,0,2022
CZE,f,0-4,0,2022
CZE,f,5-11,5,2022
CZE,f,12-17,0,2022
CZE,f,18-59,17,2022
CZE,f,60+,0,2022
CZE,m,0-4,5,2022
CZE,m,5-11,5,2022
CZE,m,12-17,0,2022
CZE,m,18-59,0,2022
CZE,m,60+,0,2022
DEU,f,0-4,1337,2022
DEU,f,5-11,1559,2022
DEU,f,12-17,1037,2022
DEU,f,18-59,5150,2022
DEU,f,60+,285,2022
DEU,m,0-4,1373,2022
DEU,m,5-11,1725,2022
DEU,m,12-17,3592,2022
DEU,m,18-59,18519,2022
DEU,m,60+,290,2022
DEU,f,0-4,5567,2022
DEU,f,5-11,14675,2022
DEU,f,12-17,9933,2022
DEU,f,18-59,40434,2022
DEU,f,60+,4476,2022
DEU,m,0-4,5922,2022
DEU,m,5-11,15840,2022
DEU,m,12-17,12370,2022
DEU,m,18-59,67286,2022
DEU,m,60+,3935,2022
DNK,f,0-4,0,2022
DNK,f,5-11,0,2022
DNK,f,12-17,0,2022
DNK,f,18-59,0,2022
DNK,f,60+,0,2022
DNK,m,0-4,0,2022
DNK,m,5-11,0,2022
DNK,m,12-17,0,2022
DNK,m,18-59,0,2022
DNK,m,60+,0,2022
DNK,f,0-4,0,2022
DNK,f,5-11,0,2022
DNK,f,12-17,0,2022
DNK,f,18-59,0,2022
DNK,f,60+,0,2022
DNK,m,0-4,0,2022
DNK,m,5-11,0,2022
DNK,m,12-17,0,2022
DNK,m,18-59,0,2022
DNK,m,60+,0,2022
DOM,f,0-4,0,2022
DOM,f,5-11,0,2022
DOM,f,12-17,0,2022
DOM,f,18-59,0,2022
DOM,f,60+,0,2022
DOM,m,0-4,0,2022
DOM,m,5-11,0,2022
DOM,m,12-17,0,2022
DOM,m,18-59,0,2022
DOM,m,60+,0,2022
ECU,f,0-4,0,2022
ECU,f,5-11,0,2022
ECU,f,12-17,9,2022
ECU,f,18-59,53,2022
ECU,f,60+,8,2022
ECU,m,0-4,0,2022
ECU,m,5-11,5,2022
ECU,m,12-17,5,2022
ECU,m,18-59,58,2022
ECU,m,60+,9,2022
EGY,f,0-4,15,2022
EGY,f,5-11,25,2022
EGY,f,12-17,0,2022
EGY,f,18-59,40,2022
EGY,f,60+,0,2022
EGY,m,0-4,10,2022
EGY,m,5-11,8,2022
EGY,m,12-17,5,2022
EGY,m,18-59,231,2022
EGY,m,60+,0,2022
EGY,f,0-4,0,2022
EGY,f,5-11,7,2022
EGY,f,12-17,0,2022
EGY,f,18-59,12,2022
EGY,f,60+,0,2022
EGY,m,0-4,0,2022
EGY,m,5-11,9,2022
EGY,m,12-17,0,2022
EGY,m,18-59,19,2022
EGY,m,60+,0,2022
ESP,f,0-4,0,2022
ESP,f,5-11,0,2022
ESP,f,12-17,0,2022
ESP,f,18-59,0,2022
ESP,f,60+,0,2022
ESP,m,0-4,0,2022
ESP,m,5-11,0,2022
ESP,m,12-17,0,2022
ESP,m,18-59,0,2022
ESP,m,60+,0,2022
ESP,f,0-4,0,2022
ESP,f,5-11,0,2022
ESP,f,12-17,0,2022
ESP,f,18-59,0,2022
ESP,f,60+,0,2022
ESP,m,0-4,0,2022
ESP,m,5-11,0,2022
ESP,m,12-17,0,2022
ESP,m,18-59,0,2022
ESP,m,60+,0,2022
EST,f,0-4,0,2022
EST,f,5-11,0,2022
EST,f,12-17,0,2022
EST,f,18-59,0,2022
EST,f,60+,0,2022
EST,m,0-4,0,2022
EST,m,5-11,0,2022
EST,m,12-17,0,2022
EST,m,18-59,0,2022
EST,m,60+,0,2022
FIN,f,0-4,0,2022
FIN,f,5-11,0,2022
FIN,f,12-17,0,2022
FIN,f,18-59,0,2022
FIN,f,60+,0,2022
FIN,m,0-4,0,2022
FIN,m,5-11,0,2022
FIN,m,12-17,0,2022
FIN,m,18-59,0,2022
FIN,m,60+,0,2022
FIN,f,0-4,0,2022
FIN,f,5-11,0,2022
FIN,f,12-17,0,2022
FIN,f,18-59,0,2022
FIN,f,60+,0,2022
FIN,m,0-4,0,2022
FIN,m,5-11,0,2022
FIN,m,12-17,0,2022
FIN,m,18-59,0,2022
FIN,m,60+,0,2022
FJI,f,0-4,0,2022
FJI,f,5-11,0,2022
FJI,f,12-17,8,2022
FJI,f,18-59,0,2022
FJI,f,60+,0,2022
FJI,m,0-4,0,2022
FJI,m,5-11,0,2022
FJI,m,12-17,0,2022
FJI,m,18-59,0,2022
FJI,m,60+,0,2022
FJI,f,0-4,0,2022
FJI,f,5-11,0,2022
FJI,f,12-17,0,2022
FJI,f,18-59,5,2022
FJI,f,60+,0,2022
FJI,m,0-4,0,2022
FJI,m,5-11,0,2022
FJI,m,12-17,0,2022
FJI,m,18-59,0,2022
FJI,m,60+,0,2022
FRA,f,0-4,0,2022
FRA,f,5-11,0,2022
FRA,f,12-17,0,2022
FRA,f,18-59,0,2022
FRA,f,60+,0,2022
FRA,m,0-4,0,2022
FRA,m,5-11,0,2022
FRA,m,12-17,0,2022
FRA,m,18-59,0,2022
FRA,m,60+,0,2022
FRA,f,0-4,0,2022
FRA,f,5-11,0,2022
FRA,f,12-17,0,2022
FRA,f,18-59,0,2022
FRA,f,60+,0,2022
FRA,m,0-4,0,2022
FRA,m,5-11,0,2022
FRA,m,12-17,0,2022
FRA,m,18-59,0,2022
FRA,m,60+,0,2022
GBR,f,0-4,0,2022
GBR,f,5-11,0,2022
GBR,f,12-17,0,2022
GBR,f,18-59,0,2022
GBR,f,60+,0,2022
GBR,m,0-4,0,2022
GBR,m,5-11,0,2022
GBR,m,12-17,0,2022
GBR,m,18-59,0,2022
GBR,m,60+,0,2022
GBR,f,0-4,0,2022
GBR,f,5-11,0,2022
GBR,f,12-17,0,2022
GBR,f,18-59,0,2022
GBR,f,60+,0,2022
GBR,m,0-4,0,2022
GBR,m,5-11,0,2022
GBR,m,12-17,0,2022
GBR,m,18-59,0,2022
GBR,m,60+,0,2022
GEO,f,0-4,0,2022
GEO,f,5-11,0,2022
GEO,f,12-17,0,2022
GEO,f,18-59,0,2022
GEO,f,60+,0,2022
GEO,m,0-4,0,2022
GEO,m,5-11,0,2022
GEO,m,12-17,0,2022
GEO,m,18-59,5,2022
GEO,m,60+,0,2022
GEO,f,0-4,0,2022
GEO,f,5-11,5,2022
GEO,f,12-17,6,2022
GEO,f,18-59,27,2022
GEO,f,60+,0,2022
GEO,m,0-4,5,2022
GEO,m,5-11,5,2022
GEO,m,12-17,7,2022
GEO,m,18-59,23,2022
GEO,m,60+,0,2022
GHA,f,0-4,0,2022
GHA,f,5-11,0,2022
GHA,f,12-17,0,2022
GHA,f,18-59,5,2022
GHA,f,60+,0,2022
GHA,m,0-4,0,2022
GHA,m,5-11,0,2022
GHA,m,12-17,0,2022
GHA,m,18-59,0,2022
GHA,m,60+,0,2022
GHA,f,0-4,0,2022
GHA,f,5-11,0,2022
GHA,f,12-17,0,2022
GHA,f,18-59,5,2022
GHA,f,60+,0,2022
GHA,m,0-4,0,2022
GHA,m,5-11,0,2022
GHA,m,12-17,0,2022
GHA,m,18-59,5,2022
GHA,m,60+,0,2022
GRC,f,0-4,0,2022
GRC,f,5-11,0,2022
GRC,f,12-17,0,2022
GRC,f,18-59,0,2022
GRC,f,60+,0,2022
GRC,m,0-4,0,2022
GRC,m,5-11,0,2022
GRC,m,12-17,0,2022
GRC,m,18-59,0,2022
GRC,m,60+,0,2022
GRC,f,0-4,0,2022
GRC,f,5-11,0,2022
GRC,f,12-17,0,2022
GRC,f,18-59,0,2022
GRC,f,60+,0,2022
GRC,m,0-4,0,2022
GRC,m,5-11,0,2022
GRC,m,12-17,0,2022
GRC,m,18-59,0,2022
GRC,m,60+,0,2022
GUY,f,0-4,0,2022
GUY,f,5-11,0,2022
GUY,f,12-17,0,2022
GUY,f,18-59,0,2022
GUY,f,60+,0,2022
GUY,m,0-4,0,2022
GUY,m,5-11,5,2022
GUY,m,12-17,0,2022
GUY,m,18-59,0,2022
GUY,m,60+,0,2022
HKG,f,0-4,0,2022
HKG,f,5-11,0,2022
HKG,f,12-17,0,2022
HKG,f,18-59,0,2022
HKG,f,60+,0,2022
HKG,m,0-4,0,2022
HKG,m,5-11,6,2022
HKG,m,12-17,0,2022
HKG,m,18-59,5,2022
HKG,m,60+,0,2022
HRV,f,0-4,0,2022
HRV,f,5-11,0,2022
HRV,f,12-17,0,2022
HRV,f,18-59,0,2022
HRV,f,60+,0,2022
HRV,m,0-4,0,2022
HRV,m,5-11,0,2022
HRV,m,12-17,0,2022
HRV,m,18-59,0,2022
HRV,m,60+,0,2022
HRV,f,0-4,0,2022
HRV,f,5-11,0,2022
HRV,f,12-17,0,2022
HRV,f,18-59,0,2022
HRV,f,60+,0,2022
HRV,m,0-4,0,2022
HRV,m,5-11,0,2022
HRV,m,12-17,0,2022
HRV,m,18-59,0,2022
HRV,m,60+,0,2022
HRV,f,0-4,0,2022
HRV,f,5-11,0,2022
HRV,f,12-17,0,2022
HRV,f,18-59,0,2022
HRV,f,60+,0,2022
HRV,m,0-4,0,2022
HRV,m,5-11,0,2022
HRV,m,12-17,0,2022
HRV,m,18-59,0,2022
HRV,m,60+,0,2022
HUN,f,0-4,0,2022
HUN,f,5-11,0,2022
HUN,f,12-17,0,2022
HUN,f,18-59,0,2022
HUN,f,60+,0,2022
HUN,m,0-4,0,2022
HUN,m,5-11,0,2022
HUN,m,12-17,0,2022
HUN,m,18-59,0,2022
HUN,m,60+,0,2022
HUN,f,0-4,0,2022
HUN,f,5-11,0,2022
HUN,f,12-17,0,2022
HUN,f,18-59,0,2022
HUN,f,60+,0,2022
HUN,m,0-4,0,2022
HUN,m,5-11,0,2022
HUN,m,12-17,0,2022
HUN,m,18-59,0,2022
HUN,m,60+,0,2022
IDN,f,0-4,42,2022
IDN,f,5-11,77,2022
IDN,f,12-17,53,2022
IDN,f,18-59,293,2022
IDN,f,60+,27,2022
IDN,m,0-4,31,2022
IDN,m,5-11,91,2022
IDN,m,12-17,72,2022
IDN,m,18-59,418,2022
IDN,m,60+,15,2022
IDN,f,0-4,161,2022
IDN,f,5-11,234,2022
IDN,f,12-17,176,2022
IDN,f,18-59,768,2022
IDN,f,60+,48,2022
IDN,m,0-4,165,2022
IDN,m,5-11,265,2022
IDN,m,12-17,218,2022
IDN,m,18-59,3785,2022
IDN,m,60+,52,2022
IND,f,0-4,201,2022
IND,f,5-11,327,2022
IND,f,12-17,209,2022
IND,f,18-59,1255,2022
IND,f,60+,70,2022
IND,m,0-4,180,2022
IND,m,5-11,351,2022
IND,m,12-17,244,2022
IND,m,18-59,2253,2022
IND,m,60+,91,2022
IND,f,0-4,205,2022
IND,f,5-11,641,2022
IND,f,12-17,713,2022
IND,f,18-59,3168,2022
IND,f,60+,314,2022
IND,m,0-4,231,2022
IND,m,5-11,734,2022
IND,m,12-17,734,2022
IND,m,18-59,2810,2022
IND,m,60+,308,2022
IRL,f,0-4,0,2022
IRL,f,5-11,5,2022
IRL,f,12-17,5,2022
IRL,f,18-59,10,2022
IRL,f,60+,6,2022
IRL,m,0-4,0,2022
IRL,m,5-11,10,2022
IRL,m,12-17,66,2022
IRL,m,18-59,639,2022
IRL,m,60+,5,2022
IRL,f,0-4,0,2022
IRL,f,5-11,8,2022
IRL,f,12-17,5,2022
IRL,f,18-59,14,2022
IRL,f,60+,0,2022
IRL,m,0-4,0,2022
IRL,m,5-11,8,2022
IRL,m,12-17,37,2022
IRL,m,18-59,675,2022
IRL,m,60+,0,2022
IRN,f,0-4,230021,2022
IRN,f,5-11,314576,2022
IRN,f,12-17,217038,2022
IRN,f,18-59,796047,2022
IRN,f,60+,67833,2022
IRN,m,0-4,237954,2022
IRN,m,5-11,330572,2022
IRN,m,12-17,235234,2022
IRN,m,18-59,884325,2022
IRN,m,60+,99649,2022
IRQ,f,0-4,25,2022
IRQ,f,5-11,42,2022
IRQ,f,12-17,32,2022
IRQ,f,18-59,118,2022
IRQ,f,60+,11,2022
IRQ,m,0-4,25,2022
IRQ,m,5-11,34,2022
IRQ,m,12-17,45,2022
IRQ,m,18-59,291,2022
IRQ,m,60+,12,2022
IRQ,f,0-4,0,2022
IRQ,f,5-11,0,2022
IRQ,f,12-17,0,2022
IRQ,f,18-59,0,2022
IRQ,f,60+,0,2022
IRQ,m,0-4,0,2022
IRQ,m,5-11,5,2022
IRQ,m,12-17,0,2022
IRQ,m,18-59,0,2022
IRQ,m,60+,0,2022
IRQ,f,0-4,0,2022
IRQ,f,5-11,0,2022
IRQ,f,12-17,7,2022
IRQ,f,18-59,0,2022
IRQ,f,60+,0,2022
IRQ,m,0-4,7,2022
IRQ,m,5-11,0,2022
IRQ,m,12-17,0,2022
IRQ,m,18-59,0,2022
IRQ,m,60+,0,2022
ISL,f,0-4,0,2022
ISL,f,5-11,0,2022
ISL,f,12-17,0,2022
ISL,f,18-59,0,2022
ISL,f,60+,0,2022
ISL,m,0-4,0,2022
ISL,m,5-11,0,2022
ISL,m,12-17,0,2022
ISL,m,18-59,0,2022
ISL,m,60+,0,2022
ISL,f,0-4,0,2022
ISL,f,5-11,0,2022
ISL,f,12-17,0,2022
ISL,f,18-59,0,2022
ISL,f,60+,0,2022
ISL,m,0-4,0,2022
ISL,m,5-11,0,2022
ISL,m,12-17,0,2022
ISL,m,18-59,0,2022
ISL,m,60+,0,2022
ITA,f,0-4,0,2022
ITA,f,5-11,0,2022
ITA,f,12-17,0,2022
ITA,f,18-59,0,2022
ITA,f,60+,0,2022
ITA,m,0-4,0,2022
ITA,m,5-11,0,2022
ITA,m,12-17,0,2022
ITA,m,18-59,0,2022
ITA,m,60+,0,2022
ITA,f,0-4,0,2022
ITA,f,5-11,0,2022
ITA,f,12-17,0,2022
ITA,f,18-59,0,2022
ITA,f,60+,0,2022
ITA,m,0-4,0,2022
ITA,m,5-11,0,2022
ITA,m,12-17,0,2022
ITA,m,18-59,0,2022
ITA,m,60+,0,2022
JOR,f,0-4,0,2022
JOR,f,5-11,0,2022
JOR,f,12-17,0,2022
JOR,f,18-59,0,2022
JOR,f,60+,0,2022
JOR,m,0-4,0,2022
JOR,m,5-11,0,2022
JOR,m,12-17,0,2022
JOR,m,18-59,8,2022
JOR,m,60+,0,2022
JOR,f,0-4,0,2022
JOR,f,5-11,0,2022
JOR,f,12-17,0,2022
JOR,f,18-59,0,2022
JOR,f,60+,0,2022
JOR,m,0-4,0,2022
JOR,m,5-11,0,2022
JOR,m,12-17,0,2022
JOR,m,18-59,8,2022
JOR,m,60+,0,2022
JPN,f,0-4,0,2022
JPN,f,5-11,0,2022
JPN,f,12-17,0,2022
JPN,f,18-59,0,2022
JPN,f,60+,0,2022
JPN,m,0-4,0,2022
JPN,m,5-11,0,2022
JPN,m,12-17,0,2022
JPN,m,18-59,0,2022
JPN,m,60+,0,2022
KAZ,f,0-4,13,2022
KAZ,f,5-11,9,2022
KAZ,f,12-17,7,2022
KAZ,f,18-59,52,2022
KAZ,f,60+,5,2022
KAZ,m,0-4,7,2022
KAZ,m,5-11,8,2022
KAZ,m,12-17,13,2022
KAZ,m,18-59,116,2022
KAZ,m,60+,5,2022
KAZ,f,0-4,14,2022
KAZ,f,5-11,17,2022
KAZ,f,12-17,13,2022
KAZ,f,18-59,91,2022
KAZ,f,60+,10,2022
KAZ,m,0-4,9,2022
KAZ,m,5-11,14,2022
KAZ,m,12-17,18,2022
KAZ,m,18-59,89,2022
KAZ,m,60+,10,2022
KEN,f,0-4,0,2022
KEN,f,5-11,0,2022
KEN,f,12-17,0,2022
KEN,f,18-59,17,2022
KEN,f,60+,0,2022
KEN,m,0-4,8,2022
KEN,m,5-11,0,2022
KEN,m,12-17,0,2022
KEN,m,18-59,15,2022
KEN,m,60+,0,2022
KEN,f,0-4,0,2022
KEN,f,5-11,0,2022
KEN,f,12-17,0,2022
KEN,f,18-59,7,2022
KEN,f,60+,0,2022
KEN,m,0-4,0,2022
KEN,m,5-11,0,2022
KEN,m,12-17,6,2022
KEN,m,18-59,5,2022
KEN,m,60+,0,2022
KGZ,f,0-4,15,2022
KGZ,f,5-11,23,2022
KGZ,f,12-17,13,2022
KGZ,f,18-59,69,2022
KGZ,f,60+,6,2022
KGZ,m,0-4,9,2022
KGZ,m,5-11,25,2022
KGZ,m,12-17,22,2022
KGZ,m,18-59,136,2022
KGZ,m,60+,6,2022
KGZ,f,0-4,9,2022
KGZ,f,5-11,13,2022
KGZ,f,12-17,11,2022
KGZ,f,18-59,49,2022
KGZ,f,60+,5,2022
KGZ,m,0-4,11,2022
KGZ,m,5-11,17,2022
KGZ,m,12-17,11,2022
KGZ,m,18-59,57,2022
KGZ,m,60+,6,2022
KOR,f,0-4,0,2022
KOR,f,5-11,0,2022
KOR,f,12-17,0,2022
KOR,f,18-59,0,2022
KOR,f,60+,0,2022
KOR,m,0-4,0,2022
KOR,m,5-11,0,2022
KOR,m,12-17,0,2022
KOR,m,18-59,0,2022
KOR,m,60+,0,2022
KOR,f,0-4,0,2022
KOR,f,5-11,0,2022
KOR,f,12-17,0,2022
KOR,f,18-59,0,2022
KOR,f,60+,0,2022
KOR,m,0-4,0,2022
KOR,m,5-11,0,2022
KOR,m,12-17,0,2022
KOR,m,18-59,0,2022
KOR,m,60+,0,2022
KWT,f,0-4,0,2022
KWT,f,5-11,0,2022
KWT,f,12-17,5,2022
KWT,f,18-59,6,2022
KWT,f,60+,0,2022
KWT,m,0-4,0,2022
KWT,m,5-11,0,2022
KWT,m,12-17,6,2022
KWT,m,18-59,0,2022
KWT,m,60+,0,2022
LBN,f,0-4,0,2022
LBN,f,5-11,6,2022
LBN,f,12-17,0,2022
LBN,f,18-59,5,2022
LBN,f,60+,0,2022
LBN,m,0-4,0,2022
LBN,m,5-11,0,2022
LBN,m,12-17,0,2022
LBN,m,18-59,0,2022
LBN,m,60+,0,2022
LBN,f,0-4,5,2022
LBN,f,5-11,0,2022
LBN,f,12-17,0,2022
LBN,f,18-59,11,2022
LBN,f,60+,0,2022
LBN,m,0-4,0,2022
LBN,m,5-11,0,2022
LBN,m,12-17,0,2022
LBN,m,18-59,17,2022
LBN,m,60+,0,2022
LBY,f,0-4,5,2022
LBY,f,5-11,0,2022
LBY,f,12-17,0,2022
LBY,f,18-59,0,2022
LBY,f,60+,0,2022
LBY,m,0-4,0,2022
LBY,m,5-11,0,2022
LBY,m,12-17,0,2022
LBY,m,18-59,0,2022
LBY,m,60+,0,2022
LKA,f,0-4,0,2022
LKA,f,5-11,6,2022
LKA,f,12-17,11,2022
LKA,f,18-59,15,2022
LKA,f,60+,0,2022
LKA,m,0-4,8,2022
LKA,m,5-11,0,2022
LKA,m,12-17,10,2022
LKA,m,18-59,32,2022
LKA,m,60+,5,2022
LTU,f,0-4,0,2022
LTU,f,5-11,0,2022
LTU,f,12-17,0,2022
LTU,f,18-59,0,2022
LTU,f,60+,0,2022
LTU,m,0-4,0,2022
LTU,m,5-11,0,2022
LTU,m,12-17,0,2022
LTU,m,18-59,0,2022
LTU,m,60+,0,2022
LTU,f,0-4,0,2022
LTU,f,5-11,0,2022
LTU,f,12-17,0,2022
LTU,f,18-59,0,2022
LTU,f,60+,0,2022
LTU,m,0-4,0,2022
LTU,m,5-11,0,2022
LTU,m,12-17,0,2022
LTU,m,18-59,0,2022
LTU,m,60+,0,2022
LUX,f,0-4,0,2022
LUX,f,5-11,0,2022
LUX,f,12-17,0,2022
LUX,f,18-59,0,2022
LUX,f,60+,0,2022
LUX,m,0-4,0,2022
LUX,m,5-11,0,2022
LUX,m,12-17,0,2022
LUX,m,18-59,0,2022
LUX,m,60+,0,2022
LUX,f,0-4,0,2022
LUX,f,5-11,0,2022
LUX,f,12-17,0,2022
LUX,f,18-59,0,2022
LUX,f,60+,0,2022
LUX,m,0-4,0,2022
LUX,m,5-11,0,2022
LUX,m,12-17,0,2022
LUX,m,18-59,0,2022
LUX,m,60+,0,2022
LVA,f,0-4,0,2022
LVA,f,5-11,0,2022
LVA,f,12-17,0,2022
LVA,f,18-59,0,2022
LVA,f,60+,0,2022
LVA,m,0-4,0,2022
LVA,m,5-11,0,2022
LVA,m,12-17,0,2022
LVA,m,18-59,0,2022
LVA,m,60+,0,2022
LVA,f,0-4,0,2022
LVA,f,5-11,0,2022
LVA,f,12-17,0,2022
LVA,f,18-59,0,2022
LVA,f,60+,0,2022
LVA,m,0-4,0,2022
LVA,m,5-11,0,2022
LVA,m,12-17,0,2022
LVA,m,18-59,0,2022
LVA,m,60+,0,2022
MAR,f,0-4,0,2022
MAR,f,5-11,0,2022
MAR,f,12-17,0,2022
MAR,f,18-59,10,2022
MAR,f,60+,0,2022
MAR,m,0-4,0,2022
MAR,m,5-11,0,2022
MAR,m,12-17,0,2022
MAR,m,18-59,8,2022
MAR,m,60+,0,2022
MAR,f,0-4,0,2022
MAR,f,5-11,5,2022
MAR,f,12-17,0,2022
MAR,f,18-59,0,2022
MAR,f,60+,0,2022
MAR,m,0-4,0,2022
MAR,m,5-11,0,2022
MAR,m,12-17,0,2022
MAR,m,18-59,7,2022
MAR,m,60+,0,2022
MDA,f,0-4,0,2022
MDA,f,5-11,0,2022
MDA,f,12-17,0,2022
MDA,f,18-59,0,2022
MDA,f,60+,0,2022
MDA,m,0-4,0,2022
MDA,m,5-11,0,2022
MDA,m,12-17,0,2022
MDA,m,18-59,0,2022
MDA,m,60+,0,2022
MDA,f,0-4,0,2022
MDA,f,5-11,0,2022
MDA,f,12-17,0,2022
MDA,f,18-59,0,2022
MDA,f,60+,0,2022
MDA,m,0-4,0,2022
MDA,m,5-11,0,2022
MDA,m,12-17,0,2022
MDA,m,18-59,0,2022
MDA,m,60+,0,2022
MDG,f,0-4,0,2022
MDG,f,5-11,0,2022
MDG,f,12-17,0,2022
MDG,f,18-59,6,2022
MDG,f,60+,0,2022
MDG,m,0-4,0,2022
MDG,m,5-11,0,2022
MDG,m,12-17,0,2022
MDG,m,18-59,10,2022
MDG,m,60+,0,2022
MEX,f,0-4,14,2022
MEX,f,5-11,14,2022
MEX,f,12-17,6,2022
MEX,f,18-59,72,2022
MEX,f,60+,0,2022
MEX,m,0-4,15,2022
MEX,m,5-11,15,2022
MEX,m,12-17,13,2022
MEX,m,18-59,389,2022
MEX,m,60+,0,2022
MEX,f,0-4,0,2022
MEX,f,5-11,0,2022
MEX,f,12-17,0,2022
MEX,f,18-59,0,2022
MEX,f,60+,0,2022
MEX,m,0-4,0,2022
MEX,m,5-11,0,2022
MEX,m,12-17,6,2022
MEX,m,18-59,0,2022
MEX,m,60+,0,2022
MLT,f,0-4,0,2022
MLT,f,5-11,0,2022
MLT,f,12-17,0,2022
MLT,f,18-59,0,2022
MLT,f,60+,0,2022
MLT,m,0-4,0,2022
MLT,m,5-11,0,2022
MLT,m,12-17,0,2022
MLT,m,18-59,0,2022
MLT,m,60+,0,2022
MNE,f,0-4,0,2022
MNE,f,5-11,0,2022
MNE,f,12-17,0,2022
MNE,f,18-59,0,2022
MNE,f,60+,0,2022
MNE,m,0-4,0,2022
MNE,m,5-11,0,2022
MNE,m,12-17,0,2022
MNE,m,18-59,0,2022
MNE,m,60+,0,2022
MNG,f,0-4,0,2022
MNG,f,5-11,0,2022
MNG,f,12-17,0,2022
MNG,f,18-59,0,2022
MNG,f,60+,0,2022
MNG,m,0-4,0,2022
MNG,m,5-11,0,2022
MNG,m,12-17,0,2022
MNG,m,18-59,5,2022
MNG,m,60+,0,2022
MYS,f,0-4,62,2022
MYS,f,5-11,94,2022
MYS,f,12-17,68,2022
MYS,f,18-59,391,2022
MYS,f,60+,23,2022
MYS,m,0-4,70,2022
MYS,m,5-11,97,2022
MYS,m,12-17,64,2022
MYS,m,18-59,646,2022
MYS,m,60+,17,2022
MYS,f,0-4,61,2022
MYS,f,5-11,135,2022
MYS,f,12-17,105,2022
MYS,f,18-59,516,2022
MYS,f,60+,36,2022
MYS,m,0-4,76,2022
MYS,m,5-11,140,2022
MYS,m,12-17,142,2022
MYS,m,18-59,620,2022
MYS,m,60+,29,2022
NGA,f,0-4,0,2022
NGA,f,5-11,0,2022
NGA,f,12-17,0,2022
NGA,f,18-59,0,2022
NGA,f,60+,0,2022
NGA,m,0-4,0,2022
NGA,m,5-11,0,2022
NGA,m,12-17,0,2022
NGA,m,18-59,5,2022
NGA,m,60+,0,2022
NLD,f,0-4,0,2022
NLD,f,5-11,0,2022
NLD,f,12-17,0,2022
NLD,f,18-59,0,2022
NLD,f,60+,0,2022
NLD,m,0-4,0,2022
NLD,m,5-11,0,2022
NLD,m,12-17,0,2022
NLD,m,18-59,0,2022
NLD,m,60+,0,2022
NLD,f,0-4,0,2022
NLD,f,5-11,0,2022
NLD,f,12-17,0,2022
NLD,f,18-59,0,2022
NLD,f,60+,0,2022
NLD,m,0-4,0,2022
NLD,m,5-11,0,2022
NLD,m,12-17,0,2022
NLD,m,18-59,0,2022
NLD,m,60+,0,2022
NOR,f,0-4,0,2022
NOR,f,5-11,0,2022
NOR,f,12-17,0,2022
NOR,f,18-59,0,2022
NOR,f,60+,0,2022
NOR,m,0-4,0,2022
NOR,m,5-11,0,2022
NOR,m,12-17,0,2022
NOR,m,18-59,0,2022
NOR,m,60+,0,2022
NOR,f,0-4,0,2022
NOR,f,5-11,0,2022
NOR,f,12-17,0,2022
NOR,f,18-59,0,2022
NOR,f,60+,0,2022
NOR,m,0-4,0,2022
NOR,m,5-11,0,2022
NOR,m,12-17,0,2022
NOR,m,18-59,0,2022
NOR,m,60+,0,2022
NPL,f,0-4,0,2022
NPL,f,5-11,9,2022
NPL,f,12-17,0,2022
NPL,f,18-59,16,2022
NPL,f,60+,0,2022
NPL,m,0-4,0,2022
NPL,m,5-11,5,2022
NPL,m,12-17,5,2022
NPL,m,18-59,17,2022
NPL,m,60+,0,2022
NRU,f,0-4,0,2022
NRU,f,5-11,0,2022
NRU,f,12-17,0,2022
NRU,f,18-59,0,2022
NRU,f,60+,0,2022
NRU,m,0-4,0,2022
NRU,m,5-11,0,2022
NRU,m,12-17,0,2022
NRU,m,18-59,5,2022
NRU,m,60+,0,2022
NZL,f,0-4,0,2022
NZL,f,5-11,0,2022
NZL,f,12-17,0,2022
NZL,f,18-59,0,2022
NZL,f,60+,0,2022
NZL,m,0-4,0,2022
NZL,m,5-11,0,2022
NZL,m,12-17,0,2022
NZL,m,18-59,0,2022
NZL,m,60+,0,2022
NZL,f,0-4,0,2022
NZL,f,5-11,0,2022
NZL,f,12-17,0,2022
NZL,f,18-59,0,2022
NZL,f,60+,0,2022
NZL,m,0-4,0,2022
NZL,m,5-11,0,2022
NZL,m,12-17,0,2022
NZL,m,18-59,0,2022
NZL,m,60+,0,2022
PAK,f,0-4,2101,2022
PAK,f,5-11,3889,2022
PAK,f,12-17,2837,2022
PAK,f,18-59,9987,2022
PAK,f,60+,656,2022
PAK,m,0-4,2160,2022
PAK,m,5-11,4142,2022
PAK,m,12-17,3313,2022
PAK,m,18-59,8325,2022
PAK,m,60+,698,2022
PAK,f,0-4,0,2022
PAK,f,5-11,0,2022
PAK,f,12-17,0,2022
PAK,f,18-59,22,2022
PAK,f,60+,0,2022
PAK,m,0-4,0,2022
PAK,m,5-11,0,2022
PAK,m,12-17,5,2022
PAK,m,18-59,6,2022
PAK,m,60+,0,2022
PAK,f,0-4,98709,2022
PAK,f,5-11,164135,2022
PAK,f,12-17,100138,2022
PAK,f,18-59,313036,2022
PAK,f,60+,22203,2022
PAK,m,0-4,104601,2022
PAK,m,5-11,173198,2022
PAK,m,12-17,107030,2022
PAK,m,18-59,342253,2022
PAK,m,60+,31826,2022
PAN,f,0-4,0,2022
PAN,f,5-11,0,2022
PAN,f,12-17,0,2022
PAN,f,18-59,0,2022
PAN,f,60+,0,2022
PAN,m,0-4,0,2022
PAN,m,5-11,0,2022
PAN,m,12-17,0,2022
PAN,m,18-59,0,2022
PAN,m,60+,0,2022
PAN,f,0-4,0,2022
PAN,f,5-11,0,2022
PAN,f,12-17,0,2022
PAN,f,18-59,0,2022
PAN,f,60+,0,2022
PAN,m,0-4,0,2022
PAN,m,5-11,0,2022
PAN,m,12-17,0,2022
PAN,m,18-59,0,2022
PAN,m,60+,0,2022
PER,f,0-4,0,2022
PER,f,5-11,0,2022
PER,f,12-17,0,2022
PER,f,18-59,0,2022
PER,f,60+,0,2022
PER,m,0-4,0,2022
PER,m,5-11,0,2022
PER,m,12-17,0,2022
PER,m,18-59,0,2022
PER,m,60+,0,2022
PHL,f,0-4,0,2022
PHL,f,5-11,0,2022
PHL,f,12-17,5,2022
PHL,f,18-59,0,2022
PHL,f,60+,0,2022
PHL,m,0-4,0,2022
PHL,m,5-11,0,2022
PHL,m,12-17,0,2022
PHL,m,18-59,5,2022
PHL,m,60+,0,2022
PNG,f,0-4,0,2022
PNG,f,5-11,0,2022
PNG,f,12-17,0,2022
PNG,f,18-59,0,2022
PNG,f,60+,0,2022
PNG,m,0-4,0,2022
PNG,m,5-11,0,2022
PNG,m,12-17,0,2022
PNG,m,18-59,18,2022
PNG,m,60+,0,2022
POL,f,0-4,0,2022
POL,f,5-11,0,2022
POL,f,12-17,0,2022
POL,f,18-59,0,2022
POL,f,60+,0,2022
POL,m,0-4,0,2022
POL,m,5-11,0,2022
POL,m,12-17,0,2022
POL,m,18-59,0,2022
POL,m,60+,0,2022
POL,f,0-4,0,2022
POL,f,5-11,0,2022
POL,f,12-17,0,2022
POL,f,18-59,0,2022
POL,f,60+,0,2022
POL,m,0-4,0,2022
POL,m,5-11,0,2022
POL,m,12-17,0,2022
POL,m,18-59,0,2022
POL,m,60+,0,2022
PRT,f,0-4,0,2022
PRT,f,5-11,0,2022
PRT,f,12-17,0,2022
PRT,f,18-59,0,2022
PRT,f,60+,0,2022
PRT,m,0-4,0,2022
PRT,m,5-11,0,2022
PRT,m,12-17,0,2022
PRT,m,18-59,0,2022
PRT,m,60+,0,2022
PRT,f,0-4,0,2022
PRT,f,5-11,0,2022
PRT,f,12-17,0,2022
PRT,f,18-59,0,2022
PRT,f,60+,0,2022
PRT,m,0-4,0,2022
PRT,m,5-11,0,2022
PRT,m,12-17,0,2022
PRT,m,18-59,0,2022
PRT,m,60+,0,2022
PRY,f,0-4,0,2022
PRY,f,5-11,0,2022
PRY,f,12-17,5,2022
PRY,f,18-59,5,2022
PRY,f,60+,0,2022
PRY,m,0-4,0,2022
PRY,m,5-11,0,2022
PRY,m,12-17,0,2022
PRY,m,18-59,5,2022
PRY,m,60+,0,2022
ROU,f,0-4,0,2022
ROU,f,5-11,0,2022
ROU,f,12-17,0,2022
ROU,f,18-59,0,2022
ROU,f,60+,0,2022
ROU,m,0-4,0,2022
ROU,m,5-11,0,2022
ROU,m,12-17,0,2022
ROU,m,18-59,0,2022
ROU,m,60+,0,2022
ROU,f,0-4,19,2022
ROU,f,5-11,28,2022
ROU,f,12-17,19,2022
ROU,f,18-59,90,2022
ROU,f,60+,5,2022
ROU,m,0-4,13,2022
ROU,m,5-11,17,2022
ROU,m,12-17,35,2022
ROU,m,18-59,189,2022
ROU,m,60+,5,2022
RUS,f,0-4,0,2022
RUS,f,5-11,0,2022
RUS,f,12-17,0,2022
RUS,f,18-59,0,2022
RUS,f,60+,0,2022
RUS,m,0-4,0,2022
RUS,m,5-11,0,2022
RUS,m,12-17,0,2022
RUS,m,18-59,0,2022
RUS,m,60+,0,2022
RUS,f,0-4,0,2022
RUS,f,5-11,0,2022
RUS,f,12-17,0,2022
RUS,f,18-59,0,2022
RUS,f,60+,0,2022
RUS,m,0-4,0,2022
RUS,m,5-11,0,2022
RUS,m,12-17,0,2022
RUS,m,18-59,0,2022
RUS,m,60+,0,2022
SDN,f,0-4,0,2022
SDN,f,5-11,5,2022
SDN,f,12-17,0,2022
SDN,f,18-59,0,2022
SDN,f,60+,0,2022
SDN,m,0-4,0,2022
SDN,m,5-11,0,2022
SDN,m,12-17,0,2022
SDN,m,18-59,0,2022
SDN,m,60+,0,2022
SRB,f,0-4,0,2022
SRB,f,5-11,0,2022
SRB,f,12-17,0,2022
SRB,f,18-59,0,2022
SRB,f,60+,0,2022
SRB,m,0-4,0,2022
SRB,m,5-11,0,2022
SRB,m,12-17,0,2022
SRB,m,18-59,0,2022
SRB,m,60+,0,2022
SRB,f,0-4,0,2022
SRB,f,5-11,0,2022
SRB,f,12-17,0,2022
SRB,f,18-59,0,2022
SRB,f,60+,0,2022
SRB,m,0-4,0,2022
SRB,m,5-11,0,2022
SRB,m,12-17,0,2022
SRB,m,18-59,0,2022
SRB,m,60+,0,2022
SVK,f,0-4,0,2022
SVK,f,5-11,0,2022
SVK,f,12-17,0,2022
SVK,f,18-59,0,2022
SVK,f,60+,0,2022
SVK,m,0-4,0,2022
SVK,m,5-11,0,2022
SVK,m,12-17,0,2022
SVK,m,18-59,0,2022
SVK,m,60+,0,2022
SVK,f,0-4,0,2022
SVK,f,5-11,0,2022
SVK,f,12-17,0,2022
SVK,f,18-59,0,2022
SVK,f,60+,0,2022
SVK,m,0-4,0,2022
SVK,m,5-11,0,2022
SVK,m,12-17,0,2022
SVK,m,18-59,0,2022
SVK,m,60+,0,2022
SVN,f,0-4,0,2022
SVN,f,5-11,0,2022
SVN,f,12-17,0,2022
SVN,f,18-59,0,2022
SVN,f,60+,0,2022
SVN,m,0-4,0,2022
SVN,m,5-11,0,2022
SVN,m,12-17,0,2022
SVN,m,18-59,0,2022
SVN,m,60+,0,2022
SVN,f,0-4,0,2022
SVN,f,5-11,0,2022
SVN,f,12-17,0,2022
SVN,f,18-59,0,2022
SVN,f,60+,0,2022
SVN,m,0-4,0,2022
SVN,m,5-11,0,2022
SVN,m,12-17,0,2022
SVN,m,18-59,0,2022
SVN,m,60+,0,2022
SWE,f,0-4,0,2022
SWE,f,5-11,0,2022
SWE,f,12-17,0,2022
SWE,f,18-59,0,2022
SWE,f,60+,0,2022
SWE,m,0-4,0,2022
SWE,m,5-11,0,2022
SWE,m,12-17,0,2022
SWE,m,18-59,0,2022
SWE,m,60+,0,2022
SWE,f,0-4,0,2022
SWE,f,5-11,0,2022
SWE,f,12-17,0,2022
SWE,f,18-59,0,2022
SWE,f,60+,0,2022
SWE,m,0-4,0,2022
SWE,m,5-11,0,2022
SWE,m,12-17,0,2022
SWE,m,18-59,0,2022
SWE,m,60+,0,2022
SYR,f,0-4,6,2022
SYR,f,5-11,0,2022
SYR,f,12-17,6,2022
SYR,f,18-59,13,2022
SYR,f,60+,0,2022
SYR,m,0-4,0,2022
SYR,m,5-11,5,2022
SYR,m,12-17,12,2022
SYR,m,18-59,25,2022
SYR,m,60+,0,2022
SYR,f,0-4,56,2022
SYR,f,5-11,65,2022
SYR,f,12-17,64,2022
SYR,f,18-59,341,2022
SYR,f,60+,25,2022
SYR,m,0-4,51,2022
SYR,m,5-11,91,2022
SYR,m,12-17,76,2022
SYR,m,18-59,349,2022
SYR,m,60+,54,2022
THA,f,0-4,0,2022
THA,f,5-11,0,2022
THA,f,12-17,0,2022
THA,f,18-59,8,2022
THA,f,60+,0,2022
THA,m,0-4,0,2022
THA,m,5-11,5,2022
THA,m,12-17,0,2022
THA,m,18-59,5,2022
THA,m,60+,0,2022
THA,f,0-4,9,2022
THA,f,5-11,5,2022
THA,f,12-17,5,2022
THA,f,18-59,25,2022
THA,f,60+,0,2022
THA,m,0-4,10,2022
THA,m,5-11,8,2022
THA,m,12-17,9,2022
THA,m,18-59,57,2022
THA,m,60+,0,2022
TJK,f,0-4,50,2022
TJK,f,5-11,76,2022
TJK,f,12-17,58,2022
TJK,f,18-59,295,2022
TJK,f,60+,20,2022
TJK,m,0-4,43,2022
TJK,m,5-11,82,2022
TJK,m,12-17,86,2022
TJK,m,18-59,337,2022
TJK,m,60+,18,2022
TJK,f,0-4,252,2022
TJK,f,5-11,658,2022
TJK,f,12-17,567,2022
TJK,f,18-59,2523,2022
TJK,f,60+,240,2022
TJK,m,0-4,328,2022
TJK,m,5-11,684,2022
TJK,m,12-17,628,2022
TJK,m,18-59,2422,2022
TJK,m,60+,286,2022
TKM,f,0-4,0,2022
TKM,f,5-11,0,2022
TKM,f,12-17,0,2022
TKM,f,18-59,0,2022
TKM,f,60+,0,2022
TKM,m,0-4,0,2022
TKM,m,5-11,0,2022
TKM,m,12-17,0,2022
TKM,m,18-59,9,2022
TKM,m,60+,0,2022
TUN,f,0-4,0,2022
TUN,f,5-11,5,2022
TUN,f,12-17,0,2022
TUN,f,18-59,0,2022
TUN,f,60+,0,2022
TUN,m,0-4,0,2022
TUN,m,5-11,0,2022
TUN,m,12-17,0,2022
TUN,m,18-59,0,2022
TUN,m,60+,0,2022
TUR,f,0-4,6472,2022
TUR,f,5-11,10213,2022
TUR,f,12-17,6313,2022
TUR,f,18-59,25309,2022
TUR,f,60+,1186,2022
TUR,m,0-4,6933,2022
TUR,m,5-11,11278,2022
TUR,m,12-17,7993,2022
TUR,m,18-59,51813,2022
TUR,m,60+,1303,2022
TUR,f,0-4,0,2022
TUR,f,5-11,0,2022
TUR,f,12-17,0,2022
TUR,f,18-59,0,2022
TUR,f,60+,0,2022
TUR,m,0-4,0,2022
TUR,m,5-11,0,2022
TUR,m,12-17,0,2022
TUR,m,18-59,0,2022
TUR,m,60+,0,2022
UGA,f,0-4,0,2022
UGA,f,5-11,0,2022
UGA,f,12-17,5,2022
UGA,f,18-59,10,2022
UGA,f,60+,0,2022
UGA,m,0-4,0,2022
UGA,m,5-11,5,2022
UGA,m,12-17,0,2022
UGA,m,18-59,13,2022
UGA,m,60+,0,2022
UKR,f,0-4,0,2022
UKR,f,5-11,0,2022
UKR,f,12-17,0,2022
UKR,f,18-59,0,2022
UKR,f,60+,0,2022
UKR,m,0-4,0,2022
UKR,m,5-11,0,2022
UKR,m,12-17,0,2022
UKR,m,18-59,21,2022
UKR,m,60+,0,2022
UKR,f,0-4,0,2022
UKR,f,5-11,0,2022
UKR,f,12-17,65,2022
UKR,f,18-59,244,2022
UKR,f,60+,0,2022
UKR,m,0-4,0,2022
UKR,m,5-11,0,2022
UKR,m,12-17,52,2022
UKR,m,18-59,660,2022
UKR,m,60+,18,2022
URY,f,0-4,0,2022
URY,f,5-11,0,2022
URY,f,12-17,0,2022
URY,f,18-59,0,2022
URY,f,60+,0,2022
URY,m,0-4,0,2022
URY,m,5-11,0,2022
URY,m,12-17,0,2022
URY,m,18-59,6,2022
URY,m,60+,0,2022
USA,f,0-4,0,2022
USA,f,5-11,0,2022
USA,f,12-17,5,2022
USA,f,18-59,41,2022
USA,f,60+,0,2022
USA,m,0-4,0,2022
USA,m,5-11,10,2022
USA,m,12-17,0,2022
USA,m,18-59,116,2022
USA,m,60+,0,2022
USA,f,0-4,0,2022
USA,f,5-11,5,2022
USA,f,12-17,0,2022
USA,f,18-59,36,2022
USA,f,60+,0,2022
USA,m,0-4,0,2022
USA,m,5-11,5,2022
USA,m,12-17,0,2022
USA,m,18-59,88,2022
USA,m,60+,5,2022
UZB,f,0-4,0,2022
UZB,f,5-11,0,2022
UZB,f,12-17,0,2022
UZB,f,18-59,6,2022
UZB,f,60+,0,2022
UZB,m,0-4,0,2022
UZB,m,5-11,0,2022
UZB,m,12-17,0,2022
UZB,m,18-59,0,2022
UZB,m,60+,0,2022
VEN,f,0-4,0,2022
VEN,f,5-11,5,2022
VEN,f,12-17,0,2022
VEN,f,18-59,0,2022
VEN,f,60+,0,2022
VEN,m,0-4,0,2022
VEN,m,5-11,0,2022
VEN,m,12-17,0,2022
VEN,m,18-59,5,2022
VEN,m,60+,0,2022
ZAF,f,0-4,0,2022
ZAF,f,5-11,0,2022
ZAF,f,12-17,0,2022
ZAF,f,18-59,6,2022
ZAF,f,60+,0,2022
ZAF,m,0-4,0,2022
ZAF,m,5-11,0,2022
ZAF,m,12-17,0,2022
ZAF,m,18-59,7,2022
ZAF,m,60+,0,2022
ZAF,f,0-4,0,2022
ZAF,f,5-11,0,2022
ZAF,f,12-17,0,2022
ZAF,f,18-59,5,2022
ZAF,f,60+,0,2022
ZAF,m,0-4,0,2022
ZAF,m,5-11,0,2022
ZAF,m,12-17,0,2022
ZAF,m,18-59,0,2022
ZAF,m,60+,0,2022
ZMB,f,0-4,0,2022
ZMB,f,5-11,0,2022
ZMB,f,12-17,6,2022
ZMB,f,18-59,0,2022
ZMB,f,60+,0,2022
ZMB,m,0-4,0,2022
ZMB,m,5-11,0,2022
ZMB,m,12-17,0,2022
ZMB,m,18-59,0,2022
ZMB,m,60+,0,2022
AFG,f,0-4,122731,2023
AFG,f,5-11,227822,2023
AFG,f,12-17,170961,2023
AFG,f,18-59,302325,2023
AFG,f,60+,39475,2023
AFG,m,0-4,118291,2023
AFG,m,5-11,216969,2023
AFG,m,12-17,138027,2023
AFG,m,18-59,214744,2023
AFG,m,60+,32812,2023
AFG,f,0-4,3296,2023
AFG,f,5-11,4144,2023
AFG,f,12-17,2251,2023
AFG,f,18-59,7709,2023
AFG,f,60+,373,2023
AFG,m,0-4,3305,2023
AFG,m,5-11,3584,2023
AFG,m,12-17,1984,2023
AFG,m,18-59,6413,2023
AFG,m,60+,653,2023
ALB,f,0-4,0,2023
ALB,f,5-11,0,2023
ALB,f,12-17,0,2023
ALB,f,18-59,0,2023
ALB,f,60+,0,2023
ALB,m,0-4,0,2023
ALB,m,5-11,0,2023
ALB,m,12-17,0,2023
ALB,m,18-59,0,2023
ALB,m,60+,0,2023
ARE,f,0-4,0,2023
ARE,f,5-11,5,2023
ARE,f,12-17,0,2023
ARE,f,18-59,6,2023
ARE,f,60+,0,2023
ARE,m,0-4,0,2023
ARE,m,5-11,0,2023
ARE,m,12-17,0,2023
ARE,m,18-59,8,2023
ARE,m,60+,5,2023
ARE,f,0-4,0,2023
ARE,f,5-11,0,2023
ARE,f,12-17,6,2023
ARE,f,18-59,0,2023
ARE,f,60+,0,2023
ARE,m,0-4,0,2023
ARE,m,5-11,0,2023
ARE,m,12-17,0,2023
ARE,m,18-59,0,2023
ARE,m,60+,0,2023
ARG,f,0-4,0,2023
ARG,f,5-11,0,2023
ARG,f,12-17,0,2023
ARG,f,18-59,5,2023
ARG,f,60+,0,2023
ARG,m,0-4,0,2023
ARG,m,5-11,0,2023
ARG,m,12-17,0,2023
ARG,m,18-59,5,2023
ARG,m,60+,0,2023
ARG,f,0-4,0,2023
ARG,f,5-11,0,2023
ARG,f,12-17,6,2023
ARG,f,18-59,0,2023
ARG,f,60+,0,2023
ARG,m,0-4,0,2023
ARG,m,5-11,0,2023
ARG,m,12-17,8,2023
ARG,m,18-59,5,2023
ARG,m,60+,0,2023
ARM,f,0-4,0,2023
ARM,f,5-11,0,2023
ARM,f,12-17,0,2023
ARM,f,18-59,0,2023
ARM,f,60+,0,2023
ARM,m,0-4,0,2023
ARM,m,5-11,0,2023
ARM,m,12-17,0,2023
ARM,m,18-59,0,2023
ARM,m,60+,0,2023
AUS,f,0-4,0,2023
AUS,f,5-11,0,2023
AUS,f,12-17,0,2023
AUS,f,18-59,0,2023
AUS,f,60+,0,2023
AUS,m,0-4,0,2023
AUS,m,5-11,0,2023
AUS,m,12-17,0,2023
AUS,m,18-59,0,2023
AUS,m,60+,0,2023
AUS,f,0-4,0,2023
AUS,f,5-11,0,2023
AUS,f,12-17,0,2023
AUS,f,18-59,0,2023
AUS,f,60+,0,2023
AUS,m,0-4,0,2023
AUS,m,5-11,0,2023
AUS,m,12-17,0,2023
AUS,m,18-59,0,2023
AUS,m,60+,0,2023
AUT,f,0-4,0,2023
AUT,f,5-11,0,2023
AUT,f,12-17,0,2023
AUT,f,18-59,0,2023
AUT,f,60+,0,2023
AUT,m,0-4,0,2023
AUT,m,5-11,0,2023
AUT,m,12-17,0,2023
AUT,m,18-59,0,2023
AUT,m,60+,0,2023
AUT,f,0-4,2897,2023
AUT,f,5-11,4938,2023
AUT,f,12-17,2058,2023
AUT,f,18-59,7936,2023
AUT,f,60+,192,2023
AUT,m,0-4,2951,2023
AUT,m,5-11,5286,2023
AUT,m,12-17,2425,2023
AUT,m,18-59,12554,2023
AUT,m,60+,219,2023
AZE,f,0-4,0,2023
AZE,f,5-11,0,2023
AZE,f,12-17,0,2023
AZE,f,18-59,0,2023
AZE,f,60+,0,2023
AZE,m,0-4,0,2023
AZE,m,5-11,0,2023
AZE,m,12-17,0,2023
AZE,m,18-59,8,2023
AZE,m,60+,0,2023
AZE,f,0-4,44,2023
AZE,f,5-11,67,2023
AZE,f,12-17,41,2023
AZE,f,18-59,285,2023
AZE,f,60+,7,2023
AZE,m,0-4,39,2023
AZE,m,5-11,72,2023
AZE,m,12-17,71,2023
AZE,m,18-59,467,2023
AZE,m,60+,28,2023
BEL,f,0-4,0,2023
BEL,f,5-11,0,2023
BEL,f,12-17,0,2023
BEL,f,18-59,0,2023
BEL,f,60+,0,2023
BEL,m,0-4,0,2023
BEL,m,5-11,0,2023
BEL,m,12-17,0,2023
BEL,m,18-59,0,2023
BEL,m,60+,0,2023
BEL,f,0-4,0,2023
BEL,f,5-11,0,2023
BEL,f,12-17,0,2023
BEL,f,18-59,0,2023
BEL,f,60+,0,2023
BEL,m,0-4,0,2023
BEL,m,5-11,0,2023
BEL,m,12-17,0,2023
BEL,m,18-59,0,2023
BEL,m,60+,0,2023
BEN,f,0-4,0,2023
BEN,f,5-11,0,2023
BEN,f,12-17,0,2023
BEN,f,18-59,0,2023
BEN,f,60+,0,2023
BEN,m,0-4,0,2023
BEN,m,5-11,0,2023
BEN,m,12-17,0,2023
BEN,m,18-59,12,2023
BEN,m,60+,0,2023
BGR,f,0-4,0,2023
BGR,f,5-11,0,2023
BGR,f,12-17,0,2023
BGR,f,18-59,0,2023
BGR,f,60+,0,2023
BGR,m,0-4,0,2023
BGR,m,5-11,0,2023
BGR,m,12-17,0,2023
BGR,m,18-59,0,2023
BGR,m,60+,0,2023
BGR,f,0-4,0,2023
BGR,f,5-11,16,2023
BGR,f,12-17,41,2023
BGR,f,18-59,56,2023
BGR,f,60+,35,2023
BGR,m,0-4,0,2023
BGR,m,5-11,13,2023
BGR,m,12-17,41,2023
BGR,m,18-59,56,2023
BGR,m,60+,34,2023
BIH,f,0-4,0,2023
BIH,f,5-11,0,2023
BIH,f,12-17,0,2023
BIH,f,18-59,0,2023
BIH,f,60+,0,2023
BIH,m,0-4,0,2023
BIH,m,5-11,0,2023
BIH,m,12-17,0,2023
BIH,m,18-59,9,2023
BIH,m,60+,0,2023
BIH,f,0-4,0,2023
BIH,f,5-11,0,2023
BIH,f,12-17,0,2023
BIH,f,18-59,0,2023
BIH,f,60+,0,2023
BIH,m,0-4,0,2023
BIH,m,5-11,0,2023
BIH,m,12-17,0,2023
BIH,m,18-59,0,2023
BIH,m,60+,0,2023
BIH,f,0-4,0,2023
BIH,f,5-11,0,2023
BIH,f,12-17,0,2023
BIH,f,18-59,0,2023
BIH,f,60+,0,2023
BIH,m,0-4,0,2023
BIH,m,5-11,0,2023
BIH,m,12-17,0,2023
BIH,m,18-59,9,2023
BIH,m,60+,0,2023
BLR,f,0-4,0,2023
BLR,f,5-11,5,2023
BLR,f,12-17,0,2023
BLR,f,18-59,0,2023
BLR,f,60+,0,2023
BLR,m,0-4,0,2023
BLR,m,5-11,12,2023
BLR,m,12-17,0,2023
BLR,m,18-59,0,2023
BLR,m,60+,0,2023
BLR,f,0-4,6,2023
BLR,f,5-11,8,2023
BLR,f,12-17,0,2023
BLR,f,18-59,33,2023
BLR,f,60+,5,2023
BLR,m,0-4,0,2023
BLR,m,5-11,11,2023
BLR,m,12-17,8,2023
BLR,m,18-59,64,2023
BLR,m,60+,5,2023
BRA,f,0-4,0,2023
BRA,f,5-11,0,2023
BRA,f,12-17,0,2023
BRA,f,18-59,0,2023
BRA,f,60+,0,2023
BRA,m,0-4,0,2023
BRA,m,5-11,0,2023
BRA,m,12-17,0,2023
BRA,m,18-59,0,2023
BRA,m,60+,0,2023
BRA,f,0-4,19,2023
BRA,f,5-11,58,2023
BRA,f,12-17,33,2023
BRA,f,18-59,289,2023
BRA,f,60+,12,2023
BRA,m,0-4,30,2023
BRA,m,5-11,48,2023
BRA,m,12-17,46,2023
BRA,m,18-59,596,2023
BRA,m,60+,15,2023
CAN,f,0-4,0,2023
CAN,f,5-11,0,2023
CAN,f,12-17,0,2023
CAN,f,18-59,0,2023
CAN,f,60+,0,2023
CAN,m,0-4,0,2023
CAN,m,5-11,0,2023
CAN,m,12-17,0,2023
CAN,m,18-59,0,2023
CAN,m,60+,0,2023
CAN,f,0-4,0,2023
CAN,f,5-11,0,2023
CAN,f,12-17,0,2023
CAN,f,18-59,0,2023
CAN,f,60+,0,2023
CAN,m,0-4,0,2023
CAN,m,5-11,0,2023
CAN,m,12-17,0,2023
CAN,m,18-59,0,2023
CAN,m,60+,0,2023
CHE,f,0-4,80,2023
CHE,f,5-11,84,2023
CHE,f,12-17,56,2023
CHE,f,18-59,315,2023
CHE,f,60+,16,2023
CHE,m,0-4,75,2023
CHE,m,5-11,114,2023
CHE,m,12-17,651,2023
CHE,m,18-59,1436,2023
CHE,m,60+,16,2023
CHE,f,0-4,206,2023
CHE,f,5-11,543,2023
CHE,f,12-17,372,2023
CHE,f,18-59,1606,2023
CHE,f,60+,134,2023
CHE,m,0-4,235,2023
CHE,m,5-11,570,2023
CHE,m,12-17,3726,2023
CHE,m,18-59,7173,2023
CHE,m,60+,144,2023
CHL,f,0-4,0,2023
CHL,f,5-11,0,2023
CHL,f,12-17,6,2023
CHL,f,18-59,37,2023
CHL,f,60+,0,2023
CHL,m,0-4,0,2023
CHL,m,5-11,0,2023
CHL,m,12-17,5,2023
CHL,m,18-59,22,2023
CHL,m,60+,0,2023
CHL,f,0-4,0,2023
CHL,f,5-11,0,2023
CHL,f,12-17,8,2023
CHL,f,18-59,85,2023
CHL,f,60+,5,2023
CHL,m,0-4,0,2023
CHL,m,5-11,0,2023
CHL,m,12-17,7,2023
CHL,m,18-59,51,2023
CHL,m,60+,0,2023
CHN,f,0-4,0,2023
CHN,f,5-11,5,2023
CHN,f,12-17,0,2023
CHN,f,18-59,0,2023
CHN,f,60+,0,2023
CHN,m,0-4,5,2023
CHN,m,5-11,0,2023
CHN,m,12-17,0,2023
CHN,m,18-59,23,2023
CHN,m,60+,0,2023
CHN,f,0-4,0,2023
CHN,f,5-11,16,2023
CHN,f,12-17,0,2023
CHN,f,18-59,0,2023
CHN,f,60+,0,2023
CHN,m,0-4,0,2023
CHN,m,5-11,0,2023
CHN,m,12-17,0,2023
CHN,m,18-59,7,2023
CHN,m,60+,0,2023
COL,f,0-4,0,2023
COL,f,5-11,0,2023
COL,f,12-17,0,2023
COL,f,18-59,0,2023
COL,f,60+,0,2023
COL,m,0-4,0,2023
COL,m,5-11,0,2023
COL,m,12-17,0,2023
COL,m,18-59,0,2023
COL,m,60+,0,2023
COL,f,0-4,0,2023
COL,f,5-11,0,2023
COL,f,12-17,0,2023
COL,f,18-59,0,2023
COL,f,60+,0,2023
COL,m,0-4,0,2023
COL,m,5-11,0,2023
COL,m,12-17,0,2023
COL,m,18-59,0,2023
COL,m,60+,0,2023
CUB,f,0-4,0,2023
CUB,f,5-11,0,2023
CUB,f,12-17,0,2023
CUB,f,18-59,0,2023
CUB,f,60+,0,2023
CUB,m,0-4,0,2023
CUB,m,5-11,0,2023
CUB,m,12-17,0,2023
CUB,m,18-59,9,2023
CUB,m,60+,0,2023
CYP,f,0-4,0,2023
CYP,f,5-11,0,2023
CYP,f,12-17,0,2023
CYP,f,18-59,0,2023
CYP,f,60+,0,2023
CYP,m,0-4,0,2023
CYP,m,5-11,0,2023
CYP,m,12-17,0,2023
CYP,m,18-59,0,2023
CYP,m,60+,0,2023
CYP,f,0-4,0,2023
CYP,f,5-11,0,2023
CYP,f,12-17,0,2023
CYP,f,18-59,0,2023
CYP,f,60+,0,2023
CYP,m,0-4,0,2023
CYP,m,5-11,0,2023
CYP,m,12-17,0,2023
CYP,m,18-59,0,2023
CYP,m,60+,0,2023
CZE,f,0-4,0,2023
CZE,f,5-11,0,2023
CZE,f,12-17,0,2023
CZE,f,18-59,0,2023
CZE,f,60+,0,2023
CZE,m,0-4,0,2023
CZE,m,5-11,0,2023
CZE,m,12-17,5,2023
CZE,m,18-59,0,2023
CZE,m,60+,0,2023
CZE,f,0-4,0,2023
CZE,f,5-11,0,2023
CZE,f,12-17,0,2023
CZE,f,18-59,0,2023
CZE,f,60+,0,2023
CZE,m,0-4,0,2023
CZE,m,5-11,0,2023
CZE,m,12-17,0,2023
CZE,m,18-59,7,2023
CZE,m,60+,0,2023
DEU,f,0-4,1103,2023
DEU,f,5-11,1223,2023
DEU,f,12-17,841,2023
DEU,f,18-59,4154,2023
DEU,f,60+,188,2023
DEU,m,0-4,1231,2023
DEU,m,5-11,1479,2023
DEU,m,12-17,5942,2023
DEU,m,18-59,28371,2023
DEU,m,60+,249,2023
DEU,f,0-4,6906,2023
DEU,f,5-11,19548,2023
DEU,f,12-17,13929,2023
DEU,f,18-59,57182,2023
DEU,f,60+,5624,2023
DEU,m,0-4,7236,2023
DEU,m,5-11,20752,2023
DEU,m,12-17,16913,2023
DEU,m,18-59,101378,2023
DEU,m,60+,5224,2023
DNK,f,0-4,0,2023
DNK,f,5-11,0,2023
DNK,f,12-17,0,2023
DNK,f,18-59,0,2023
DNK,f,60+,0,2023
DNK,m,0-4,0,2023
DNK,m,5-11,0,2023
DNK,m,12-17,0,2023
DNK,m,18-59,0,2023
DNK,m,60+,0,2023
DNK,f,0-4,12,2023
DNK,f,5-11,102,2023
DNK,f,12-17,69,2023
DNK,f,18-59,481,2023
DNK,f,60+,16,2023
DNK,m,0-4,10,2023
DNK,m,5-11,83,2023
DNK,m,12-17,97,2023
DNK,m,18-59,1080,2023
DNK,m,60+,22,2023
DOM,f,0-4,0,2023
DOM,f,5-11,0,2023
DOM,f,12-17,0,2023
DOM,f,18-59,0,2023
DOM,f,60+,0,2023
DOM,m,0-4,0,2023
DOM,m,5-11,0,2023
DOM,m,12-17,0,2023
DOM,m,18-59,5,2023
DOM,m,60+,0,2023
DOM,f,0-4,0,2023
DOM,f,5-11,0,2023
DOM,f,12-17,0,2023
DOM,f,18-59,0,2023
DOM,f,60+,0,2023
DOM,m,0-4,0,2023
DOM,m,5-11,0,2023
DOM,m,12-17,0,2023
DOM,m,18-59,7,2023
DOM,m,60+,0,2023
ECU,f,0-4,0,2023
ECU,f,5-11,8,2023
ECU,f,12-17,6,2023
ECU,f,18-59,50,2023
ECU,f,60+,8,2023
ECU,m,0-4,0,2023
ECU,m,5-11,5,2023
ECU,m,12-17,12,2023
ECU,m,18-59,52,2023
ECU,m,60+,9,2023
EGY,f,0-4,10,2023
EGY,f,5-11,26,2023
EGY,f,12-17,10,2023
EGY,f,18-59,63,2023
EGY,f,60+,0,2023
EGY,m,0-4,12,2023
EGY,m,5-11,24,2023
EGY,m,12-17,7,2023
EGY,m,18-59,286,2023
EGY,m,60+,0,2023
EGY,f,0-4,0,2023
EGY,f,5-11,0,2023
EGY,f,12-17,0,2023
EGY,f,18-59,10,2023
EGY,f,60+,0,2023
EGY,m,0-4,0,2023
EGY,m,5-11,6,2023
EGY,m,12-17,0,2023
EGY,m,18-59,18,2023
EGY,m,60+,0,2023
ESP,f,0-4,0,2023
ESP,f,5-11,0,2023
ESP,f,12-17,0,2023
ESP,f,18-59,0,2023
ESP,f,60+,0,2023
ESP,m,0-4,0,2023
ESP,m,5-11,0,2023
ESP,m,12-17,0,2023
ESP,m,18-59,0,2023
ESP,m,60+,0,2023
ESP,f,0-4,0,2023
ESP,f,5-11,0,2023
ESP,f,12-17,0,2023
ESP,f,18-59,0,2023
ESP,f,60+,0,2023
ESP,m,0-4,0,2023
ESP,m,5-11,0,2023
ESP,m,12-17,0,2023
ESP,m,18-59,0,2023
ESP,m,60+,0,2023
EST,f,0-4,0,2023
EST,f,5-11,0,2023
EST,f,12-17,0,2023
EST,f,18-59,0,2023
EST,f,60+,0,2023
EST,m,0-4,0,2023
EST,m,5-11,0,2023
EST,m,12-17,0,2023
EST,m,18-59,0,2023
EST,m,60+,0,2023
EST,f,0-4,0,2023
EST,f,5-11,0,2023
EST,f,12-17,0,2023
EST,f,18-59,0,2023
EST,f,60+,0,2023
EST,m,0-4,0,2023
EST,m,5-11,0,2023
EST,m,12-17,0,2023
EST,m,18-59,0,2023
EST,m,60+,0,2023
ETH,f,0-4,0,2023
ETH,f,5-11,0,2023
ETH,f,12-17,0,2023
ETH,f,18-59,0,2023
ETH,f,60+,0,2023
ETH,m,0-4,0,2023
ETH,m,5-11,0,2023
ETH,m,12-17,0,2023
ETH,m,18-59,5,2023
ETH,m,60+,0,2023
FIN,f,0-4,0,2023
FIN,f,5-11,0,2023
FIN,f,12-17,0,2023
FIN,f,18-59,0,2023
FIN,f,60+,0,2023
FIN,m,0-4,0,2023
FIN,m,5-11,0,2023
FIN,m,12-17,0,2023
FIN,m,18-59,0,2023
FIN,m,60+,0,2023
FIN,f,0-4,0,2023
FIN,f,5-11,0,2023
FIN,f,12-17,0,2023
FIN,f,18-59,0,2023
FIN,f,60+,0,2023
FIN,m,0-4,0,2023
FIN,m,5-11,0,2023
FIN,m,12-17,0,2023
FIN,m,18-59,0,2023
FIN,m,60+,0,2023
FJI,f,0-4,0,2023
FJI,f,5-11,0,2023
FJI,f,12-17,0,2023
FJI,f,18-59,5,2023
FJI,f,60+,0,2023
FJI,m,0-4,0,2023
FJI,m,5-11,0,2023
FJI,m,12-17,0,2023
FJI,m,18-59,0,2023
FJI,m,60+,0,2023
FRA,f,0-4,0,2023
FRA,f,5-11,0,2023
FRA,f,12-17,0,2023
FRA,f,18-59,0,2023
FRA,f,60+,0,2023
FRA,m,0-4,0,2023
FRA,m,5-11,0,2023
FRA,m,12-17,0,2023
FRA,m,18-59,0,2023
FRA,m,60+,0,2023
FRA,f,0-4,0,2023
FRA,f,5-11,0,2023
FRA,f,12-17,0,2023
FRA,f,18-59,0,2023
FRA,f,60+,0,2023
FRA,m,0-4,0,2023
FRA,m,5-11,0,2023
FRA,m,12-17,0,2023
FRA,m,18-59,0,2023
FRA,m,60+,0,2023
GBR,f,0-4,0,2023
GBR,f,5-11,0,2023
GBR,f,12-17,0,2023
GBR,f,18-59,0,2023
GBR,f,60+,0,2023
GBR,m,0-4,0,2023
GBR,m,5-11,0,2023
GBR,m,12-17,0,2023
GBR,m,18-59,0,2023
GBR,m,60+,0,2023
GBR,f,0-4,304,2023
GBR,f,5-11,2036,2023
GBR,f,12-17,3970,2023
GBR,f,18-59,10310,2023
GBR,f,60+,3284,2023
GBR,m,0-4,136,2023
GBR,m,5-11,1441,2023
GBR,m,12-17,5003,2023
GBR,m,18-59,15605,2023
GBR,m,60+,3287,2023
GEO,f,0-4,0,2023
GEO,f,5-11,0,2023
GEO,f,12-17,0,2023
GEO,f,18-59,0,2023
GEO,f,60+,0,2023
GEO,m,0-4,0,2023
GEO,m,5-11,0,2023
GEO,m,12-17,0,2023
GEO,m,18-59,8,2023
GEO,m,60+,0,2023
GEO,f,0-4,0,2023
GEO,f,5-11,0,2023
GEO,f,12-17,9,2023
GEO,f,18-59,29,2023
GEO,f,60+,0,2023
GEO,m,0-4,0,2023
GEO,m,5-11,5,2023
GEO,m,12-17,12,2023
GEO,m,18-59,23,2023
GEO,m,60+,0,2023
GHA,f,0-4,0,2023
GHA,f,5-11,0,2023
GHA,f,12-17,0,2023
GHA,f,18-59,0,2023
GHA,f,60+,0,2023
GHA,m,0-4,0,2023
GHA,m,5-11,0,2023
GHA,m,12-17,0,2023
GHA,m,18-59,5,2023
GHA,m,60+,0,2023
GHA,f,0-4,0,2023
GHA,f,5-11,0,2023
GHA,f,12-17,6,2023
GHA,f,18-59,7,2023
GHA,f,60+,0,2023
GHA,m,0-4,0,2023
GHA,m,5-11,9,2023
GHA,m,12-17,0,2023
GHA,m,18-59,0,2023
GHA,m,60+,0,2023
GMB,f,0-4,0,2023
GMB,f,5-11,0,2023
GMB,f,12-17,0,2023
GMB,f,18-59,0,2023
GMB,f,60+,0,2023
GMB,m,0-4,0,2023
GMB,m,5-11,0,2023
GMB,m,12-17,0,2023
GMB,m,18-59,5,2023
GMB,m,60+,0,2023
GRC,f,0-4,0,2023
GRC,f,5-11,0,2023
GRC,f,12-17,0,2023
GRC,f,18-59,0,2023
GRC,f,60+,0,2023
GRC,m,0-4,0,2023
GRC,m,5-11,0,2023
GRC,m,12-17,0,2023
GRC,m,18-59,0,2023
GRC,m,60+,0,2023
GRC,f,0-4,2616,2023
GRC,f,5-11,3092,2023
GRC,f,12-17,1699,2023
GRC,f,18-59,10223,2023
GRC,f,60+,282,2023
GRC,m,0-4,2074,2023
GRC,m,5-11,3685,2023
GRC,m,12-17,3162,2023
GRC,m,18-59,15255,2023
GRC,m,60+,213,2023
GUY,f,0-4,0,2023
GUY,f,5-11,0,2023
GUY,f,12-17,0,2023
GUY,f,18-59,0,2023
GUY,f,60+,0,2023
GUY,m,0-4,0,2023
GUY,m,5-11,0,2023
GUY,m,12-17,0,2023
GUY,m,18-59,7,2023
GUY,m,60+,0,2023
HKG,f,0-4,0,2023
HKG,f,5-11,0,2023
HKG,f,12-17,0,2023
HKG,f,18-59,0,2023
HKG,f,60+,0,2023
HKG,m,0-4,0,2023
HKG,m,5-11,7,2023
HKG,m,12-17,0,2023
HKG,m,18-59,5,2023
HKG,m,60+,0,2023
HRV,f,0-4,0,2023
HRV,f,5-11,0,2023
HRV,f,12-17,0,2023
HRV,f,18-59,0,2023
HRV,f,60+,0,2023
HRV,m,0-4,0,2023
HRV,m,5-11,0,2023
HRV,m,12-17,0,2023
HRV,m,18-59,0,2023
HRV,m,60+,0,2023
HRV,f,0-4,0,2023
HRV,f,5-11,0,2023
HRV,f,12-17,0,2023
HRV,f,18-59,0,2023
HRV,f,60+,0,2023
HRV,m,0-4,0,2023
HRV,m,5-11,0,2023
HRV,m,12-17,0,2023
HRV,m,18-59,0,2023
HRV,m,60+,0,2023
HRV,f,0-4,0,2023
HRV,f,5-11,0,2023
HRV,f,12-17,0,2023
HRV,f,18-59,0,2023
HRV,f,60+,0,2023
HRV,m,0-4,0,2023
HRV,m,5-11,0,2023
HRV,m,12-17,0,2023
HRV,m,18-59,0,2023
HRV,m,60+,0,2023
HUN,f,0-4,0,2023
HUN,f,5-11,0,2023
HUN,f,12-17,0,2023
HUN,f,18-59,0,2023
HUN,f,60+,0,2023
HUN,m,0-4,0,2023
HUN,m,5-11,0,2023
HUN,m,12-17,0,2023
HUN,m,18-59,0,2023
HUN,m,60+,0,2023
IDN,f,0-4,24,2023
IDN,f,5-11,64,2023
IDN,f,12-17,50,2023
IDN,f,18-59,217,2023
IDN,f,60+,25,2023
IDN,m,0-4,17,2023
IDN,m,5-11,76,2023
IDN,m,12-17,50,2023
IDN,m,18-59,350,2023
IDN,m,60+,16,2023
IDN,f,0-4,128,2023
IDN,f,5-11,222,2023
IDN,f,12-17,153,2023
IDN,f,18-59,673,2023
IDN,f,60+,35,2023
IDN,m,0-4,142,2023
IDN,m,5-11,230,2023
IDN,m,12-17,181,2023
IDN,m,18-59,3285,2023
IDN,m,60+,41,2023
IND,f,0-4,75,2023
IND,f,5-11,99,2023
IND,f,12-17,42,2023
IND,f,18-59,408,2023
IND,f,60+,26,2023
IND,m,0-4,63,2023
IND,m,5-11,94,2023
IND,m,12-17,56,2023
IND,m,18-59,1206,2023
IND,m,60+,46,2023
IND,f,0-4,250,2023
IND,f,5-11,684,2023
IND,f,12-17,645,2023
IND,f,18-59,3187,2023
IND,f,60+,278,2023
IND,m,0-4,263,2023
IND,m,5-11,742,2023
IND,m,12-17,732,2023
IND,m,18-59,3050,2023
IND,m,60+,278,2023
IRL,f,0-4,17,2023
IRL,f,5-11,12,2023
IRL,f,12-17,23,2023
IRL,f,18-59,64,2023
IRL,f,60+,11,2023
IRL,m,0-4,14,2023
IRL,m,5-11,22,2023
IRL,m,12-17,80,2023
IRL,m,18-59,1015,2023
IRL,m,60+,15,2023
IRL,f,0-4,5,2023
IRL,f,5-11,17,2023
IRL,f,12-17,5,2023
IRL,f,18-59,38,2023
IRL,f,60+,7,2023
IRL,m,0-4,5,2023
IRL,m,5-11,11,2023
IRL,m,12-17,52,2023
IRL,m,18-59,1178,2023
IRL,m,60+,5,2023
IRN,f,0-4,256346,2023
IRN,f,5-11,428865,2023
IRN,f,12-17,285906,2023
IRN,f,18-59,880453,2023
IRN,f,60+,105435,2023
IRN,m,0-4,262582,2023
IRN,m,5-11,418912,2023
IRN,m,12-17,247858,2023
IRN,m,18-59,727417,2023
IRN,m,60+,138543,2023
IRQ,f,0-4,82,2023
IRQ,f,5-11,83,2023
IRQ,f,12-17,44,2023
IRQ,f,18-59,274,2023
IRQ,f,60+,23,2023
IRQ,m,0-4,73,2023
IRQ,m,5-11,77,2023
IRQ,m,12-17,88,2023
IRQ,m,18-59,900,2023
IRQ,m,60+,22,2023
IRQ,f,0-4,0,2023
IRQ,f,5-11,0,2023
IRQ,f,12-17,0,2023
IRQ,f,18-59,0,2023
IRQ,f,60+,0,2023
IRQ,m,0-4,0,2023
IRQ,m,5-11,8,2023
IRQ,m,12-17,0,2023
IRQ,m,18-59,0,2023
IRQ,m,60+,0,2023
IRQ,f,0-4,0,2023
IRQ,f,5-11,6,2023
IRQ,f,12-17,10,2023
IRQ,f,18-59,0,2023
IRQ,f,60+,0,2023
IRQ,m,0-4,0,2023
IRQ,m,5-11,0,2023
IRQ,m,12-17,0,2023
IRQ,m,18-59,5,2023
IRQ,m,60+,0,2023
ISL,f,0-4,0,2023
ISL,f,5-11,0,2023
ISL,f,12-17,0,2023
ISL,f,18-59,0,2023
ISL,f,60+,0,2023
ISL,m,0-4,0,2023
ISL,m,5-11,0,2023
ISL,m,12-17,0,2023
ISL,m,18-59,0,2023
ISL,m,60+,0,2023
ISL,f,0-4,0,2023
ISL,f,5-11,0,2023
ISL,f,12-17,0,2023
ISL,f,18-59,0,2023
ISL,f,60+,0,2023
ISL,m,0-4,0,2023
ISL,m,5-11,0,2023
ISL,m,12-17,0,2023
ISL,m,18-59,0,2023
ISL,m,60+,0,2023
ITA,f,0-4,0,2023
ITA,f,5-11,0,2023
ITA,f,12-17,0,2023
ITA,f,18-59,0,2023
ITA,f,60+,0,2023
ITA,m,0-4,0,2023
ITA,m,5-11,0,2023
ITA,m,12-17,0,2023
ITA,m,18-59,0,2023
ITA,m,60+,0,2023
ITA,f,0-4,0,2023
ITA,f,5-11,0,2023
ITA,f,12-17,0,2023
ITA,f,18-59,0,2023
ITA,f,60+,0,2023
ITA,m,0-4,0,2023
ITA,m,5-11,0,2023
ITA,m,12-17,0,2023
ITA,m,18-59,0,2023
ITA,m,60+,0,2023
JOR,f,0-4,0,2023
JOR,f,5-11,0,2023
JOR,f,12-17,0,2023
JOR,f,18-59,0,2023
JOR,f,60+,0,2023
JOR,m,0-4,0,2023
JOR,m,5-11,0,2023
JOR,m,12-17,0,2023
JOR,m,18-59,8,2023
JOR,m,60+,0,2023
JOR,f,0-4,0,2023
JOR,f,5-11,0,2023
JOR,f,12-17,0,2023
JOR,f,18-59,0,2023
JOR,f,60+,0,2023
JOR,m,0-4,0,2023
JOR,m,5-11,0,2023
JOR,m,12-17,0,2023
JOR,m,18-59,9,2023
JOR,m,60+,0,2023
JPN,f,0-4,0,2023
JPN,f,5-11,0,2023
JPN,f,12-17,0,2023
JPN,f,18-59,0,2023
JPN,f,60+,0,2023
JPN,m,0-4,0,2023
JPN,m,5-11,0,2023
JPN,m,12-17,0,2023
JPN,m,18-59,0,2023
JPN,m,60+,0,2023
KAZ,f,0-4,10,2023
KAZ,f,5-11,13,2023
KAZ,f,12-17,7,2023
KAZ,f,18-59,53,2023
KAZ,f,60+,5,2023
KAZ,m,0-4,5,2023
KAZ,m,5-11,9,2023
KAZ,m,12-17,12,2023
KAZ,m,18-59,90,2023
KAZ,m,60+,5,2023
KAZ,f,0-4,0,2023
KAZ,f,5-11,13,2023
KAZ,f,12-17,9,2023
KAZ,f,18-59,65,2023
KAZ,f,60+,9,2023
KAZ,m,0-4,0,2023
KAZ,m,5-11,10,2023
KAZ,m,12-17,13,2023
KAZ,m,18-59,53,2023
KAZ,m,60+,10,2023
KEN,f,0-4,5,2023
KEN,f,5-11,7,2023
KEN,f,12-17,0,2023
KEN,f,18-59,35,2023
KEN,f,60+,0,2023
KEN,m,0-4,0,2023
KEN,m,5-11,8,2023
KEN,m,12-17,14,2023
KEN,m,18-59,31,2023
KEN,m,60+,0,2023
KEN,f,0-4,5,2023
KEN,f,5-11,6,2023
KEN,f,12-17,0,2023
KEN,f,18-59,10,2023
KEN,f,60+,0,2023
KEN,m,0-4,0,2023
KEN,m,5-11,5,2023
KEN,m,12-17,5,2023
KEN,m,18-59,15,2023
KEN,m,60+,0,2023
KGZ,f,0-4,12,2023
KGZ,f,5-11,17,2023
KGZ,f,12-17,12,2023
KGZ,f,18-59,43,2023
KGZ,f,60+,5,2023
KGZ,m,0-4,0,2023
KGZ,m,5-11,14,2023
KGZ,m,12-17,13,2023
KGZ,m,18-59,101,2023
KGZ,m,60+,5,2023
KGZ,f,0-4,7,2023
KGZ,f,5-11,13,2023
KGZ,f,12-17,5,2023
KGZ,f,18-59,58,2023
KGZ,f,60+,0,2023
KGZ,m,0-4,9,2023
KGZ,m,5-11,16,2023
KGZ,m,12-17,5,2023
KGZ,m,18-59,63,2023
KGZ,m,60+,0,2023
KOR,f,0-4,0,2023
KOR,f,5-11,0,2023
KOR,f,12-17,0,2023
KOR,f,18-59,0,2023
KOR,f,60+,0,2023
KOR,m,0-4,0,2023
KOR,m,5-11,0,2023
KOR,m,12-17,0,2023
KOR,m,18-59,0,2023
KOR,m,60+,0,2023
KOR,f,0-4,0,2023
KOR,f,5-11,0,2023
KOR,f,12-17,0,2023
KOR,f,18-59,0,2023
KOR,f,60+,0,2023
KOR,m,0-4,0,2023
KOR,m,5-11,0,2023
KOR,m,12-17,0,2023
KOR,m,18-59,0,2023
KOR,m,60+,0,2023
KWT,f,0-4,0,2023
KWT,f,5-11,5,2023
KWT,f,12-17,0,2023
KWT,f,18-59,6,2023
KWT,f,60+,0,2023
KWT,m,0-4,0,2023
KWT,m,5-11,0,2023
KWT,m,12-17,6,2023
KWT,m,18-59,0,2023
KWT,m,60+,0,2023
LBN,f,0-4,6,2023
LBN,f,5-11,0,2023
LBN,f,12-17,0,2023
LBN,f,18-59,0,2023
LBN,f,60+,0,2023
LBN,m,0-4,0,2023
LBN,m,5-11,0,2023
LBN,m,12-17,0,2023
LBN,m,18-59,0,2023
LBN,m,60+,0,2023
LBN,f,0-4,5,2023
LBN,f,5-11,0,2023
LBN,f,12-17,0,2023
LBN,f,18-59,12,2023
LBN,f,60+,0,2023
LBN,m,0-4,0,2023
LBN,m,5-11,0,2023
LBN,m,12-17,5,2023
LBN,m,18-59,10,2023
LBN,m,60+,0,2023
LBY,f,0-4,5,2023
LBY,f,5-11,0,2023
LBY,f,12-17,0,2023
LBY,f,18-59,0,2023
LBY,f,60+,0,2023
LBY,m,0-4,0,2023
LBY,m,5-11,0,2023
LBY,m,12-17,0,2023
LBY,m,18-59,0,2023
LBY,m,60+,0,2023
LKA,f,0-4,0,2023
LKA,f,5-11,0,2023
LKA,f,12-17,6,2023
LKA,f,18-59,12,2023
LKA,f,60+,0,2023
LKA,m,0-4,9,2023
LKA,m,5-11,0,2023
LKA,m,12-17,0,2023
LKA,m,18-59,26,2023
LKA,m,60+,0,2023
LTU,f,0-4,0,2023
LTU,f,5-11,0,2023
LTU,f,12-17,0,2023
LTU,f,18-59,0,2023
LTU,f,60+,0,2023
LTU,m,0-4,0,2023
LTU,m,5-11,0,2023
LTU,m,12-17,0,2023
LTU,m,18-59,0,2023
LTU,m,60+,0,2023
LTU,f,0-4,0,2023
LTU,f,5-11,0,2023
LTU,f,12-17,0,2023
LTU,f,18-59,0,2023
LTU,f,60+,0,2023
LTU,m,0-4,0,2023
LTU,m,5-11,0,2023
LTU,m,12-17,0,2023
LTU,m,18-59,0,2023
LTU,m,60+,0,2023
LUX,f,0-4,0,2023
LUX,f,5-11,0,2023
LUX,f,12-17,0,2023
LUX,f,18-59,0,2023
LUX,f,60+,0,2023
LUX,m,0-4,0,2023
LUX,m,5-11,0,2023
LUX,m,12-17,0,2023
LUX,m,18-59,0,2023
LUX,m,60+,0,2023
LUX,f,0-4,0,2023
LUX,f,5-11,0,2023
LUX,f,12-17,0,2023
LUX,f,18-59,0,2023
LUX,f,60+,0,2023
LUX,m,0-4,0,2023
LUX,m,5-11,0,2023
LUX,m,12-17,0,2023
LUX,m,18-59,0,2023
LUX,m,60+,0,2023
LVA,f,0-4,0,2023
LVA,f,5-11,0,2023
LVA,f,12-17,0,2023
LVA,f,18-59,0,2023
LVA,f,60+,0,2023
LVA,m,0-4,0,2023
LVA,m,5-11,0,2023
LVA,m,12-17,0,2023
LVA,m,18-59,0,2023
LVA,m,60+,0,2023
LVA,f,0-4,0,2023
LVA,f,5-11,0,2023
LVA,f,12-17,0,2023
LVA,f,18-59,0,2023
LVA,f,60+,0,2023
LVA,m,0-4,0,2023
LVA,m,5-11,0,2023
LVA,m,12-17,0,2023
LVA,m,18-59,0,2023
LVA,m,60+,0,2023
MAR,f,0-4,0,2023
MAR,f,5-11,0,2023
MAR,f,12-17,0,2023
MAR,f,18-59,0,2023
MAR,f,60+,0,2023
MAR,m,0-4,0,2023
MAR,m,5-11,0,2023
MAR,m,12-17,0,2023
MAR,m,18-59,9,2023
MAR,m,60+,0,2023
MAR,f,0-4,0,2023
MAR,f,5-11,0,2023
MAR,f,12-17,0,2023
MAR,f,18-59,0,2023
MAR,f,60+,0,2023
MAR,m,0-4,0,2023
MAR,m,5-11,0,2023
MAR,m,12-17,0,2023
MAR,m,18-59,7,2023
MAR,m,60+,0,2023
MDA,f,0-4,0,2023
MDA,f,5-11,0,2023
MDA,f,12-17,0,2023
MDA,f,18-59,0,2023
MDA,f,60+,0,2023
MDA,m,0-4,0,2023
MDA,m,5-11,0,2023
MDA,m,12-17,0,2023
MDA,m,18-59,0,2023
MDA,m,60+,0,2023
MDG,f,0-4,0,2023
MDG,f,5-11,0,2023
MDG,f,12-17,0,2023
MDG,f,18-59,0,2023
MDG,f,60+,0,2023
MDG,m,0-4,0,2023
MDG,m,5-11,0,2023
MDG,m,12-17,0,2023
MDG,m,18-59,5,2023
MDG,m,60+,0,2023
MEX,f,0-4,74,2023
MEX,f,5-11,97,2023
MEX,f,12-17,56,2023
MEX,f,18-59,412,2023
MEX,f,60+,14,2023
MEX,m,0-4,94,2023
MEX,m,5-11,97,2023
MEX,m,12-17,72,2023
MEX,m,18-59,1284,2023
MEX,m,60+,23,2023
MEX,f,0-4,0,2023
MEX,f,5-11,0,2023
MEX,f,12-17,0,2023
MEX,f,18-59,5,2023
MEX,f,60+,0,2023
MEX,m,0-4,0,2023
MEX,m,5-11,0,2023
MEX,m,12-17,0,2023
MEX,m,18-59,6,2023
MEX,m,60+,0,2023
MKD,f,0-4,0,2023
MKD,f,5-11,0,2023
MKD,f,12-17,0,2023
MKD,f,18-59,0,2023
MKD,f,60+,0,2023
MKD,m,0-4,0,2023
MKD,m,5-11,0,2023
MKD,m,12-17,5,2023
MKD,m,18-59,0,2023
MKD,m,60+,0,2023
MKD,f,0-4,0,2023
MKD,f,5-11,0,2023
MKD,f,12-17,0,2023
MKD,f,18-59,0,2023
MKD,f,60+,0,2023
MKD,m,0-4,0,2023
MKD,m,5-11,0,2023
MKD,m,12-17,0,2023
MKD,m,18-59,0,2023
MKD,m,60+,0,2023
MLT,f,0-4,0,2023
MLT,f,5-11,0,2023
MLT,f,12-17,0,2023
MLT,f,18-59,0,2023
MLT,f,60+,0,2023
MLT,m,0-4,0,2023
MLT,m,5-11,0,2023
MLT,m,12-17,0,2023
MLT,m,18-59,0,2023
MLT,m,60+,0,2023
MNG,f,0-4,0,2023
MNG,f,5-11,0,2023
MNG,f,12-17,0,2023
MNG,f,18-59,0,2023
MNG,f,60+,0,2023
MNG,m,0-4,0,2023
MNG,m,5-11,0,2023
MNG,m,12-17,0,2023
MNG,m,18-59,5,2023
MNG,m,60+,0,2023
MYS,f,0-4,48,2023
MYS,f,5-11,78,2023
MYS,f,12-17,64,2023
MYS,f,18-59,329,2023
MYS,f,60+,23,2023
MYS,m,0-4,46,2023
MYS,m,5-11,93,2023
MYS,m,12-17,60,2023
MYS,m,18-59,641,2023
MYS,m,60+,12,2023
MYS,f,0-4,42,2023
MYS,f,5-11,107,2023
MYS,f,12-17,83,2023
MYS,f,18-59,407,2023
MYS,f,60+,27,2023
MYS,m,0-4,65,2023
MYS,m,5-11,94,2023
MYS,m,12-17,111,2023
MYS,m,18-59,550,2023
MYS,m,60+,26,2023
NGA,f,0-4,0,2023
NGA,f,5-11,0,2023
NGA,f,12-17,0,2023
NGA,f,18-59,0,2023
NGA,f,60+,0,2023
NGA,m,0-4,0,2023
NGA,m,5-11,0,2023
NGA,m,12-17,0,2023
NGA,m,18-59,5,2023
NGA,m,60+,0,2023
NLD,f,0-4,0,2023
NLD,f,5-11,0,2023
NLD,f,12-17,0,2023
NLD,f,18-59,0,2023
NLD,f,60+,0,2023
NLD,m,0-4,0,2023
NLD,m,5-11,0,2023
NLD,m,12-17,0,2023
NLD,m,18-59,0,2023
NLD,m,60+,0,2023
NLD,f,0-4,226,2023
NLD,f,5-11,318,2023
NLD,f,12-17,183,2023
NLD,f,18-59,1447,2023
NLD,f,60+,54,2023
NLD,m,0-4,182,2023
NLD,m,5-11,361,2023
NLD,m,12-17,376,2023
NLD,m,18-59,5748,2023
NLD,m,60+,78,2023
NOR,f,0-4,0,2023
NOR,f,5-11,0,2023
NOR,f,12-17,0,2023
NOR,f,18-59,0,2023
NOR,f,60+,0,2023
NOR,m,0-4,0,2023
NOR,m,5-11,0,2023
NOR,m,12-17,0,2023
NOR,m,18-59,0,2023
NOR,m,60+,0,2023
NOR,f,0-4,72,2023
NOR,f,5-11,101,2023
NOR,f,12-17,58,2023
NOR,f,18-59,461,2023
NOR,f,60+,19,2023
NOR,m,0-4,58,2023
NOR,m,5-11,115,2023
NOR,m,12-17,120,2023
NOR,m,18-59,1835,2023
NOR,m,60+,25,2023
NPL,f,0-4,0,2023
NPL,f,5-11,5,2023
NPL,f,12-17,0,2023
NPL,f,18-59,11,2023
NPL,f,60+,0,2023
NPL,m,0-4,0,2023
NPL,m,5-11,0,2023
NPL,m,12-17,5,2023
NPL,m,18-59,13,2023
NPL,m,60+,0,2023
NZL,f,0-4,0,2023
NZL,f,5-11,0,2023
NZL,f,12-17,0,2023
NZL,f,18-59,0,2023
NZL,f,60+,0,2023
NZL,m,0-4,0,2023
NZL,m,5-11,0,2023
NZL,m,12-17,0,2023
NZL,m,18-59,0,2023
NZL,m,60+,0,2023
NZL,f,0-4,0,2023
NZL,f,5-11,0,2023
NZL,f,12-17,0,2023
NZL,f,18-59,0,2023
NZL,f,60+,0,2023
NZL,m,0-4,0,2023
NZL,m,5-11,0,2023
NZL,m,12-17,0,2023
NZL,m,18-59,0,2023
NZL,m,60+,0,2023
OMN,f,0-4,0,2023
OMN,f,5-11,0,2023
OMN,f,12-17,0,2023
OMN,f,18-59,0,2023
OMN,f,60+,0,2023
OMN,m,0-4,0,2023
OMN,m,5-11,0,2023
OMN,m,12-17,0,2023
OMN,m,18-59,5,2023
OMN,m,60+,0,2023
PAK,f,0-4,3171,2023
PAK,f,5-11,6161,2023
PAK,f,12-17,4616,2023
PAK,f,18-59,16843,2023
PAK,f,60+,1135,2023
PAK,m,0-4,3188,2023
PAK,m,5-11,6583,2023
PAK,m,12-17,5199,2023
PAK,m,18-59,13374,2023
PAK,m,60+,1181,2023
PAK,f,0-4,0,2023
PAK,f,5-11,9,2023
PAK,f,12-17,0,2023
PAK,f,18-59,26,2023
PAK,f,60+,0,2023
PAK,m,0-4,0,2023
PAK,m,5-11,0,2023
PAK,m,12-17,5,2023
PAK,m,18-59,9,2023
PAK,m,60+,0,2023
PAK,f,0-4,98961,2023
PAK,f,5-11,187166,2023
PAK,f,12-17,98994,2023
PAK,f,18-59,322715,2023
PAK,f,60+,22459,2023
PAK,m,0-4,98441,2023
PAK,m,5-11,195204,2023
PAK,m,12-17,106012,2023
PAK,m,18-59,352707,2023
PAK,m,60+,32132,2023
PAN,f,0-4,0,2023
PAN,f,5-11,0,2023
PAN,f,12-17,0,2023
PAN,f,18-59,0,2023
PAN,f,60+,0,2023
PAN,m,0-4,0,2023
PAN,m,5-11,0,2023
PAN,m,12-17,0,2023
PAN,m,18-59,0,2023
PAN,m,60+,0,2023
PAN,f,0-4,0,2023
PAN,f,5-11,0,2023
PAN,f,12-17,0,2023
PAN,f,18-59,0,2023
PAN,f,60+,0,2023
PAN,m,0-4,0,2023
PAN,m,5-11,0,2023
PAN,m,12-17,0,2023
PAN,m,18-59,0,2023
PAN,m,60+,0,2023
PER,f,0-4,0,2023
PER,f,5-11,0,2023
PER,f,12-17,0,2023
PER,f,18-59,0,2023
PER,f,60+,0,2023
PER,m,0-4,0,2023
PER,m,5-11,0,2023
PER,m,12-17,0,2023
PER,m,18-59,0,2023
PER,m,60+,0,2023
PHL,f,0-4,0,2023
PHL,f,5-11,0,2023
PHL,f,12-17,0,2023
PHL,f,18-59,0,2023
PHL,f,60+,0,2023
PHL,m,0-4,0,2023
PHL,m,5-11,0,2023
PHL,m,12-17,0,2023
PHL,m,18-59,6,2023
PHL,m,60+,0,2023
PHL,f,0-4,0,2023
PHL,f,5-11,0,2023
PHL,f,12-17,0,2023
PHL,f,18-59,0,2023
PHL,f,60+,0,2023
PHL,m,0-4,0,2023
PHL,m,5-11,0,2023
PHL,m,12-17,8,2023
PHL,m,18-59,6,2023
PHL,m,60+,0,2023
PNG,f,0-4,0,2023
PNG,f,5-11,0,2023
PNG,f,12-17,0,2023
PNG,f,18-59,0,2023
PNG,f,60+,0,2023
PNG,m,0-4,0,2023
PNG,m,5-11,0,2023
PNG,m,12-17,0,2023
PNG,m,18-59,9,2023
PNG,m,60+,0,2023
POL,f,0-4,0,2023
POL,f,5-11,0,2023
POL,f,12-17,0,2023
POL,f,18-59,0,2023
POL,f,60+,0,2023
POL,m,0-4,0,2023
POL,m,5-11,0,2023
POL,m,12-17,0,2023
POL,m,18-59,0,2023
POL,m,60+,0,2023
POL,f,0-4,0,2023
POL,f,5-11,0,2023
POL,f,12-17,0,2023
POL,f,18-59,0,2023
POL,f,60+,0,2023
POL,m,0-4,0,2023
POL,m,5-11,0,2023
POL,m,12-17,0,2023
POL,m,18-59,0,2023
POL,m,60+,0,2023
PRT,f,0-4,0,2023
PRT,f,5-11,0,2023
PRT,f,12-17,0,2023
PRT,f,18-59,0,2023
PRT,f,60+,0,2023
PRT,m,0-4,0,2023
PRT,m,5-11,0,2023
PRT,m,12-17,0,2023
PRT,m,18-59,0,2023
PRT,m,60+,0,2023
PRT,f,0-4,5,2023
PRT,f,5-11,29,2023
PRT,f,12-17,99,2023
PRT,f,18-59,213,2023
PRT,f,60+,116,2023
PRT,m,0-4,5,2023
PRT,m,5-11,29,2023
PRT,m,12-17,100,2023
PRT,m,18-59,213,2023
PRT,m,60+,110,2023
PRY,f,0-4,0,2023
PRY,f,5-11,5,2023
PRY,f,12-17,0,2023
PRY,f,18-59,5,2023
PRY,f,60+,0,2023
PRY,m,0-4,0,2023
PRY,m,5-11,0,2023
PRY,m,12-17,5,2023
PRY,m,18-59,0,2023
PRY,m,60+,0,2023
ROU,f,0-4,0,2023
ROU,f,5-11,0,2023
ROU,f,12-17,0,2023
ROU,f,18-59,0,2023
ROU,f,60+,0,2023
ROU,m,0-4,0,2023
ROU,m,5-11,0,2023
ROU,m,12-17,0,2023
ROU,m,18-59,0,2023
ROU,m,60+,0,2023
ROU,f,0-4,19,2023
ROU,f,5-11,31,2023
ROU,f,12-17,17,2023
ROU,f,18-59,92,2023
ROU,f,60+,5,2023
ROU,m,0-4,12,2023
ROU,m,5-11,15,2023
ROU,m,12-17,19,2023
ROU,m,18-59,183,2023
ROU,m,60+,8,2023
RUS,f,0-4,0,2023
RUS,f,5-11,0,2023
RUS,f,12-17,0,2023
RUS,f,18-59,0,2023
RUS,f,60+,0,2023
RUS,m,0-4,0,2023
RUS,m,5-11,0,2023
RUS,m,12-17,0,2023
RUS,m,18-59,0,2023
RUS,m,60+,0,2023
RUS,f,0-4,0,2023
RUS,f,5-11,0,2023
RUS,f,12-17,0,2023
RUS,f,18-59,0,2023
RUS,f,60+,0,2023
RUS,m,0-4,0,2023
RUS,m,5-11,0,2023
RUS,m,12-17,0,2023
RUS,m,18-59,0,2023
RUS,m,60+,0,2023
RWA,f,0-4,0,2023
RWA,f,5-11,5,2023
RWA,f,12-17,0,2023
RWA,f,18-59,0,2023
RWA,f,60+,0,2023
RWA,m,0-4,0,2023
RWA,m,5-11,0,2023
RWA,m,12-17,0,2023
RWA,m,18-59,9,2023
RWA,m,60+,0,2023
SDN,f,0-4,0,2023
SDN,f,5-11,5,2023
SDN,f,12-17,0,2023
SDN,f,18-59,0,2023
SDN,f,60+,0,2023
SDN,m,0-4,0,2023
SDN,m,5-11,0,2023
SDN,m,12-17,0,2023
SDN,m,18-59,0,2023
SDN,m,60+,0,2023
SEN,f,0-4,0,2023
SEN,f,5-11,0,2023
SEN,f,12-17,0,2023
SEN,f,18-59,0,2023
SEN,f,60+,0,2023
SEN,m,0-4,0,2023
SEN,m,5-11,5,2023
SEN,m,12-17,0,2023
SEN,m,18-59,0,2023
SEN,m,60+,0,2023
SRB,f,0-4,0,2023
SRB,f,5-11,0,2023
SRB,f,12-17,0,2023
SRB,f,18-59,0,2023
SRB,f,60+,0,2023
SRB,m,0-4,0,2023
SRB,m,5-11,0,2023
SRB,m,12-17,0,2023
SRB,m,18-59,0,2023
SRB,m,60+,0,2023
SRB,f,0-4,0,2023
SRB,f,5-11,0,2023
SRB,f,12-17,0,2023
SRB,f,18-59,0,2023
SRB,f,60+,0,2023
SRB,m,0-4,0,2023
SRB,m,5-11,0,2023
SRB,m,12-17,0,2023
SRB,m,18-59,5,2023
SRB,m,60+,0,2023
SUR,f,0-4,0,2023
SUR,f,5-11,0,2023
SUR,f,12-17,0,2023
SUR,f,18-59,0,2023
SUR,f,60+,0,2023
SUR,m,0-4,0,2023
SUR,m,5-11,0,2023
SUR,m,12-17,0,2023
SUR,m,18-59,0,2023
SUR,m,60+,0,2023
SVK,f,0-4,0,2023
SVK,f,5-11,0,2023
SVK,f,12-17,0,2023
SVK,f,18-59,0,2023
SVK,f,60+,0,2023
SVK,m,0-4,0,2023
SVK,m,5-11,0,2023
SVK,m,12-17,0,2023
SVK,m,18-59,0,2023
SVK,m,60+,0,2023
SVK,f,0-4,0,2023
SVK,f,5-11,0,2023
SVK,f,12-17,0,2023
SVK,f,18-59,0,2023
SVK,f,60+,0,2023
SVK,m,0-4,0,2023
SVK,m,5-11,0,2023
SVK,m,12-17,0,2023
SVK,m,18-59,0,2023
SVK,m,60+,0,2023
SVN,f,0-4,0,2023
SVN,f,5-11,0,2023
SVN,f,12-17,0,2023
SVN,f,18-59,0,2023
SVN,f,60+,0,2023
SVN,m,0-4,0,2023
SVN,m,5-11,0,2023
SVN,m,12-17,0,2023
SVN,m,18-59,0,2023
SVN,m,60+,0,2023
SVN,f,0-4,0,2023
SVN,f,5-11,0,2023
SVN,f,12-17,0,2023
SVN,f,18-59,0,2023
SVN,f,60+,0,2023
SVN,m,0-4,0,2023
SVN,m,5-11,0,2023
SVN,m,12-17,0,2023
SVN,m,18-59,0,2023
SVN,m,60+,0,2023
SWE,f,0-4,0,2023
SWE,f,5-11,0,2023
SWE,f,12-17,0,2023
SWE,f,18-59,0,2023
SWE,f,60+,0,2023
SWE,m,0-4,0,2023
SWE,m,5-11,0,2023
SWE,m,12-17,0,2023
SWE,m,18-59,0,2023
SWE,m,60+,0,2023
SWE,f,0-4,421,2023
SWE,f,5-11,1345,2023
SWE,f,12-17,1150,2023
SWE,f,18-59,6657,2023
SWE,f,60+,427,2023
SWE,m,0-4,366,2023
SWE,m,5-11,1187,2023
SWE,m,12-17,1391,2023
SWE,m,18-59,9032,2023
SWE,m,60+,303,2023
SYR,f,0-4,5,2023
SYR,f,5-11,20,2023
SYR,f,12-17,20,2023
SYR,f,18-59,34,2023
SYR,f,60+,0,2023
SYR,m,0-4,14,2023
SYR,m,5-11,21,2023
SYR,m,12-17,19,2023
SYR,m,18-59,48,2023
SYR,m,60+,7,2023
SYR,f,0-4,50,2023
SYR,f,5-11,77,2023
SYR,f,12-17,59,2023
SYR,f,18-59,341,2023
SYR,f,60+,30,2023
SYR,m,0-4,44,2023
SYR,m,5-11,98,2023
SYR,m,12-17,78,2023
SYR,m,18-59,355,2023
SYR,m,60+,59,2023
THA,f,0-4,0,2023
THA,f,5-11,0,2023
THA,f,12-17,0,2023
THA,f,18-59,6,2023
THA,f,60+,0,2023
THA,m,0-4,0,2023
THA,m,5-11,6,2023
THA,m,12-17,0,2023
THA,m,18-59,11,2023
THA,m,60+,0,2023
THA,f,0-4,5,2023
THA,f,5-11,11,2023
THA,f,12-17,5,2023
THA,f,18-59,24,2023
THA,f,60+,0,2023
THA,m,0-4,5,2023
THA,m,5-11,12,2023
THA,m,12-17,7,2023
THA,m,18-59,50,2023
THA,m,60+,0,2023
TJK,f,0-4,63,2023
TJK,f,5-11,86,2023
TJK,f,12-17,69,2023
TJK,f,18-59,377,2023
TJK,f,60+,31,2023
TJK,m,0-4,67,2023
TJK,m,5-11,112,2023
TJK,m,12-17,86,2023
TJK,m,18-59,461,2023
TJK,m,60+,30,2023
TJK,f,0-4,181,2023
TJK,f,5-11,543,2023
TJK,f,12-17,445,2023
TJK,f,18-59,2121,2023
TJK,f,60+,193,2023
TJK,m,0-4,240,2023
TJK,m,5-11,567,2023
TJK,m,12-17,512,2023
TJK,m,18-59,2047,2023
TJK,m,60+,238,2023
TKM,f,0-4,0,2023
TKM,f,5-11,0,2023
TKM,f,12-17,0,2023
TKM,f,18-59,0,2023
TKM,f,60+,0,2023
TKM,m,0-4,0,2023
TKM,m,5-11,0,2023
TKM,m,12-17,0,2023
TKM,m,18-59,9,2023
TKM,m,60+,0,2023
TUN,f,0-4,0,2023
TUN,f,5-11,5,2023
TUN,f,12-17,0,2023
TUN,f,18-59,0,2023
TUN,f,60+,0,2023
TUN,m,0-4,0,2023
TUN,m,5-11,0,2023
TUN,m,12-17,0,2023
TUN,m,18-59,0,2023
TUN,m,60+,0,2023
TUR,f,0-4,0,2023
TUR,f,5-11,0,2023
TUR,f,12-17,0,2023
TUR,f,18-59,0,2023
TUR,f,60+,0,2023
TUR,m,0-4,0,2023
TUR,m,5-11,0,2023
TUR,m,12-17,0,2023
TUR,m,18-59,0,2023
TUR,m,60+,0,2023
TUR,f,0-4,0,2023
TUR,f,5-11,0,2023
TUR,f,12-17,0,2023
TUR,f,18-59,0,2023
TUR,f,60+,0,2023
TUR,m,0-4,0,2023
TUR,m,5-11,0,2023
TUR,m,12-17,0,2023
TUR,m,18-59,0,2023
TUR,m,60+,0,2023
UGA,f,0-4,0,2023
UGA,f,5-11,7,2023
UGA,f,12-17,5,2023
UGA,f,18-59,16,2023
UGA,f,60+,0,2023
UGA,m,0-4,0,2023
UGA,m,5-11,8,2023
UGA,m,12-17,0,2023
UGA,m,18-59,20,2023
UGA,m,60+,0,2023
UGA,f,0-4,5,2023
UGA,f,5-11,6,2023
UGA,f,12-17,6,2023
UGA,f,18-59,31,2023
UGA,f,60+,5,2023
UGA,m,0-4,5,2023
UGA,m,5-11,10,2023
UGA,m,12-17,5,2023
UGA,m,18-59,34,2023
UGA,m,60+,5,2023
UKR,f,0-4,0,2023
UKR,f,5-11,0,2023
UKR,f,12-17,0,2023
UKR,f,18-59,0,2023
UKR,f,60+,0,2023
UKR,m,0-4,0,2023
UKR,m,5-11,0,2023
UKR,m,12-17,0,2023
UKR,m,18-59,5,2023
UKR,m,60+,0,2023
UKR,f,0-4,0,2023
UKR,f,5-11,0,2023
UKR,f,12-17,61,2023
UKR,f,18-59,239,2023
UKR,f,60+,0,2023
UKR,m,0-4,0,2023
UKR,m,5-11,0,2023
UKR,m,12-17,46,2023
UKR,m,18-59,653,2023
UKR,m,60+,18,2023
URY,f,0-4,0,2023
URY,f,5-11,0,2023
URY,f,12-17,0,2023
URY,f,18-59,0,2023
URY,f,60+,0,2023
URY,m,0-4,0,2023
URY,m,5-11,0,2023
URY,m,12-17,0,2023
URY,m,18-59,6,2023
URY,m,60+,0,2023
USA,f,0-4,0,2023
USA,f,5-11,0,2023
USA,f,12-17,0,2023
USA,f,18-59,0,2023
USA,f,60+,0,2023
USA,m,0-4,0,2023
USA,m,5-11,0,2023
USA,m,12-17,0,2023
USA,m,18-59,0,2023
USA,m,60+,0,2023
USA,f,0-4,0,2023
USA,f,5-11,0,2023
USA,f,12-17,0,2023
USA,f,18-59,0,2023
USA,f,60+,0,2023
USA,m,0-4,0,2023
USA,m,5-11,0,2023
USA,m,12-17,0,2023
USA,m,18-59,0,2023
USA,m,60+,0,2023
UZB,f,0-4,0,2023
UZB,f,5-11,0,2023
UZB,f,12-17,0,2023
UZB,f,18-59,5,2023
UZB,f,60+,0,2023
UZB,m,0-4,0,2023
UZB,m,5-11,0,2023
UZB,m,12-17,0,2023
UZB,m,18-59,0,2023
UZB,m,60+,0,2023
VEN,f,0-4,0,2023
VEN,f,5-11,5,2023
VEN,f,12-17,0,2023
VEN,f,18-59,0,2023
VEN,f,60+,0,2023
VEN,m,0-4,0,2023
VEN,m,5-11,0,2023
VEN,m,12-17,0,2023
VEN,m,18-59,5,2023
VEN,m,60+,0,2023
ZAF,f,0-4,0,2023
ZAF,f,5-11,0,2023
ZAF,f,12-17,0,2023
ZAF,f,18-59,0,2023
ZAF,f,60+,0,2023
ZAF,m,0-4,0,2023
ZAF,m,5-11,0,2023
ZAF,m,12-17,0,2023
ZAF,m,18-59,9,2023
ZAF,m,60+,0,2023
ZAF,f,0-4,0,2023
ZAF,f,5-11,0,2023
ZAF,f,12-17,0,2023
ZAF,f,18-59,5,2023
ZAF,f,60+,0,2023
ZAF,m,0-4,0,2023
ZAF,m,5-11,0,2023
ZAF,m,12-17,0,2023
ZAF,m,18-59,0,2023
ZAF,m,60+,0,2023
ZMB,f,0-4,0,2023
ZMB,f,5-11,0,2023
ZMB,f,12-17,0,2023
ZMB,f,18-59,0,2023
ZMB,f,60+,0,2023
ZMB,m,0-4,0,2023
ZMB,m,5-11,0,2023
ZMB,m,12-17,7,2023
ZMB,m,18-59,0,2023
ZMB,m,60+,0,2023
AFG,f,0-4,29480,2024
AFG,f,5-11,50278,2024
AFG,f,12-17,83056,2024
AFG,f,18-59,106308,2024
AFG,f,60+,29687,2024
AFG,m,0-4,40688,2024
AFG,m,5-11,50542,2024
AFG,m,12-17,45709,2024
AFG,m,18-59,143671,2024
AFG,m,60+,20581,2024
AFG,f,0-4,6449,2024
AFG,f,5-11,9367,2024
AFG,f,12-17,4672,2024
AFG,f,18-59,14314,2024
AFG,f,60+,870,2024
AFG,m,0-4,6383,2024
AFG,m,5-11,9330,2024
AFG,m,12-17,4476,2024
AFG,m,18-59,15534,2024
AFG,m,60+,1491,2024
ALB,f,0-4,0,2024
ALB,f,5-11,0,2024
ALB,f,12-17,0,2024
ALB,f,18-59,0,2024
ALB,f,60+,0,2024
ALB,m,0-4,0,2024
ALB,m,5-11,0,2024
ALB,m,12-17,0,2024
ALB,m,18-59,0,2024
ALB,m,60+,0,2024
ARE,f,0-4,0,2024
ARE,f,5-11,0,2024
ARE,f,12-17,0,2024
ARE,f,18-59,5,2024
ARE,f,60+,0,2024
ARE,m,0-4,0,2024
ARE,m,5-11,0,2024
ARE,m,12-17,0,2024
ARE,m,18-59,6,2024
ARE,m,60+,0,2024
ARE,f,0-4,0,2024
ARE,f,5-11,0,2024
ARE,f,12-17,0,2024
ARE,f,18-59,5,2024
ARE,f,60+,0,2024
ARE,m,0-4,0,2024
ARE,m,5-11,0,2024
ARE,m,12-17,0,2024
ARE,m,18-59,0,2024
ARE,m,60+,0,2024
ARG,f,0-4,0,2024
ARG,f,5-11,0,2024
ARG,f,12-17,0,2024
ARG,f,18-59,8,2024
ARG,f,60+,0,2024
ARG,m,0-4,0,2024
ARG,m,5-11,0,2024
ARG,m,12-17,5,2024
ARG,m,18-59,15,2024
ARG,m,60+,0,2024
ARM,f,0-4,0,2024
ARM,f,5-11,0,2024
ARM,f,12-17,0,2024
ARM,f,18-59,0,2024
ARM,f,60+,0,2024
ARM,m,0-4,0,2024
ARM,m,5-11,0,2024
ARM,m,12-17,0,2024
ARM,m,18-59,0,2024
ARM,m,60+,0,2024
ARM,f,0-4,0,2024
ARM,f,5-11,0,2024
ARM,f,12-17,0,2024
ARM,f,18-59,0,2024
ARM,f,60+,0,2024
ARM,m,0-4,0,2024
ARM,m,5-11,0,2024
ARM,m,12-17,0,2024
ARM,m,18-59,5,2024
ARM,m,60+,0,2024
AUS,f,0-4,0,2024
AUS,f,5-11,0,2024
AUS,f,12-17,0,2024
AUS,f,18-59,0,2024
AUS,f,60+,0,2024
AUS,m,0-4,0,2024
AUS,m,5-11,0,2024
AUS,m,12-17,0,2024
AUS,m,18-59,0,2024
AUS,m,60+,0,2024
AUS,f,0-4,0,2024
AUS,f,5-11,0,2024
AUS,f,12-17,0,2024
AUS,f,18-59,0,2024
AUS,f,60+,0,2024
AUS,m,0-4,0,2024
AUS,m,5-11,0,2024
AUS,m,12-17,0,2024
AUS,m,18-59,0,2024
AUS,m,60+,0,2024
AUT,f,0-4,171,2024
AUT,f,5-11,198,2024
AUT,f,12-17,149,2024
AUT,f,18-59,695,2024
AUT,f,60+,47,2024
AUT,m,0-4,87,2024
AUT,m,5-11,229,2024
AUT,m,12-17,395,2024
AUT,m,18-59,2295,2024
AUT,m,60+,42,2024
AUT,f,0-4,8785,2024
AUT,f,5-11,4094,2024
AUT,f,12-17,1713,2024
AUT,f,18-59,9802,2024
AUT,f,60+,89,2024
AUT,m,0-4,8701,2024
AUT,m,5-11,5474,2024
AUT,m,12-17,2103,2024
AUT,m,18-59,3808,2024
AUT,m,60+,120,2024
AZE,f,0-4,0,2024
AZE,f,5-11,0,2024
AZE,f,12-17,0,2024
AZE,f,18-59,8,2024
AZE,f,60+,0,2024
AZE,m,0-4,0,2024
AZE,m,5-11,0,2024
AZE,m,12-17,5,2024
AZE,m,18-59,5,2024
AZE,m,60+,0,2024
AZE,f,0-4,35,2024
AZE,f,5-11,68,2024
AZE,f,12-17,41,2024
AZE,f,18-59,266,2024
AZE,f,60+,8,2024
AZE,m,0-4,33,2024
AZE,m,5-11,74,2024
AZE,m,12-17,58,2024
AZE,m,18-59,467,2024
AZE,m,60+,30,2024
BEL,f,0-4,0,2024
BEL,f,5-11,0,2024
BEL,f,12-17,0,2024
BEL,f,18-59,0,2024
BEL,f,60+,0,2024
BEL,m,0-4,0,2024
BEL,m,5-11,0,2024
BEL,m,12-17,0,2024
BEL,m,18-59,0,2024
BEL,m,60+,0,2024
BEL,f,0-4,0,2024
BEL,f,5-11,0,2024
BEL,f,12-17,0,2024
BEL,f,18-59,0,2024
BEL,f,60+,0,2024
BEL,m,0-4,0,2024
BEL,m,5-11,0,2024
BEL,m,12-17,0,2024
BEL,m,18-59,0,2024
BEL,m,60+,0,2024
BEN,f,0-4,0,2024
BEN,f,5-11,0,2024
BEN,f,12-17,0,2024
BEN,f,18-59,0,2024
BEN,f,60+,0,2024
BEN,m,0-4,0,2024
BEN,m,5-11,0,2024
BEN,m,12-17,0,2024
BEN,m,18-59,12,2024
BEN,m,60+,0,2024
BGD,f,0-4,0,2024
BGD,f,5-11,0,2024
BGD,f,12-17,0,2024
BGD,f,18-59,0,2024
BGD,f,60+,0,2024
BGD,m,0-4,0,2024
BGD,m,5-11,0,2024
BGD,m,12-17,0,2024
BGD,m,18-59,5,2024
BGD,m,60+,0,2024
BGR,f,0-4,0,2024
BGR,f,5-11,0,2024
BGR,f,12-17,0,2024
BGR,f,18-59,0,2024
BGR,f,60+,0,2024
BGR,m,0-4,0,2024
BGR,m,5-11,0,2024
BGR,m,12-17,0,2024
BGR,m,18-59,0,2024
BGR,m,60+,0,2024
BGR,f,0-4,0,2024
BGR,f,5-11,0,2024
BGR,f,12-17,0,2024
BGR,f,18-59,0,2024
BGR,f,60+,0,2024
BGR,m,0-4,0,2024
BGR,m,5-11,0,2024
BGR,m,12-17,0,2024
BGR,m,18-59,0,2024
BGR,m,60+,0,2024
BIH,f,0-4,0,2024
BIH,f,5-11,0,2024
BIH,f,12-17,0,2024
BIH,f,18-59,0,2024
BIH,f,60+,0,2024
BIH,m,0-4,0,2024
BIH,m,5-11,0,2024
BIH,m,12-17,0,2024
BIH,m,18-59,11,2024
BIH,m,60+,0,2024
BIH,f,0-4,0,2024
BIH,f,5-11,0,2024
BIH,f,12-17,0,2024
BIH,f,18-59,0,2024
BIH,f,60+,0,2024
BIH,m,0-4,0,2024
BIH,m,5-11,0,2024
BIH,m,12-17,0,2024
BIH,m,18-59,0,2024
BIH,m,60+,0,2024
BIH,f,0-4,0,2024
BIH,f,5-11,0,2024
BIH,f,12-17,0,2024
BIH,f,18-59,0,2024
BIH,f,60+,0,2024
BIH,m,0-4,0,2024
BIH,m,5-11,0,2024
BIH,m,12-17,0,2024
BIH,m,18-59,14,2024
BIH,m,60+,0,2024
BLR,f,0-4,0,2024
BLR,f,5-11,0,2024
BLR,f,12-17,0,2024
BLR,f,18-59,0,2024
BLR,f,60+,0,2024
BLR,m,0-4,0,2024
BLR,m,5-11,0,2024
BLR,m,12-17,0,2024
BLR,m,18-59,6,2024
BLR,m,60+,0,2024
BLR,f,0-4,0,2024
BLR,f,5-11,5,2024
BLR,f,12-17,5,2024
BLR,f,18-59,11,2024
BLR,f,60+,5,2024
BLR,m,0-4,0,2024
BLR,m,5-11,0,2024
BLR,m,12-17,7,2024
BLR,m,18-59,25,2024
BLR,m,60+,0,2024
BRA,f,0-4,0,2024
BRA,f,5-11,0,2024
BRA,f,12-17,0,2024
BRA,f,18-59,0,2024
BRA,f,60+,0,2024
BRA,m,0-4,0,2024
BRA,m,5-11,0,2024
BRA,m,12-17,0,2024
BRA,m,18-59,0,2024
BRA,m,60+,0,2024
BRA,f,0-4,31,2024
BRA,f,5-11,82,2024
BRA,f,12-17,41,2024
BRA,f,18-59,363,2024
BRA,f,60+,13,2024
BRA,m,0-4,36,2024
BRA,m,5-11,67,2024
BRA,m,12-17,67,2024
BRA,m,18-59,701,2024
BRA,m,60+,26,2024
CAN,f,0-4,50,2024
CAN,f,5-11,143,2024
CAN,f,12-17,91,2024
CAN,f,18-59,481,2024
CAN,f,60+,43,2024
CAN,m,0-4,56,2024
CAN,m,5-11,148,2024
CAN,m,12-17,111,2024
CAN,m,18-59,1405,2024
CAN,m,60+,56,2024
CAN,f,0-4,99,2024
CAN,f,5-11,109,2024
CAN,f,12-17,120,2024
CAN,f,18-59,539,2024
CAN,f,60+,50,2024
CAN,m,0-4,110,2024
CAN,m,5-11,168,2024
CAN,m,12-17,126,2024
CAN,m,18-59,1721,2024
CAN,m,60+,37,2024
CHE,f,0-4,56,2024
CHE,f,5-11,61,2024
CHE,f,12-17,41,2024
CHE,f,18-59,193,2024
CHE,f,60+,7,2024
CHE,m,0-4,50,2024
CHE,m,5-11,61,2024
CHE,m,12-17,301,2024
CHE,m,18-59,610,2024
CHE,m,60+,8,2024
CHE,f,0-4,146,2024
CHE,f,5-11,249,2024
CHE,f,12-17,160,2024
CHE,f,18-59,688,2024
CHE,f,60+,29,2024
CHE,m,0-4,200,2024
CHE,m,5-11,299,2024
CHE,m,12-17,2596,2024
CHE,m,18-59,9390,2024
CHE,m,60+,66,2024
CHL,f,0-4,0,2024
CHL,f,5-11,0,2024
CHL,f,12-17,0,2024
CHL,f,18-59,5,2024
CHL,f,60+,0,2024
CHL,m,0-4,0,2024
CHL,m,5-11,0,2024
CHL,m,12-17,0,2024
CHL,m,18-59,5,2024
CHL,m,60+,0,2024
CHL,f,0-4,0,2024
CHL,f,5-11,5,2024
CHL,f,12-17,10,2024
CHL,f,18-59,103,2024
CHL,f,60+,5,2024
CHL,m,0-4,0,2024
CHL,m,5-11,0,2024
CHL,m,12-17,13,2024
CHL,m,18-59,77,2024
CHL,m,60+,5,2024
CHN,f,0-4,0,2024
CHN,f,5-11,0,2024
CHN,f,12-17,0,2024
CHN,f,18-59,5,2024
CHN,f,60+,0,2024
CHN,m,0-4,0,2024
CHN,m,5-11,0,2024
CHN,m,12-17,0,2024
CHN,m,18-59,19,2024
CHN,m,60+,0,2024
CHN,f,0-4,0,2024
CHN,f,5-11,21,2024
CHN,f,12-17,0,2024
CHN,f,18-59,0,2024
CHN,f,60+,0,2024
CHN,m,0-4,0,2024
CHN,m,5-11,6,2024
CHN,m,12-17,0,2024
CHN,m,18-59,0,2024
CHN,m,60+,0,2024
COL,f,0-4,0,2024
COL,f,5-11,0,2024
COL,f,12-17,0,2024
COL,f,18-59,0,2024
COL,f,60+,0,2024
COL,m,0-4,0,2024
COL,m,5-11,0,2024
COL,m,12-17,0,2024
COL,m,18-59,0,2024
COL,m,60+,0,2024
CUB,f,0-4,0,2024
CUB,f,5-11,0,2024
CUB,f,12-17,0,2024
CUB,f,18-59,0,2024
CUB,f,60+,0,2024
CUB,m,0-4,0,2024
CUB,m,5-11,0,2024
CUB,m,12-17,0,2024
CUB,m,18-59,8,2024
CUB,m,60+,0,2024
CYP,f,0-4,0,2024
CYP,f,5-11,0,2024
CYP,f,12-17,0,2024
CYP,f,18-59,0,2024
CYP,f,60+,0,2024
CYP,m,0-4,0,2024
CYP,m,5-11,0,2024
CYP,m,12-17,0,2024
CYP,m,18-59,0,2024
CYP,m,60+,0,2024
CYP,f,0-4,0,2024
CYP,f,5-11,0,2024
CYP,f,12-17,0,2024
CYP,f,18-59,0,2024
CYP,f,60+,0,2024
CYP,m,0-4,0,2024
CYP,m,5-11,0,2024
CYP,m,12-17,0,2024
CYP,m,18-59,0,2024
CYP,m,60+,0,2024
CZE,f,0-4,0,2024
CZE,f,5-11,0,2024
CZE,f,12-17,0,2024
CZE,f,18-59,0,2024
CZE,f,60+,0,2024
CZE,m,0-4,0,2024
CZE,m,5-11,0,2024
CZE,m,12-17,0,2024
CZE,m,18-59,0,2024
CZE,m,60+,0,2024
DEU,f,0-4,1556,2024
DEU,f,5-11,1854,2024
DEU,f,12-17,1243,2024
DEU,f,18-59,5565,2024
DEU,f,60+,273,2024
DEU,m,0-4,1663,2024
DEU,m,5-11,2209,2024
DEU,m,12-17,4802,2024
DEU,m,18-59,25156,2024
DEU,m,60+,296,2024
DEU,f,0-4,6752,2024
DEU,f,5-11,20544,2024
DEU,f,12-17,15156,2024
DEU,f,18-59,61592,2024
DEU,f,60+,5966,2024
DEU,m,0-4,6944,2024
DEU,m,5-11,21901,2024
DEU,m,12-17,18503,2024
DEU,m,18-59,116258,2024
DEU,m,60+,5595,2024
DNK,f,0-4,9,2024
DNK,f,5-11,11,2024
DNK,f,12-17,8,2024
DNK,f,18-59,56,2024
DNK,f,60+,8,2024
DNK,m,0-4,5,2024
DNK,m,5-11,5,2024
DNK,m,12-17,6,2024
DNK,m,18-59,43,2024
DNK,m,60+,0,2024
DNK,f,0-4,372,2024
DNK,f,5-11,215,2024
DNK,f,12-17,119,2024
DNK,f,18-59,1620,2024
DNK,f,60+,113,2024
DNK,m,0-4,168,2024
DNK,m,5-11,383,2024
DNK,m,12-17,483,2024
DNK,m,18-59,1627,2024
DNK,m,60+,68,2024
DOM,f,0-4,0,2024
DOM,f,5-11,0,2024
DOM,f,12-17,0,2024
DOM,f,18-59,0,2024
DOM,f,60+,0,2024
DOM,m,0-4,0,2024
DOM,m,5-11,0,2024
DOM,m,12-17,0,2024
DOM,m,18-59,0,2024
DOM,m,60+,0,2024
ECU,f,0-4,0,2024
ECU,f,5-11,0,2024
ECU,f,12-17,0,2024
ECU,f,18-59,6,2024
ECU,f,60+,0,2024
ECU,m,0-4,0,2024
ECU,m,5-11,0,2024
ECU,m,12-17,0,2024
ECU,m,18-59,0,2024
ECU,m,60+,0,2024
ECU,f,0-4,0,2024
ECU,f,5-11,0,2024
ECU,f,12-17,9,2024
ECU,f,18-59,25,2024
ECU,f,60+,0,2024
ECU,m,0-4,0,2024
ECU,m,5-11,0,2024
ECU,m,12-17,7,2024
ECU,m,18-59,27,2024
ECU,m,60+,0,2024
EGY,f,0-4,10,2024
EGY,f,5-11,14,2024
EGY,f,12-17,5,2024
EGY,f,18-59,58,2024
EGY,f,60+,0,2024
EGY,m,0-4,11,2024
EGY,m,5-11,21,2024
EGY,m,12-17,7,2024
EGY,m,18-59,282,2024
EGY,m,60+,0,2024
EGY,f,0-4,0,2024
EGY,f,5-11,5,2024
EGY,f,12-17,6,2024
EGY,f,18-59,7,2024
EGY,f,60+,0,2024
EGY,m,0-4,0,2024
EGY,m,5-11,6,2024
EGY,m,12-17,5,2024
EGY,m,18-59,16,2024
EGY,m,60+,0,2024
ESP,f,0-4,32,2024
ESP,f,5-11,65,2024
ESP,f,12-17,73,2024
ESP,f,18-59,270,2024
ESP,f,60+,10,2024
ESP,m,0-4,56,2024
ESP,m,5-11,70,2024
ESP,m,12-17,59,2024
ESP,m,18-59,296,2024
ESP,m,60+,24,2024
ESP,f,0-4,176,2024
ESP,f,5-11,171,2024
ESP,f,12-17,142,2024
ESP,f,18-59,1763,2024
ESP,f,60+,121,2024
ESP,m,0-4,184,2024
ESP,m,5-11,177,2024
ESP,m,12-17,144,2024
ESP,m,18-59,1646,2024
ESP,m,60+,51,2024
EST,f,0-4,0,2024
EST,f,5-11,0,2024
EST,f,12-17,0,2024
EST,f,18-59,16,2024
EST,f,60+,0,2024
EST,m,0-4,0,2024
EST,m,5-11,0,2024
EST,m,12-17,0,2024
EST,m,18-59,18,2024
EST,m,60+,0,2024
ETH,f,0-4,0,2024
ETH,f,5-11,0,2024
ETH,f,12-17,0,2024
ETH,f,18-59,0,2024
ETH,f,60+,0,2024
ETH,m,0-4,0,2024
ETH,m,5-11,0,2024
ETH,m,12-17,0,2024
ETH,m,18-59,5,2024
ETH,m,60+,0,2024
FIN,f,0-4,9,2024
FIN,f,5-11,12,2024
FIN,f,12-17,11,2024
FIN,f,18-59,84,2024
FIN,f,60+,0,2024
FIN,m,0-4,0,2024
FIN,m,5-11,14,2024
FIN,m,12-17,32,2024
FIN,m,18-59,97,2024
FIN,m,60+,0,2024
FIN,f,0-4,47,2024
FIN,f,5-11,205,2024
FIN,f,12-17,378,2024
FIN,f,18-59,986,2024
FIN,f,60+,36,2024
FIN,m,0-4,25,2024
FIN,m,5-11,186,2024
FIN,m,12-17,544,2024
FIN,m,18-59,1485,2024
FIN,m,60+,37,2024
FRA,f,0-4,0,2024
FRA,f,5-11,0,2024
FRA,f,12-17,0,2024
FRA,f,18-59,0,2024
FRA,f,60+,0,2024
FRA,m,0-4,0,2024
FRA,m,5-11,0,2024
FRA,m,12-17,0,2024
FRA,m,18-59,0,2024
FRA,m,60+,0,2024
FRA,f,0-4,0,2024
FRA,f,5-11,0,2024
FRA,f,12-17,0,2024
FRA,f,18-59,0,2024
FRA,f,60+,0,2024
FRA,m,0-4,0,2024
FRA,m,5-11,0,2024
FRA,m,12-17,0,2024
FRA,m,18-59,0,2024
FRA,m,60+,0,2024
GBR,f,0-4,0,2024
GBR,f,5-11,0,2024
GBR,f,12-17,0,2024
GBR,f,18-59,0,2024
GBR,f,60+,0,2024
GBR,m,0-4,0,2024
GBR,m,5-11,0,2024
GBR,m,12-17,0,2024
GBR,m,18-59,0,2024
GBR,m,60+,0,2024
GBR,f,0-4,148,2024
GBR,f,5-11,1303,2024
GBR,f,12-17,3337,2024
GBR,f,18-59,4154,2024
GBR,f,60+,3074,2024
GBR,m,0-4,148,2024
GBR,m,5-11,1303,2024
GBR,m,12-17,3337,2024
GBR,m,18-59,4154,2024
GBR,m,60+,3074,2024
GEO,f,0-4,0,2024
GEO,f,5-11,0,2024
GEO,f,12-17,0,2024
GEO,f,18-59,0,2024
GEO,f,60+,0,2024
GEO,m,0-4,0,2024
GEO,m,5-11,0,2024
GEO,m,12-17,0,2024
GEO,m,18-59,9,2024
GEO,m,60+,0,2024
GEO,f,0-4,0,2024
GEO,f,5-11,0,2024
GEO,f,12-17,7,2024
GEO,f,18-59,31,2024
GEO,f,60+,0,2024
GEO,m,0-4,0,2024
GEO,m,5-11,5,2024
GEO,m,12-17,10,2024
GEO,m,18-59,23,2024
GEO,m,60+,0,2024
GHA,f,0-4,0,2024
GHA,f,5-11,0,2024
GHA,f,12-17,5,2024
GHA,f,18-59,7,2024
GHA,f,60+,0,2024
GHA,m,0-4,0,2024
GHA,m,5-11,0,2024
GHA,m,12-17,5,2024
GHA,m,18-59,10,2024
GHA,m,60+,0,2024
GIN,f,0-4,0,2024
GIN,f,5-11,0,2024
GIN,f,12-17,0,2024
GIN,f,18-59,5,2024
GIN,f,60+,0,2024
GIN,m,0-4,0,2024
GIN,m,5-11,0,2024
GIN,m,12-17,0,2024
GIN,m,18-59,6,2024
GIN,m,60+,0,2024
GMB,f,0-4,0,2024
GMB,f,5-11,0,2024
GMB,f,12-17,0,2024
GMB,f,18-59,0,2024
GMB,f,60+,0,2024
GMB,m,0-4,0,2024
GMB,m,5-11,0,2024
GMB,m,12-17,0,2024
GMB,m,18-59,5,2024
GMB,m,60+,0,2024
GRC,f,0-4,266,2024
GRC,f,5-11,282,2024
GRC,f,12-17,210,2024
GRC,f,18-59,898,2024
GRC,f,60+,19,2024
GRC,m,0-4,182,2024
GRC,m,5-11,363,2024
GRC,m,12-17,432,2024
GRC,m,18-59,1588,2024
GRC,m,60+,30,2024
GRC,f,0-4,1158,2024
GRC,f,5-11,1144,2024
GRC,f,12-17,866,2024
GRC,f,18-59,4898,2024
GRC,f,60+,145,2024
GRC,m,0-4,1105,2024
GRC,m,5-11,1427,2024
GRC,m,12-17,1516,2024
GRC,m,18-59,12569,2024
GRC,m,60+,142,2024
GUY,f,0-4,0,2024
GUY,f,5-11,0,2024
GUY,f,12-17,0,2024
GUY,f,18-59,0,2024
GUY,f,60+,0,2024
GUY,m,0-4,0,2024
GUY,m,5-11,0,2024
GUY,m,12-17,0,2024
GUY,m,18-59,7,2024
GUY,m,60+,0,2024
HKG,f,0-4,0,2024
HKG,f,5-11,0,2024
HKG,f,12-17,0,2024
HKG,f,18-59,0,2024
HKG,f,60+,0,2024
HKG,m,0-4,5,2024
HKG,m,5-11,0,2024
HKG,m,12-17,0,2024
HKG,m,18-59,8,2024
HKG,m,60+,0,2024
HRV,f,0-4,0,2024
HRV,f,5-11,0,2024
HRV,f,12-17,0,2024
HRV,f,18-59,0,2024
HRV,f,60+,0,2024
HRV,m,0-4,0,2024
HRV,m,5-11,0,2024
HRV,m,12-17,0,2024
HRV,m,18-59,0,2024
HRV,m,60+,0,2024
HRV,f,0-4,0,2024
HRV,f,5-11,0,2024
HRV,f,12-17,0,2024
HRV,f,18-59,0,2024
HRV,f,60+,0,2024
HRV,m,0-4,0,2024
HRV,m,5-11,0,2024
HRV,m,12-17,0,2024
HRV,m,18-59,0,2024
HRV,m,60+,0,2024
HRV,f,0-4,0,2024
HRV,f,5-11,0,2024
HRV,f,12-17,0,2024
HRV,f,18-59,0,2024
HRV,f,60+,0,2024
HRV,m,0-4,0,2024
HRV,m,5-11,0,2024
HRV,m,12-17,0,2024
HRV,m,18-59,0,2024
HRV,m,60+,0,2024
HUN,f,0-4,0,2024
HUN,f,5-11,0,2024
HUN,f,12-17,0,2024
HUN,f,18-59,0,2024
HUN,f,60+,0,2024
HUN,m,0-4,0,2024
HUN,m,5-11,0,2024
HUN,m,12-17,0,2024
HUN,m,18-59,0,2024
HUN,m,60+,0,2024
IDN,f,0-4,22,2024
IDN,f,5-11,61,2024
IDN,f,12-17,51,2024
IDN,f,18-59,237,2024
IDN,f,60+,13,2024
IDN,m,0-4,15,2024
IDN,m,5-11,60,2024
IDN,m,12-17,56,2024
IDN,m,18-59,321,2024
IDN,m,60+,12,2024
IDN,f,0-4,89,2024
IDN,f,5-11,185,2024
IDN,f,12-17,111,2024
IDN,f,18-59,528,2024
IDN,f,60+,32,2024
IDN,m,0-4,105,2024
IDN,m,5-11,174,2024
IDN,m,12-17,135,2024
IDN,m,18-59,2960,2024
IDN,m,60+,31,2024
IND,f,0-4,29,2024
IND,f,5-11,61,2024
IND,f,12-17,26,2024
IND,f,18-59,165,2024
IND,f,60+,10,2024
IND,m,0-4,21,2024
IND,m,5-11,49,2024
IND,m,12-17,34,2024
IND,m,18-59,675,2024
IND,m,60+,23,2024
IND,f,0-4,208,2024
IND,f,5-11,543,2024
IND,f,12-17,524,2024
IND,f,18-59,2620,2024
IND,f,60+,236,2024
IND,m,0-4,205,2024
IND,m,5-11,595,2024
IND,m,12-17,569,2024
IND,m,18-59,2921,2024
IND,m,60+,250,2024
IRL,f,0-4,10,2024
IRL,f,5-11,22,2024
IRL,f,12-17,13,2024
IRL,f,18-59,74,2024
IRL,f,60+,9,2024
IRL,m,0-4,16,2024
IRL,m,5-11,20,2024
IRL,m,12-17,61,2024
IRL,m,18-59,1022,2024
IRL,m,60+,13,2024
IRL,f,0-4,22,2024
IRL,f,5-11,21,2024
IRL,f,12-17,15,2024
IRL,f,18-59,78,2024
IRL,f,60+,11,2024
IRL,m,0-4,14,2024
IRL,m,5-11,25,2024
IRL,m,12-17,58,2024
IRL,m,18-59,1759,2024
IRL,m,60+,9,2024
IRN,f,0-4,250707,2024
IRN,f,5-11,377065,2024
IRN,f,12-17,252598,2024
IRN,f,18-59,785616,2024
IRN,f,60+,53000,2024
IRN,m,0-4,253658,2024
IRN,m,5-11,402417,2024
IRN,m,12-17,261561,2024
IRN,m,18-59,781963,2024
IRN,m,60+,58497,2024
IRQ,f,0-4,116,2024
IRQ,f,5-11,136,2024
IRQ,f,12-17,60,2024
IRQ,f,18-59,422,2024
IRQ,f,60+,34,2024
IRQ,m,0-4,111,2024
IRQ,m,5-11,133,2024
IRQ,m,12-17,135,2024
IRQ,m,18-59,1846,2024
IRQ,m,60+,33,2024
IRQ,f,0-4,0,2024
IRQ,f,5-11,0,2024
IRQ,f,12-17,0,2024
IRQ,f,18-59,0,2024
IRQ,f,60+,0,2024
IRQ,m,0-4,0,2024
IRQ,m,5-11,0,2024
IRQ,m,12-17,0,2024
IRQ,m,18-59,6,2024
IRQ,m,60+,0,2024
IRQ,f,0-4,0,2024
IRQ,f,5-11,7,2024
IRQ,f,12-17,10,2024
IRQ,f,18-59,0,2024
IRQ,f,60+,0,2024
IRQ,m,0-4,0,2024
IRQ,m,5-11,0,2024
IRQ,m,12-17,0,2024
IRQ,m,18-59,5,2024
IRQ,m,60+,0,2024
ISL,f,0-4,0,2024
ISL,f,5-11,0,2024
ISL,f,12-17,0,2024
ISL,f,18-59,0,2024
ISL,f,60+,0,2024
ISL,m,0-4,0,2024
ISL,m,5-11,0,2024
ISL,m,12-17,0,2024
ISL,m,18-59,0,2024
ISL,m,60+,0,2024
ISL,f,0-4,0,2024
ISL,f,5-11,0,2024
ISL,f,12-17,0,2024
ISL,f,18-59,0,2024
ISL,f,60+,0,2024
ISL,m,0-4,0,2024
ISL,m,5-11,0,2024
ISL,m,12-17,0,2024
ISL,m,18-59,0,2024
ISL,m,60+,0,2024
ITA,f,0-4,32,2024
ITA,f,5-11,31,2024
ITA,f,12-17,22,2024
ITA,f,18-59,113,2024
ITA,f,60+,7,2024
ITA,m,0-4,16,2024
ITA,m,5-11,51,2024
ITA,m,12-17,128,2024
ITA,m,18-59,2019,2024
ITA,m,60+,9,2024
ITA,f,0-4,547,2024
ITA,f,5-11,470,2024
ITA,f,12-17,342,2024
ITA,f,18-59,3744,2024
ITA,f,60+,72,2024
ITA,m,0-4,392,2024
ITA,m,5-11,606,2024
ITA,m,12-17,799,2024
ITA,m,18-59,11381,2024
ITA,m,60+,98,2024
JOR,f,0-4,0,2024
JOR,f,5-11,0,2024
JOR,f,12-17,0,2024
JOR,f,18-59,0,2024
JOR,f,60+,0,2024
JOR,m,0-4,0,2024
JOR,m,5-11,0,2024
JOR,m,12-17,0,2024
JOR,m,18-59,10,2024
JOR,m,60+,0,2024
JOR,f,0-4,0,2024
JOR,f,5-11,0,2024
JOR,f,12-17,5,2024
JOR,f,18-59,0,2024
JOR,f,60+,0,2024
JOR,m,0-4,0,2024
JOR,m,5-11,0,2024
JOR,m,12-17,0,2024
JOR,m,18-59,5,2024
JOR,m,60+,0,2024
JPN,f,0-4,0,2024
JPN,f,5-11,0,2024
JPN,f,12-17,0,2024
JPN,f,18-59,0,2024
JPN,f,60+,0,2024
JPN,m,0-4,0,2024
JPN,m,5-11,0,2024
JPN,m,12-17,0,2024
JPN,m,18-59,0,2024
JPN,m,60+,0,2024
KAZ,f,0-4,0,2024
KAZ,f,5-11,7,2024
KAZ,f,12-17,9,2024
KAZ,f,18-59,30,2024
KAZ,f,60+,0,2024
KAZ,m,0-4,0,2024
KAZ,m,5-11,5,2024
KAZ,m,12-17,10,2024
KAZ,m,18-59,57,2024
KAZ,m,60+,0,2024
KAZ,f,0-4,5,2024
KAZ,f,5-11,14,2024
KAZ,f,12-17,14,2024
KAZ,f,18-59,72,2024
KAZ,f,60+,8,2024
KAZ,m,0-4,0,2024
KAZ,m,5-11,10,2024
KAZ,m,12-17,12,2024
KAZ,m,18-59,55,2024
KAZ,m,60+,12,2024
KEN,f,0-4,10,2024
KEN,f,5-11,19,2024
KEN,f,12-17,11,2024
KEN,f,18-59,108,2024
KEN,f,60+,0,2024
KEN,m,0-4,15,2024
KEN,m,5-11,25,2024
KEN,m,12-17,17,2024
KEN,m,18-59,162,2024
KEN,m,60+,5,2024
KEN,f,0-4,5,2024
KEN,f,5-11,17,2024
KEN,f,12-17,0,2024
KEN,f,18-59,23,2024
KEN,f,60+,0,2024
KEN,m,0-4,5,2024
KEN,m,5-11,8,2024
KEN,m,12-17,5,2024
KEN,m,18-59,24,2024
KEN,m,60+,0,2024
KGZ,f,0-4,8,2024
KGZ,f,5-11,13,2024
KGZ,f,12-17,15,2024
KGZ,f,18-59,47,2024
KGZ,f,60+,5,2024
KGZ,m,0-4,5,2024
KGZ,m,5-11,18,2024
KGZ,m,12-17,14,2024
KGZ,m,18-59,47,2024
KGZ,m,60+,5,2024
KGZ,f,0-4,9,2024
KGZ,f,5-11,15,2024
KGZ,f,12-17,5,2024
KGZ,f,18-59,51,2024
KGZ,f,60+,0,2024
KGZ,m,0-4,10,2024
KGZ,m,5-11,15,2024
KGZ,m,12-17,10,2024
KGZ,m,18-59,60,2024
KGZ,m,60+,8,2024
KOR,f,0-4,0,2024
KOR,f,5-11,0,2024
KOR,f,12-17,0,2024
KOR,f,18-59,0,2024
KOR,f,60+,0,2024
KOR,m,0-4,0,2024
KOR,m,5-11,0,2024
KOR,m,12-17,0,2024
KOR,m,18-59,0,2024
KOR,m,60+,0,2024
KOR,f,0-4,0,2024
KOR,f,5-11,0,2024
KOR,f,12-17,0,2024
KOR,f,18-59,0,2024
KOR,f,60+,0,2024
KOR,m,0-4,0,2024
KOR,m,5-11,0,2024
KOR,m,12-17,0,2024
KOR,m,18-59,0,2024
KOR,m,60+,0,2024
KWT,f,0-4,0,2024
KWT,f,5-11,0,2024
KWT,f,12-17,5,2024
KWT,f,18-59,6,2024
KWT,f,60+,0,2024
KWT,m,0-4,0,2024
KWT,m,5-11,0,2024
KWT,m,12-17,0,2024
KWT,m,18-59,6,2024
KWT,m,60+,0,2024
LBN,f,0-4,0,2024
LBN,f,5-11,0,2024
LBN,f,12-17,0,2024
LBN,f,18-59,0,2024
LBN,f,60+,0,2024
LBN,m,0-4,5,2024
LBN,m,5-11,6,2024
LBN,m,12-17,0,2024
LBN,m,18-59,0,2024
LBN,m,60+,0,2024
LBN,f,0-4,7,2024
LBN,f,5-11,0,2024
LBN,f,12-17,0,2024
LBN,f,18-59,13,2024
LBN,f,60+,0,2024
LBN,m,0-4,0,2024
LBN,m,5-11,0,2024
LBN,m,12-17,0,2024
LBN,m,18-59,13,2024
LBN,m,60+,0,2024
LBY,f,0-4,0,2024
LBY,f,5-11,5,2024
LBY,f,12-17,0,2024
LBY,f,18-59,0,2024
LBY,f,60+,0,2024
LBY,m,0-4,0,2024
LBY,m,5-11,0,2024
LBY,m,12-17,0,2024
LBY,m,18-59,0,2024
LBY,m,60+,0,2024
LKA,f,0-4,0,2024
LKA,f,5-11,0,2024
LKA,f,12-17,5,2024
LKA,f,18-59,6,2024
LKA,f,60+,0,2024
LKA,m,0-4,6,2024
LKA,m,5-11,0,2024
LKA,m,12-17,0,2024
LKA,m,18-59,10,2024
LKA,m,60+,0,2024
LTU,f,0-4,0,2024
LTU,f,5-11,0,2024
LTU,f,12-17,0,2024
LTU,f,18-59,0,2024
LTU,f,60+,0,2024
LTU,m,0-4,0,2024
LTU,m,5-11,0,2024
LTU,m,12-17,0,2024
LTU,m,18-59,0,2024
LTU,m,60+,0,2024
LTU,f,0-4,0,2024
LTU,f,5-11,0,2024
LTU,f,12-17,0,2024
LTU,f,18-59,0,2024
LTU,f,60+,0,2024
LTU,m,0-4,0,2024
LTU,m,5-11,0,2024
LTU,m,12-17,0,2024
LTU,m,18-59,0,2024
LTU,m,60+,0,2024
LUX,f,0-4,0,2024
LUX,f,5-11,0,2024
LUX,f,12-17,0,2024
LUX,f,18-59,0,2024
LUX,f,60+,0,2024
LUX,m,0-4,0,2024
LUX,m,5-11,0,2024
LUX,m,12-17,0,2024
LUX,m,18-59,0,2024
LUX,m,60+,0,2024
LUX,f,0-4,0,2024
LUX,f,5-11,0,2024
LUX,f,12-17,0,2024
LUX,f,18-59,136,2024
LUX,f,60+,10,2024
LUX,m,0-4,0,2024
LUX,m,5-11,0,2024
LUX,m,12-17,0,2024
LUX,m,18-59,230,2024
LUX,m,60+,11,2024
LVA,f,0-4,0,2024
LVA,f,5-11,0,2024
LVA,f,12-17,0,2024
LVA,f,18-59,0,2024
LVA,f,60+,0,2024
LVA,m,0-4,0,2024
LVA,m,5-11,0,2024
LVA,m,12-17,0,2024
LVA,m,18-59,0,2024
LVA,m,60+,0,2024
LVA,f,0-4,0,2024
LVA,f,5-11,0,2024
LVA,f,12-17,0,2024
LVA,f,18-59,70,2024
LVA,f,60+,0,2024
LVA,m,0-4,0,2024
LVA,m,5-11,0,2024
LVA,m,12-17,0,2024
LVA,m,18-59,114,2024
LVA,m,60+,5,2024
MAR,f,0-4,0,2024
MAR,f,5-11,0,2024
MAR,f,12-17,0,2024
MAR,f,18-59,0,2024
MAR,f,60+,0,2024
MAR,m,0-4,0,2024
MAR,m,5-11,0,2024
MAR,m,12-17,0,2024
MAR,m,18-59,24,2024
MAR,m,60+,0,2024
MAR,f,0-4,0,2024
MAR,f,5-11,0,2024
MAR,f,12-17,0,2024
MAR,f,18-59,0,2024
MAR,f,60+,0,2024
MAR,m,0-4,0,2024
MAR,m,5-11,0,2024
MAR,m,12-17,0,2024
MAR,m,18-59,13,2024
MAR,m,60+,0,2024
MDA,f,0-4,0,2024
MDA,f,5-11,0,2024
MDA,f,12-17,0,2024
MDA,f,18-59,0,2024
MDA,f,60+,0,2024
MDA,m,0-4,0,2024
MDA,m,5-11,0,2024
MDA,m,12-17,0,2024
MDA,m,18-59,0,2024
MDA,m,60+,0,2024
MEX,f,0-4,72,2024
MEX,f,5-11,62,2024
MEX,f,12-17,46,2024
MEX,f,18-59,338,2024
MEX,f,60+,10,2024
MEX,m,0-4,30,2024
MEX,m,5-11,77,2024
MEX,m,12-17,67,2024
MEX,m,18-59,1462,2024
MEX,m,60+,15,2024
MEX,f,0-4,0,2024
MEX,f,5-11,0,2024
MEX,f,12-17,0,2024
MEX,f,18-59,5,2024
MEX,f,60+,0,2024
MEX,m,0-4,0,2024
MEX,m,5-11,0,2024
MEX,m,12-17,0,2024
MEX,m,18-59,7,2024
MEX,m,60+,0,2024
MKD,f,0-4,0,2024
MKD,f,5-11,0,2024
MKD,f,12-17,0,2024
MKD,f,18-59,0,2024
MKD,f,60+,0,2024
MKD,m,0-4,0,2024
MKD,m,5-11,0,2024
MKD,m,12-17,0,2024
MKD,m,18-59,8,2024
MKD,m,60+,0,2024
MNG,f,0-4,0,2024
MNG,f,5-11,0,2024
MNG,f,12-17,0,2024
MNG,f,18-59,0,2024
MNG,f,60+,0,2024
MNG,m,0-4,0,2024
MNG,m,5-11,0,2024
MNG,m,12-17,0,2024
MNG,m,18-59,5,2024
MNG,m,60+,0,2024
MNG,f,0-4,0,2024
MNG,f,5-11,0,2024
MNG,f,12-17,0,2024
MNG,f,18-59,0,2024
MNG,f,60+,0,2024
MNG,m,0-4,0,2024
MNG,m,5-11,0,2024
MNG,m,12-17,0,2024
MNG,m,18-59,6,2024
MNG,m,60+,0,2024
MYS,f,0-4,51,2024
MYS,f,5-11,83,2024
MYS,f,12-17,74,2024
MYS,f,18-59,357,2024
MYS,f,60+,22,2024
MYS,m,0-4,54,2024
MYS,m,5-11,96,2024
MYS,m,12-17,75,2024
MYS,m,18-59,732,2024
MYS,m,60+,11,2024
MYS,f,0-4,28,2024
MYS,f,5-11,74,2024
MYS,f,12-17,59,2024
MYS,f,18-59,329,2024
MYS,f,60+,24,2024
MYS,m,0-4,42,2024
MYS,m,5-11,71,2024
MYS,m,12-17,80,2024
MYS,m,18-59,464,2024
MYS,m,60+,22,2024
NGA,f,0-4,0,2024
NGA,f,5-11,0,2024
NGA,f,12-17,0,2024
NGA,f,18-59,0,2024
NGA,f,60+,0,2024
NGA,m,0-4,0,2024
NGA,m,5-11,0,2024
NGA,m,12-17,0,2024
NGA,m,18-59,5,2024
NGA,m,60+,0,2024
NLD,f,0-4,14,2024
NLD,f,5-11,20,2024
NLD,f,12-17,19,2024
NLD,f,18-59,108,2024
NLD,f,60+,14,2024
NLD,m,0-4,5,2024
NLD,m,5-11,20,2024
NLD,m,12-17,75,2024
NLD,m,18-59,398,2024
NLD,m,60+,19,2024
NLD,f,0-4,212,2024
NLD,f,5-11,186,2024
NLD,f,12-17,122,2024
NLD,f,18-59,1034,2024
NLD,f,60+,0,2024
NLD,m,0-4,27,2024
NLD,m,5-11,240,2024
NLD,m,12-17,927,2024
NLD,m,18-59,5809,2024
NLD,m,60+,88,2024
NOR,f,0-4,0,2024
NOR,f,5-11,9,2024
NOR,f,12-17,0,2024
NOR,f,18-59,32,2024
NOR,f,60+,5,2024
NOR,m,0-4,0,2024
NOR,m,5-11,5,2024
NOR,m,12-17,52,2024
NOR,m,18-59,89,2024
NOR,m,60+,0,2024
NOR,f,0-4,49,2024
NOR,f,5-11,115,2024
NOR,f,12-17,152,2024
NOR,f,18-59,732,2024
NOR,f,60+,31,2024
NOR,m,0-4,7,2024
NOR,m,5-11,123,2024
NOR,m,12-17,704,2024
NOR,m,18-59,2161,2024
NOR,m,60+,37,2024
NPL,f,0-4,0,2024
NPL,f,5-11,5,2024
NPL,f,12-17,0,2024
NPL,f,18-59,11,2024
NPL,f,60+,0,2024
NPL,m,0-4,0,2024
NPL,m,5-11,0,2024
NPL,m,12-17,5,2024
NPL,m,18-59,13,2024
NPL,m,60+,0,2024
NZL,f,0-4,0,2024
NZL,f,5-11,0,2024
NZL,f,12-17,0,2024
NZL,f,18-59,0,2024
NZL,f,60+,0,2024
NZL,m,0-4,0,2024
NZL,m,5-11,0,2024
NZL,m,12-17,0,2024
NZL,m,18-59,0,2024
NZL,m,60+,0,2024
NZL,f,0-4,0,2024
NZL,f,5-11,0,2024
NZL,f,12-17,0,2024
NZL,f,18-59,0,2024
NZL,f,60+,0,2024
NZL,m,0-4,0,2024
NZL,m,5-11,0,2024
NZL,m,12-17,0,2024
NZL,m,18-59,0,2024
NZL,m,60+,0,2024
OMN,f,0-4,0,2024
OMN,f,5-11,0,2024
OMN,f,12-17,0,2024
OMN,f,18-59,0,2024
OMN,f,60+,0,2024
OMN,m,0-4,0,2024
OMN,m,5-11,0,2024
OMN,m,12-17,0,2024
OMN,m,18-59,5,2024
OMN,m,60+,0,2024
PAK,f,0-4,8841,2024
PAK,f,5-11,21761,2024
PAK,f,12-17,14928,2024
PAK,f,18-59,49013,2024
PAK,f,60+,2727,2024
PAK,m,0-4,9222,2024
PAK,m,5-11,23407,2024
PAK,m,12-17,16877,2024
PAK,m,18-59,48609,2024
PAK,m,60+,3225,2024
PAK,f,0-4,0,2024
PAK,f,5-11,9,2024
PAK,f,12-17,0,2024
PAK,f,18-59,34,2024
PAK,f,60+,0,2024
PAK,m,0-4,0,2024
PAK,m,5-11,0,2024
PAK,m,12-17,0,2024
PAK,m,18-59,7,2024
PAK,m,60+,0,2024
PAK,f,0-4,85596,2024
PAK,f,5-11,176776,2024
PAK,f,12-17,107348,2024
PAK,f,18-59,328602,2024
PAK,f,60+,23046,2024
PAK,m,0-4,86884,2024
PAK,m,5-11,182825,2024
PAK,m,12-17,114899,2024
PAK,m,18-59,359148,2024
PAK,m,60+,33190,2024
PAN,f,0-4,0,2024
PAN,f,5-11,0,2024
PAN,f,12-17,0,2024
PAN,f,18-59,0,2024
PAN,f,60+,0,2024
PAN,m,0-4,0,2024
PAN,m,5-11,0,2024
PAN,m,12-17,0,2024
PAN,m,18-59,0,2024
PAN,m,60+,0,2024
PER,f,0-4,0,2024
PER,f,5-11,0,2024
PER,f,12-17,0,2024
PER,f,18-59,0,2024
PER,f,60+,0,2024
PER,m,0-4,0,2024
PER,m,5-11,0,2024
PER,m,12-17,0,2024
PER,m,18-59,0,2024
PER,m,60+,0,2024
PHL,f,0-4,0,2024
PHL,f,5-11,0,2024
PHL,f,12-17,0,2024
PHL,f,18-59,0,2024
PHL,f,60+,0,2024
PHL,m,0-4,0,2024
PHL,m,5-11,0,2024
PHL,m,12-17,0,2024
PHL,m,18-59,6,2024
PHL,m,60+,0,2024
PHL,f,0-4,0,2024
PHL,f,5-11,6,2024
PHL,f,12-17,10,2024
PHL,f,18-59,7,2024
PHL,f,60+,0,2024
PHL,m,0-4,0,2024
PHL,m,5-11,0,2024
PHL,m,12-17,14,2024
PHL,m,18-59,13,2024
PHL,m,60+,0,2024
PNG,f,0-4,0,2024
PNG,f,5-11,0,2024
PNG,f,12-17,0,2024
PNG,f,18-59,0,2024
PNG,f,60+,0,2024
PNG,m,0-4,0,2024
PNG,m,5-11,0,2024
PNG,m,12-17,0,2024
PNG,m,18-59,6,2024
PNG,m,60+,0,2024
POL,f,0-4,0,2024
POL,f,5-11,0,2024
POL,f,12-17,0,2024
POL,f,18-59,0,2024
POL,f,60+,0,2024
POL,m,0-4,0,2024
POL,m,5-11,0,2024
POL,m,12-17,0,2024
POL,m,18-59,0,2024
POL,m,60+,0,2024
POL,f,0-4,0,2024
POL,f,5-11,0,2024
POL,f,12-17,0,2024
POL,f,18-59,0,2024
POL,f,60+,0,2024
POL,m,0-4,0,2024
POL,m,5-11,0,2024
POL,m,12-17,0,2024
POL,m,18-59,0,2024
POL,m,60+,0,2024
PRT,f,0-4,0,2024
PRT,f,5-11,0,2024
PRT,f,12-17,0,2024
PRT,f,18-59,0,2024
PRT,f,60+,0,2024
PRT,m,0-4,0,2024
PRT,m,5-11,0,2024
PRT,m,12-17,0,2024
PRT,m,18-59,0,2024
PRT,m,60+,0,2024
PRT,f,0-4,6,2024
PRT,f,5-11,49,2024
PRT,f,12-17,126,2024
PRT,f,18-59,158,2024
PRT,f,60+,117,2024
PRT,m,0-4,6,2024
PRT,m,5-11,49,2024
PRT,m,12-17,126,2024
PRT,m,18-59,157,2024
PRT,m,60+,117,2024
PRY,f,0-4,0,2024
PRY,f,5-11,5,2024
PRY,f,12-17,0,2024
PRY,f,18-59,5,2024
PRY,f,60+,0,2024
PRY,m,0-4,0,2024
PRY,m,5-11,0,2024
PRY,m,12-17,5,2024
PRY,m,18-59,0,2024
PRY,m,60+,0,2024
ROU,f,0-4,0,2024
ROU,f,5-11,0,2024
ROU,f,12-17,0,2024
ROU,f,18-59,0,2024
ROU,f,60+,0,2024
ROU,m,0-4,0,2024
ROU,m,5-11,0,2024
ROU,m,12-17,0,2024
ROU,m,18-59,0,2024
ROU,m,60+,0,2024
ROU,f,0-4,15,2024
ROU,f,5-11,20,2024
ROU,f,12-17,13,2024
ROU,f,18-59,71,2024
ROU,f,60+,0,2024
ROU,m,0-4,10,2024
ROU,m,5-11,8,2024
ROU,m,12-17,10,2024
ROU,m,18-59,145,2024
ROU,m,60+,8,2024
RUS,f,0-4,0,2024
RUS,f,5-11,0,2024
RUS,f,12-17,0,2024
RUS,f,18-59,0,2024
RUS,f,60+,0,2024
RUS,m,0-4,0,2024
RUS,m,5-11,0,2024
RUS,m,12-17,0,2024
RUS,m,18-59,0,2024
RUS,m,60+,0,2024
RUS,f,0-4,0,2024
RUS,f,5-11,0,2024
RUS,f,12-17,0,2024
RUS,f,18-59,0,2024
RUS,f,60+,0,2024
RUS,m,0-4,0,2024
RUS,m,5-11,0,2024
RUS,m,12-17,0,2024
RUS,m,18-59,0,2024
RUS,m,60+,0,2024
RWA,f,0-4,0,2024
RWA,f,5-11,7,2024
RWA,f,12-17,0,2024
RWA,f,18-59,17,2024
RWA,f,60+,0,2024
RWA,m,0-4,9,2024
RWA,m,5-11,0,2024
RWA,m,12-17,0,2024
RWA,m,18-59,28,2024
RWA,m,60+,0,2024
SDN,f,0-4,0,2024
SDN,f,5-11,5,2024
SDN,f,12-17,0,2024
SDN,f,18-59,0,2024
SDN,f,60+,0,2024
SDN,m,0-4,0,2024
SDN,m,5-11,0,2024
SDN,m,12-17,0,2024
SDN,m,18-59,0,2024
SDN,m,60+,0,2024
SEN,f,0-4,0,2024
SEN,f,5-11,0,2024
SEN,f,12-17,0,2024
SEN,f,18-59,0,2024
SEN,f,60+,0,2024
SEN,m,0-4,0,2024
SEN,m,5-11,5,2024
SEN,m,12-17,0,2024
SEN,m,18-59,0,2024
SEN,m,60+,0,2024
SRB,f,0-4,0,2024
SRB,f,5-11,0,2024
SRB,f,12-17,0,2024
SRB,f,18-59,0,2024
SRB,f,60+,0,2024
SRB,m,0-4,0,2024
SRB,m,5-11,0,2024
SRB,m,12-17,0,2024
SRB,m,18-59,0,2024
SRB,m,60+,0,2024
SRB,f,0-4,0,2024
SRB,f,5-11,0,2024
SRB,f,12-17,0,2024
SRB,f,18-59,0,2024
SRB,f,60+,0,2024
SRB,m,0-4,0,2024
SRB,m,5-11,0,2024
SRB,m,12-17,0,2024
SRB,m,18-59,0,2024
SRB,m,60+,0,2024
SRB,f,0-4,0,2024
SRB,f,5-11,0,2024
SRB,f,12-17,10,2024
SRB,f,18-59,19,2024
SRB,f,60+,0,2024
SRB,m,0-4,0,2024
SRB,m,5-11,0,2024
SRB,m,12-17,17,2024
SRB,m,18-59,22,2024
SRB,m,60+,0,2024
SSD,f,0-4,0,2024
SSD,f,5-11,0,2024
SSD,f,12-17,0,2024
SSD,f,18-59,0,2024
SSD,f,60+,0,2024
SSD,m,0-4,0,2024
SSD,m,5-11,0,2024
SSD,m,12-17,0,2024
SSD,m,18-59,5,2024
SSD,m,60+,0,2024
SUR,f,0-4,0,2024
SUR,f,5-11,5,2024
SUR,f,12-17,0,2024
SUR,f,18-59,0,2024
SUR,f,60+,0,2024
SUR,m,0-4,0,2024
SUR,m,5-11,0,2024
SUR,m,12-17,0,2024
SUR,m,18-59,0,2024
SUR,m,60+,0,2024
SVK,f,0-4,0,2024
SVK,f,5-11,0,2024
SVK,f,12-17,0,2024
SVK,f,18-59,0,2024
SVK,f,60+,0,2024
SVK,m,0-4,0,2024
SVK,m,5-11,0,2024
SVK,m,12-17,0,2024
SVK,m,18-59,0,2024
SVK,m,60+,0,2024
SVK,f,0-4,0,2024
SVK,f,5-11,0,2024
SVK,f,12-17,0,2024
SVK,f,18-59,0,2024
SVK,f,60+,0,2024
SVK,m,0-4,0,2024
SVK,m,5-11,0,2024
SVK,m,12-17,0,2024
SVK,m,18-59,0,2024
SVK,m,60+,0,2024
SVN,f,0-4,0,2024
SVN,f,5-11,0,2024
SVN,f,12-17,0,2024
SVN,f,18-59,0,2024
SVN,f,60+,0,2024
SVN,m,0-4,0,2024
SVN,m,5-11,0,2024
SVN,m,12-17,0,2024
SVN,m,18-59,0,2024
SVN,m,60+,0,2024
SVN,f,0-4,0,2024
SVN,f,5-11,0,2024
SVN,f,12-17,0,2024
SVN,f,18-59,0,2024
SVN,f,60+,0,2024
SVN,m,0-4,0,2024
SVN,m,5-11,0,2024
SVN,m,12-17,0,2024
SVN,m,18-59,0,2024
SVN,m,60+,0,2024
SWE,f,0-4,0,2024
SWE,f,5-11,0,2024
SWE,f,12-17,0,2024
SWE,f,18-59,68,2024
SWE,f,60+,5,2024
SWE,m,0-4,0,2024
SWE,m,5-11,0,2024
SWE,m,12-17,0,2024
SWE,m,18-59,148,2024
SWE,m,60+,8,2024
SWE,f,0-4,0,2024
SWE,f,5-11,0,2024
SWE,f,12-17,0,2024
SWE,f,18-59,5690,2024
SWE,f,60+,382,2024
SWE,m,0-4,0,2024
SWE,m,5-11,0,2024
SWE,m,12-17,0,2024
SWE,m,18-59,16547,2024
SWE,m,60+,306,2024
SWZ,f,0-4,0,2024
SWZ,f,5-11,0,2024
SWZ,f,12-17,0,2024
SWZ,f,18-59,0,2024
SWZ,f,60+,0,2024
SWZ,m,0-4,0,2024
SWZ,m,5-11,0,2024
SWZ,m,12-17,0,2024
SWZ,m,18-59,5,2024
SWZ,m,60+,0,2024
SYR,f,0-4,0,2024
SYR,f,5-11,10,2024
SYR,f,12-17,22,2024
SYR,f,18-59,39,2024
SYR,f,60+,0,2024
SYR,m,0-4,5,2024
SYR,m,5-11,20,2024
SYR,m,12-17,19,2024
SYR,m,18-59,60,2024
SYR,m,60+,5,2024
SYR,f,0-4,46,2024
SYR,f,5-11,92,2024
SYR,f,12-17,55,2024
SYR,f,18-59,349,2024
SYR,f,60+,30,2024
SYR,m,0-4,52,2024
SYR,m,5-11,98,2024
SYR,m,12-17,82,2024
SYR,m,18-59,363,2024
SYR,m,60+,61,2024
TGO,f,0-4,0,2024
TGO,f,5-11,0,2024
TGO,f,12-17,0,2024
TGO,f,18-59,7,2024
TGO,f,60+,0,2024
TGO,m,0-4,0,2024
TGO,m,5-11,0,2024
TGO,m,12-17,0,2024
TGO,m,18-59,0,2024
TGO,m,60+,0,2024
THA,f,0-4,6,2024
THA,f,5-11,0,2024
THA,f,12-17,0,2024
THA,f,18-59,14,2024
THA,f,60+,0,2024
THA,m,0-4,5,2024
THA,m,5-11,0,2024
THA,m,12-17,10,2024
THA,m,18-59,56,2024
THA,m,60+,0,2024
THA,f,0-4,0,2024
THA,f,5-11,9,2024
THA,f,12-17,0,2024
THA,f,18-59,17,2024
THA,f,60+,0,2024
THA,m,0-4,5,2024
THA,m,5-11,12,2024
THA,m,12-17,6,2024
THA,m,18-59,41,2024
THA,m,60+,5,2024
TJK,f,0-4,113,2024
TJK,f,5-11,184,2024
TJK,f,12-17,172,2024
TJK,f,18-59,851,2024
TJK,f,60+,70,2024
TJK,m,0-4,117,2024
TJK,m,5-11,232,2024
TJK,m,12-17,186,2024
TJK,m,18-59,1020,2024
TJK,m,60+,84,2024
TJK,f,0-4,249,2024
TJK,f,5-11,712,2024
TJK,f,12-17,627,2024
TJK,f,18-59,2984,2024
TJK,f,60+,304,2024
TJK,m,0-4,286,2024
TJK,m,5-11,818,2024
TJK,m,12-17,683,2024
TJK,m,18-59,2902,2024
TJK,m,60+,337,2024
TKM,f,0-4,0,2024
TKM,f,5-11,0,2024
TKM,f,12-17,0,2024
TKM,f,18-59,0,2024
TKM,f,60+,0,2024
TKM,m,0-4,0,2024
TKM,m,5-11,0,2024
TKM,m,12-17,0,2024
TKM,m,18-59,9,2024
TKM,m,60+,0,2024
TUN,f,0-4,0,2024
TUN,f,5-11,5,2024
TUN,f,12-17,0,2024
TUN,f,18-59,0,2024
TUN,f,60+,0,2024
TUN,m,0-4,0,2024
TUN,m,5-11,0,2024
TUN,m,12-17,0,2024
TUN,m,18-59,0,2024
TUN,m,60+,0,2024
TUR,f,0-4,0,2024
TUR,f,5-11,0,2024
TUR,f,12-17,0,2024
TUR,f,18-59,0,2024
TUR,f,60+,0,2024
TUR,m,0-4,0,2024
TUR,m,5-11,0,2024
TUR,m,12-17,0,2024
TUR,m,18-59,0,2024
TUR,m,60+,0,2024
TUR,f,0-4,0,2024
TUR,f,5-11,0,2024
TUR,f,12-17,0,2024
TUR,f,18-59,0,2024
TUR,f,60+,0,2024
TUR,m,0-4,0,2024
TUR,m,5-11,0,2024
TUR,m,12-17,0,2024
TUR,m,18-59,0,2024
TUR,m,60+,0,2024
TZA,f,0-4,0,2024
TZA,f,5-11,0,2024
TZA,f,12-17,0,2024
TZA,f,18-59,7,2024
TZA,f,60+,0,2024
TZA,m,0-4,0,2024
TZA,m,5-11,0,2024
TZA,m,12-17,0,2024
TZA,m,18-59,0,2024
TZA,m,60+,0,2024
UGA,f,0-4,0,2024
UGA,f,5-11,7,2024
UGA,f,12-17,6,2024
UGA,f,18-59,17,2024
UGA,f,60+,5,2024
UGA,m,0-4,0,2024
UGA,m,5-11,5,2024
UGA,m,12-17,6,2024
UGA,m,18-59,35,2024
UGA,m,60+,0,2024
UGA,f,0-4,5,2024
UGA,f,5-11,18,2024
UGA,f,12-17,14,2024
UGA,f,18-59,65,2024
UGA,f,60+,8,2024
UGA,m,0-4,6,2024
UGA,m,5-11,23,2024
UGA,m,12-17,15,2024
UGA,m,18-59,72,2024
UGA,m,60+,8,2024
UKR,f,0-4,0,2024
UKR,f,5-11,0,2024
UKR,f,12-17,0,2024
UKR,f,18-59,0,2024
UKR,f,60+,0,2024
UKR,m,0-4,0,2024
UKR,m,5-11,0,2024
UKR,m,12-17,0,2024
UKR,m,18-59,5,2024
UKR,m,60+,0,2024
UKR,f,0-4,0,2024
UKR,f,5-11,0,2024
UKR,f,12-17,53,2024
UKR,f,18-59,190,2024
UKR,f,60+,5,2024
UKR,m,0-4,0,2024
UKR,m,5-11,0,2024
UKR,m,12-17,44,2024
UKR,m,18-59,597,2024
UKR,m,60+,23,2024
URY,f,0-4,0,2024
URY,f,5-11,0,2024
URY,f,12-17,0,2024
URY,f,18-59,0,2024
URY,f,60+,0,2024
URY,m,0-4,0,2024
URY,m,5-11,0,2024
URY,m,12-17,0,2024
URY,m,18-59,6,2024
URY,m,60+,0,2024
USA,f,0-4,0,2024
USA,f,5-11,0,2024
USA,f,12-17,0,2024
USA,f,18-59,0,2024
USA,f,60+,0,2024
USA,m,0-4,0,2024
USA,m,5-11,0,2024
USA,m,12-17,0,2024
USA,m,18-59,0,2024
USA,m,60+,0,2024
USA,f,0-4,0,2024
USA,f,5-11,0,2024
USA,f,12-17,0,2024
USA,f,18-59,0,2024
USA,f,60+,0,2024
USA,m,0-4,0,2024
USA,m,5-11,0,2024
USA,m,12-17,0,2024
USA,m,18-59,0,2024
USA,m,60+,0,2024
UZB,f,0-4,0,2024
UZB,f,5-11,0,2024
UZB,f,12-17,0,2024
UZB,f,18-59,5,2024
UZB,f,60+,0,2024
UZB,m,0-4,0,2024
UZB,m,5-11,0,2024
UZB,m,12-17,0,2024
UZB,m,18-59,0,2024
UZB,m,60+,0,2024
VEN,f,0-4,0,2024
VEN,f,5-11,0,2024
VEN,f,12-17,0,2024
VEN,f,18-59,0,2024
VEN,f,60+,0,2024
VEN,m,0-4,0,2024
VEN,m,5-11,0,2024
VEN,m,12-17,0,2024
VEN,m,18-59,0,2024
VEN,m,60+,0,2024
ZAF,f,0-4,0,2024
ZAF,f,5-11,0,2024
ZAF,f,12-17,0,2024
ZAF,f,18-59,0,2024
ZAF,f,60+,0,2024
ZAF,m,0-4,0,2024
ZAF,m,5-11,0,2024
ZAF,m,12-17,0,2024
ZAF,m,18-59,5,2024
ZAF,m,60+,0,2024
ZAF,f,0-4,0,2024
ZAF,f,5-11,0,2024
ZAF,f,12-17,0,2024
ZAF,f,18-59,5,2024
ZAF,f,60+,0,2024
ZAF,m,0-4,0,2024
ZAF,m,5-11,0,2024
ZAF,m,12-17,0,2024
ZAF,m,18-59,0,2024
ZAF,m,60+,0,2024
ZMB,f,0-4,0,2024
ZMB,f,5-11,0,2024
ZMB,f,12-17,0,2024
ZMB,f,18-59,0,2024
ZMB,f,60+,0,2024
ZMB,m,0-4,0,2024
ZMB,m,5-11,0,2024
ZMB,m,12-17,7,2024
ZMB,m,18-59,0,2024
ZMB,m,60+,0,2024
ZMB,f,0-4,0,2024
ZMB,f,5-11,0,2024
ZMB,f,12-17,5,2024
ZMB,f,18-59,5,2024
ZMB,f,60+,0,2024
ZMB,m,0-4,0,2024
ZMB,m,5-11,0,2024
ZMB,m,12-17,0,2024
ZMB,m,18-59,7,2024
ZMB,m,60+,0,2024
AFG,f,0-4,14272,2015
AFG,f,5-11,16027,2015
AFG,f,12-17,12892,2015
AFG,f,18-59,30905,2015
AFG,f,60+,1573,2015
AFG,m,0-4,14873,2015
AFG,m,5-11,16545,2015
AFG,m,12-17,12429,2015
AFG,m,18-59,27806,2015
AFG,m,60+,2995,2015
ARG,f,0-4,0,2015
ARG,f,5-11,0,2015
ARG,f,12-17,0,2015
ARG,f,18-59,0,2015
ARG,f,60+,0,2015
ARG,m,0-4,0,2015
ARG,m,5-11,5,2015
ARG,m,12-17,0,2015
ARG,m,18-59,0,2015
ARG,m,60+,0,2015
AUS,f,0-4,0,2015
AUS,f,5-11,0,2015
AUS,f,12-17,0,2015
AUS,f,18-59,0,2015
AUS,f,60+,0,2015
AUS,m,0-4,0,2015
AUS,m,5-11,0,2015
AUS,m,12-17,0,2015
AUS,m,18-59,0,2015
AUS,m,60+,0,2015
AUS,f,0-4,0,2015
AUS,f,5-11,0,2015
AUS,f,12-17,0,2015
AUS,f,18-59,0,2015
AUS,f,60+,0,2015
AUS,m,0-4,0,2015
AUS,m,5-11,0,2015
AUS,m,12-17,0,2015
AUS,m,18-59,0,2015
AUS,m,60+,0,2015
AUT,f,0-4,0,2015
AUT,f,5-11,0,2015
AUT,f,12-17,0,2015
AUT,f,18-59,0,2015
AUT,f,60+,0,2015
AUT,m,0-4,0,2015
AUT,m,5-11,0,2015
AUT,m,12-17,0,2015
AUT,m,18-59,0,2015
AUT,m,60+,0,2015
AUT,f,0-4,0,2015
AUT,f,5-11,0,2015
AUT,f,12-17,0,2015
AUT,f,18-59,0,2015
AUT,f,60+,0,2015
AUT,m,0-4,0,2015
AUT,m,5-11,0,2015
AUT,m,12-17,0,2015
AUT,m,18-59,0,2015
AUT,m,60+,0,2015
AZE,f,0-4,0,2015
AZE,f,5-11,6,2015
AZE,f,12-17,0,2015
AZE,f,18-59,0,2015
AZE,f,60+,0,2015
AZE,m,0-4,0,2015
AZE,m,5-11,0,2015
AZE,m,12-17,0,2015
AZE,m,18-59,5,2015
AZE,m,60+,0,2015
AZE,f,0-4,22,2015
AZE,f,5-11,33,2015
AZE,f,12-17,28,2015
AZE,f,18-59,112,2015
AZE,f,60+,6,2015
AZE,m,0-4,32,2015
AZE,m,5-11,33,2015
AZE,m,12-17,24,2015
AZE,m,18-59,301,2015
AZE,m,60+,11,2015
BEL,f,0-4,0,2015
BEL,f,5-11,0,2015
BEL,f,12-17,0,2015
BEL,f,18-59,0,2015
BEL,f,60+,0,2015
BEL,m,0-4,0,2015
BEL,m,5-11,0,2015
BEL,m,12-17,0,2015
BEL,m,18-59,0,2015
BEL,m,60+,0,2015
BEL,f,0-4,0,2015
BEL,f,5-11,0,2015
BEL,f,12-17,0,2015
BEL,f,18-59,0,2015
BEL,f,60+,0,2015
BEL,m,0-4,0,2015
BEL,m,5-11,0,2015
BEL,m,12-17,0,2015
BEL,m,18-59,0,2015
BEL,m,60+,0,2015
BGR,f,0-4,0,2015
BGR,f,5-11,0,2015
BGR,f,12-17,0,2015
BGR,f,18-59,0,2015
BGR,f,60+,0,2015
BGR,m,0-4,0,2015
BGR,m,5-11,0,2015
BGR,m,12-17,0,2015
BGR,m,18-59,0,2015
BGR,m,60+,0,2015
BGR,f,0-4,0,2015
BGR,f,5-11,0,2015
BGR,f,12-17,0,2015
BGR,f,18-59,0,2015
BGR,f,60+,0,2015
BGR,m,0-4,0,2015
BGR,m,5-11,0,2015
BGR,m,12-17,0,2015
BGR,m,18-59,0,2015
BGR,m,60+,0,2015
BLR,f,0-4,0,2015
BLR,f,5-11,0,2015
BLR,f,12-17,0,2015
BLR,f,18-59,0,2015
BLR,f,60+,0,2015
BLR,m,0-4,0,2015
BLR,m,5-11,5,2015
BLR,m,12-17,0,2015
BLR,m,18-59,0,2015
BLR,m,60+,0,2015
BLR,f,0-4,9,2015
BLR,f,5-11,25,2015
BLR,f,12-17,41,2015
BLR,f,18-59,76,2015
BLR,f,60+,6,2015
BLR,m,0-4,19,2015
BLR,m,5-11,23,2015
BLR,m,12-17,26,2015
BLR,m,18-59,178,2015
BLR,m,60+,0,2015
BRA,f,0-4,0,2015
BRA,f,5-11,0,2015
BRA,f,12-17,0,2015
BRA,f,18-59,6,2015
BRA,f,60+,0,2015
BRA,m,0-4,0,2015
BRA,m,5-11,5,2015
BRA,m,12-17,0,2015
BRA,m,18-59,32,2015
BRA,m,60+,0,2015
BRA,f,0-4,0,2015
BRA,f,5-11,5,2015
BRA,f,12-17,0,2015
BRA,f,18-59,16,2015
BRA,f,60+,0,2015
BRA,m,0-4,0,2015
BRA,m,5-11,5,2015
BRA,m,12-17,0,2015
BRA,m,18-59,50,2015
BRA,m,60+,0,2015
CAN,f,0-4,11,2015
CAN,f,5-11,22,2015
CAN,f,12-17,10,2015
CAN,f,18-59,93,2015
CAN,f,60+,7,2015
CAN,m,0-4,8,2015
CAN,m,5-11,17,2015
CAN,m,12-17,18,2015
CAN,m,18-59,165,2015
CAN,m,60+,10,2015
CAN,f,0-4,0,2015
CAN,f,5-11,0,2015
CAN,f,12-17,0,2015
CAN,f,18-59,0,2015
CAN,f,60+,0,2015
CAN,m,0-4,0,2015
CAN,m,5-11,0,2015
CAN,m,12-17,0,2015
CAN,m,18-59,0,2015
CAN,m,60+,0,2015
CHE,f,0-4,250,2015
CHE,f,5-11,281,2015
CHE,f,12-17,217,2015
CHE,f,18-59,899,2015
CHE,f,60+,23,2015
CHE,m,0-4,242,2015
CHE,m,5-11,351,2015
CHE,m,12-17,1043,2015
CHE,m,18-59,3906,2015
CHE,m,60+,31,2015
CHE,f,0-4,113,2015
CHE,f,5-11,218,2015
CHE,f,12-17,131,2015
CHE,f,18-59,553,2015
CHE,f,60+,36,2015
CHE,m,0-4,134,2015
CHE,m,5-11,248,2015
CHE,m,12-17,276,2015
CHE,m,18-59,1800,2015
CHE,m,60+,41,2015
CHL,f,0-4,0,2015
CHL,f,5-11,0,2015
CHL,f,12-17,0,2015
CHL,f,18-59,0,2015
CHL,f,60+,0,2015
CHL,m,0-4,0,2015
CHL,m,5-11,0,2015
CHL,m,12-17,0,2015
CHL,m,18-59,0,2015
CHL,m,60+,0,2015
CHN,f,0-4,0,2015
CHN,f,5-11,0,2015
CHN,f,12-17,0,2015
CHN,f,18-59,0,2015
CHN,f,60+,0,2015
CHN,m,0-4,0,2015
CHN,m,5-11,0,2015
CHN,m,12-17,0,2015
CHN,m,18-59,7,2015
CHN,m,60+,0,2015
COL,f,0-4,0,2015
COL,f,5-11,0,2015
COL,f,12-17,0,2015
COL,f,18-59,5,2015
COL,f,60+,0,2015
COL,m,0-4,0,2015
COL,m,5-11,0,2015
COL,m,12-17,0,2015
COL,m,18-59,0,2015
COL,m,60+,0,2015
COL,f,0-4,0,2015
COL,f,5-11,0,2015
COL,f,12-17,0,2015
COL,f,18-59,0,2015
COL,f,60+,0,2015
COL,m,0-4,0,2015
COL,m,5-11,0,2015
COL,m,12-17,0,2015
COL,m,18-59,5,2015
COL,m,60+,0,2015
CUB,f,0-4,0,2015
CUB,f,5-11,0,2015
CUB,f,12-17,0,2015
CUB,f,18-59,6,2015
CUB,f,60+,0,2015
CUB,m,0-4,0,2015
CUB,m,5-11,5,2015
CUB,m,12-17,0,2015
CUB,m,18-59,12,2015
CUB,m,60+,0,2015
CUB,f,0-4,0,2015
CUB,f,5-11,0,2015
CUB,f,12-17,0,2015
CUB,f,18-59,0,2015
CUB,f,60+,0,2015
CUB,m,0-4,0,2015
CUB,m,5-11,0,2015
CUB,m,12-17,0,2015
CUB,m,18-59,14,2015
CUB,m,60+,0,2015
CYP,f,0-4,0,2015
CYP,f,5-11,0,2015
CYP,f,12-17,0,2015
CYP,f,18-59,0,2015
CYP,f,60+,0,2015
CYP,m,0-4,0,2015
CYP,m,5-11,0,2015
CYP,m,12-17,0,2015
CYP,m,18-59,0,2015
CYP,m,60+,0,2015
CYP,f,0-4,0,2015
CYP,f,5-11,0,2015
CYP,f,12-17,0,2015
CYP,f,18-59,0,2015
CYP,f,60+,0,2015
CYP,m,0-4,0,2015
CYP,m,5-11,0,2015
CYP,m,12-17,0,2015
CYP,m,18-59,0,2015
CYP,m,60+,0,2015
CZE,f,0-4,0,2015
CZE,f,5-11,0,2015
CZE,f,12-17,0,2015
CZE,f,18-59,0,2015
CZE,f,60+,0,2015
CZE,m,0-4,0,2015
CZE,m,5-11,0,2015
CZE,m,12-17,0,2015
CZE,m,18-59,0,2015
CZE,m,60+,0,2015
CZE,f,0-4,0,2015
CZE,f,5-11,0,2015
CZE,f,12-17,0,2015
CZE,f,18-59,0,2015
CZE,f,60+,0,2015
CZE,m,0-4,0,2015
CZE,m,5-11,0,2015
CZE,m,12-17,0,2015
CZE,m,18-59,0,2015
CZE,m,60+,0,2015
DEU,f,0-4,1798,2015
DEU,f,5-11,2163,2015
DEU,f,12-17,1481,2015
DEU,f,18-59,6456,2015
DEU,f,60+,462,2015
DEU,m,0-4,1898,2015
DEU,m,5-11,2674,2015
DEU,m,12-17,5688,2015
DEU,m,18-59,19526,2015
DEU,m,60+,456,2015
DEU,f,0-4,524,2015
DEU,f,5-11,1309,2015
DEU,f,12-17,1142,2015
DEU,f,18-59,7081,2015
DEU,f,60+,2002,2015
DEU,m,0-4,585,2015
DEU,m,5-11,1540,2015
DEU,m,12-17,1508,2015
DEU,m,18-59,12892,2015
DEU,m,60+,1443,2015
DNK,f,0-4,0,2015
DNK,f,5-11,0,2015
DNK,f,12-17,0,2015
DNK,f,18-59,0,2015
DNK,f,60+,0,2015
DNK,m,0-4,0,2015
DNK,m,5-11,0,2015
DNK,m,12-17,0,2015
DNK,m,18-59,0,2015
DNK,m,60+,0,2015
DNK,f,0-4,0,2015
DNK,f,5-11,0,2015
DNK,f,12-17,0,2015
DNK,f,18-59,0,2015
DNK,f,60+,0,2015
DNK,m,0-4,0,2015
DNK,m,5-11,0,2015
DNK,m,12-17,0,2015
DNK,m,18-59,0,2015
DNK,m,60+,0,2015
DOM,f,0-4,0,2015
DOM,f,5-11,5,2015
DOM,f,12-17,0,2015
DOM,f,18-59,0,2015
DOM,f,60+,0,2015
DOM,m,0-4,0,2015
DOM,m,5-11,0,2015
DOM,m,12-17,0,2015
DOM,m,18-59,0,2015
DOM,m,60+,0,2015
ECU,f,0-4,0,2015
ECU,f,5-11,0,2015
ECU,f,12-17,11,2015
ECU,f,18-59,29,2015
ECU,f,60+,5,2015
ECU,m,0-4,0,2015
ECU,m,5-11,9,2015
ECU,m,12-17,7,2015
ECU,m,18-59,31,2015
ECU,m,60+,7,2015
EGY,f,0-4,0,2015
EGY,f,5-11,0,2015
EGY,f,12-17,0,2015
EGY,f,18-59,13,2015
EGY,f,60+,0,2015
EGY,m,0-4,5,2015
EGY,m,5-11,6,2015
EGY,m,12-17,0,2015
EGY,m,18-59,9,2015
EGY,m,60+,0,2015
ESP,f,0-4,0,2015
ESP,f,5-11,0,2015
ESP,f,12-17,0,2015
ESP,f,18-59,0,2015
ESP,f,60+,0,2015
ESP,m,0-4,0,2015
ESP,m,5-11,0,2015
ESP,m,12-17,0,2015
ESP,m,18-59,0,2015
ESP,m,60+,0,2015
ESP,f,0-4,0,2015
ESP,f,5-11,0,2015
ESP,f,12-17,0,2015
ESP,f,18-59,0,2015
ESP,f,60+,0,2015
ESP,m,0-4,0,2015
ESP,m,5-11,0,2015
ESP,m,12-17,0,2015
ESP,m,18-59,0,2015
ESP,m,60+,0,2015
EST,f,0-4,0,2015
EST,f,5-11,0,2015
EST,f,12-17,0,2015
EST,f,18-59,0,2015
EST,f,60+,0,2015
EST,m,0-4,0,2015
EST,m,5-11,0,2015
EST,m,12-17,0,2015
EST,m,18-59,5,2015
EST,m,60+,0,2015
EST,f,0-4,0,2015
EST,f,5-11,0,2015
EST,f,12-17,0,2015
EST,f,18-59,0,2015
EST,f,60+,0,2015
EST,m,0-4,0,2015
EST,m,5-11,0,2015
EST,m,12-17,0,2015
EST,m,18-59,10,2015
EST,m,60+,0,2015
FIN,f,0-4,0,2015
FIN,f,5-11,0,2015
FIN,f,12-17,0,2015
FIN,f,18-59,0,2015
FIN,f,60+,0,2015
FIN,m,0-4,0,2015
FIN,m,5-11,0,2015
FIN,m,12-17,0,2015
FIN,m,18-59,0,2015
FIN,m,60+,0,2015
FIN,f,0-4,0,2015
FIN,f,5-11,0,2015
FIN,f,12-17,0,2015
FIN,f,18-59,0,2015
FIN,f,60+,0,2015
FIN,m,0-4,0,2015
FIN,m,5-11,0,2015
FIN,m,12-17,0,2015
FIN,m,18-59,0,2015
FIN,m,60+,0,2015
FJI,f,0-4,0,2015
FJI,f,5-11,0,2015
FJI,f,12-17,0,2015
FJI,f,18-59,7,2015
FJI,f,60+,0,2015
FJI,m,0-4,0,2015
FJI,m,5-11,0,2015
FJI,m,12-17,0,2015
FJI,m,18-59,0,2015
FJI,m,60+,0,2015
FRA,f,0-4,0,2015
FRA,f,5-11,0,2015
FRA,f,12-17,0,2015
FRA,f,18-59,0,2015
FRA,f,60+,0,2015
FRA,m,0-4,0,2015
FRA,m,5-11,0,2015
FRA,m,12-17,0,2015
FRA,m,18-59,0,2015
FRA,m,60+,0,2015
FRA,f,0-4,0,2015
FRA,f,5-11,0,2015
FRA,f,12-17,0,2015
FRA,f,18-59,0,2015
FRA,f,60+,0,2015
FRA,m,0-4,0,2015
FRA,m,5-11,0,2015
FRA,m,12-17,0,2015
FRA,m,18-59,0,2015
FRA,m,60+,0,2015
GBR,f,0-4,0,2015
GBR,f,5-11,0,2015
GBR,f,12-17,0,2015
GBR,f,18-59,0,2015
GBR,f,60+,0,2015
GBR,m,0-4,0,2015
GBR,m,5-11,0,2015
GBR,m,12-17,0,2015
GBR,m,18-59,0,2015
GBR,m,60+,0,2015
GBR,f,0-4,0,2015
GBR,f,5-11,0,2015
GBR,f,12-17,0,2015
GBR,f,18-59,0,2015
GBR,f,60+,0,2015
GBR,m,0-4,0,2015
GBR,m,5-11,0,2015
GBR,m,12-17,0,2015
GBR,m,18-59,0,2015
GBR,m,60+,0,2015
GEO,f,0-4,0,2015
GEO,f,5-11,0,2015
GEO,f,12-17,0,2015
GEO,f,18-59,0,2015
GEO,f,60+,0,2015
GEO,m,0-4,0,2015
GEO,m,5-11,0,2015
GEO,m,12-17,6,2015
GEO,m,18-59,0,2015
GEO,m,60+,0,2015
GEO,f,0-4,0,2015
GEO,f,5-11,0,2015
GEO,f,12-17,0,2015
GEO,f,18-59,0,2015
GEO,f,60+,0,2015
GEO,m,0-4,0,2015
GEO,m,5-11,0,2015
GEO,m,12-17,5,2015
GEO,m,18-59,0,2015
GEO,m,60+,0,2015
GRC,f,0-4,0,2015
GRC,f,5-11,0,2015
GRC,f,12-17,0,2015
GRC,f,18-59,0,2015
GRC,f,60+,0,2015
GRC,m,0-4,0,2015
GRC,m,5-11,0,2015
GRC,m,12-17,0,2015
GRC,m,18-59,0,2015
GRC,m,60+,0,2015
GRC,f,0-4,0,2015
GRC,f,5-11,0,2015
GRC,f,12-17,0,2015
GRC,f,18-59,0,2015
GRC,f,60+,0,2015
GRC,m,0-4,0,2015
GRC,m,5-11,0,2015
GRC,m,12-17,0,2015
GRC,m,18-59,0,2015
GRC,m,60+,0,2015
HKG,f,0-4,0,2015
HKG,f,5-11,0,2015
HKG,f,12-17,0,2015
HKG,f,18-59,0,2015
HKG,f,60+,0,2015
HKG,m,0-4,0,2015
HKG,m,5-11,0,2015
HKG,m,12-17,0,2015
HKG,m,18-59,8,2015
HKG,m,60+,0,2015
HRV,f,0-4,5,2015
HRV,f,5-11,0,2015
HRV,f,12-17,0,2015
HRV,f,18-59,0,2015
HRV,f,60+,0,2015
HRV,m,0-4,0,2015
HRV,m,5-11,0,2015
HRV,m,12-17,5,2015
HRV,m,18-59,12,2015
HRV,m,60+,0,2015
HUN,f,0-4,0,2015
HUN,f,5-11,0,2015
HUN,f,12-17,0,2015
HUN,f,18-59,0,2015
HUN,f,60+,0,2015
HUN,m,0-4,0,2015
HUN,m,5-11,0,2015
HUN,m,12-17,0,2015
HUN,m,18-59,0,2015
HUN,m,60+,0,2015
HUN,f,0-4,0,2015
HUN,f,5-11,0,2015
HUN,f,12-17,0,2015
HUN,f,18-59,0,2015
HUN,f,60+,0,2015
HUN,m,0-4,0,2015
HUN,m,5-11,0,2015
HUN,m,12-17,0,2015
HUN,m,18-59,0,2015
HUN,m,60+,0,2015
IDN,f,0-4,94,2015
IDN,f,5-11,147,2015
IDN,f,12-17,86,2015
IDN,f,18-59,487,2015
IDN,f,60+,29,2015
IDN,m,0-4,116,2015
IDN,m,5-11,167,2015
IDN,m,12-17,403,2015
IDN,m,18-59,2240,2015
IDN,m,60+,13,2015
IDN,f,0-4,42,2015
IDN,f,5-11,58,2015
IDN,f,12-17,21,2015
IDN,f,18-59,185,2015
IDN,f,60+,6,2015
IDN,m,0-4,49,2015
IDN,m,5-11,51,2015
IDN,m,12-17,161,2015
IDN,m,18-59,2299,2015
IDN,m,60+,18,2015
IND,f,0-4,157,2015
IND,f,5-11,220,2015
IND,f,12-17,183,2015
IND,f,18-59,759,2015
IND,f,60+,45,2015
IND,m,0-4,169,2015
IND,m,5-11,220,2015
IND,m,12-17,174,2015
IND,m,18-59,763,2015
IND,m,60+,38,2015
IND,f,0-4,117,2015
IND,f,5-11,594,2015
IND,f,12-17,540,2015
IND,f,18-59,3766,2015
IND,f,60+,474,2015
IND,m,0-4,142,2015
IND,m,5-11,623,2015
IND,m,12-17,612,2015
IND,m,18-59,2934,2015
IND,m,60+,394,2015
IRL,f,0-4,0,2015
IRL,f,5-11,0,2015
IRL,f,12-17,0,2015
IRL,f,18-59,8,2015
IRL,f,60+,0,2015
IRL,m,0-4,0,2015
IRL,m,5-11,0,2015
IRL,m,12-17,18,2015
IRL,m,18-59,136,2015
IRL,m,60+,0,2015
IRL,f,0-4,0,2015
IRL,f,5-11,0,2015
IRL,f,12-17,5,2015
IRL,f,18-59,7,2015
IRL,f,60+,0,2015
IRL,m,0-4,0,2015
IRL,m,5-11,0,2015
IRL,m,12-17,0,2015
IRL,m,18-59,165,2015
IRL,m,60+,5,2015
IRN,f,0-4,0,2015
IRN,f,5-11,0,2015
IRN,f,12-17,7,2015
IRN,f,18-59,9,2015
IRN,f,60+,0,2015
IRN,m,0-4,7,2015
IRN,m,5-11,0,2015
IRN,m,12-17,0,2015
IRN,m,18-59,10,2015
IRN,m,60+,0,2015
IRN,f,0-4,1807,2015
IRN,f,5-11,2463,2015
IRN,f,12-17,2692,2015
IRN,f,18-59,6149,2015
IRN,f,60+,586,2015
IRN,m,0-4,1921,2015
IRN,m,5-11,2473,2015
IRN,m,12-17,2874,2015
IRN,m,18-59,6135,2015
IRN,m,60+,862,2015
IRQ,f,0-4,0,2015
IRQ,f,5-11,8,2015
IRQ,f,12-17,13,2015
IRQ,f,18-59,46,2015
IRQ,f,60+,6,2015
IRQ,m,0-4,0,2015
IRQ,m,5-11,13,2015
IRQ,m,12-17,5,2015
IRQ,m,18-59,36,2015
IRQ,m,60+,6,2015
IRQ,f,0-4,0,2015
IRQ,f,5-11,0,2015
IRQ,f,12-17,0,2015
IRQ,f,18-59,9,2015
IRQ,f,60+,0,2015
IRQ,m,0-4,0,2015
IRQ,m,5-11,0,2015
IRQ,m,12-17,0,2015
IRQ,m,18-59,0,2015
IRQ,m,60+,0,2015
ISL,f,0-4,0,2015
ISL,f,5-11,0,2015
ISL,f,12-17,0,2015
ISL,f,18-59,0,2015
ISL,f,60+,0,2015
ISL,m,0-4,0,2015
ISL,m,5-11,0,2015
ISL,m,12-17,0,2015
ISL,m,18-59,0,2015
ISL,m,60+,0,2015
ISL,f,0-4,0,2015
ISL,f,5-11,0,2015
ISL,f,12-17,0,2015
ISL,f,18-59,0,2015
ISL,f,60+,0,2015
ISL,m,0-4,0,2015
ISL,m,5-11,0,2015
ISL,m,12-17,0,2015
ISL,m,18-59,0,2015
ISL,m,60+,0,2015
ITA,f,0-4,0,2015
ITA,f,5-11,0,2015
ITA,f,12-17,0,2015
ITA,f,18-59,0,2015
ITA,f,60+,0,2015
ITA,m,0-4,0,2015
ITA,m,5-11,0,2015
ITA,m,12-17,0,2015
ITA,m,18-59,0,2015
ITA,m,60+,0,2015
ITA,f,0-4,0,2015
ITA,f,5-11,0,2015
ITA,f,12-17,0,2015
ITA,f,18-59,0,2015
ITA,f,60+,0,2015
ITA,m,0-4,0,2015
ITA,m,5-11,0,2015
ITA,m,12-17,0,2015
ITA,m,18-59,0,2015
ITA,m,60+,0,2015
JOR,f,0-4,0,2015
JOR,f,5-11,0,2015
JOR,f,12-17,0,2015
JOR,f,18-59,0,2015
JOR,f,60+,0,2015
JOR,m,0-4,0,2015
JOR,m,5-11,0,2015
JOR,m,12-17,9,2015
JOR,m,18-59,0,2015
JOR,m,60+,0,2015
JOR,f,0-4,0,2015
JOR,f,5-11,0,2015
JOR,f,12-17,0,2015
JOR,f,18-59,0,2015
JOR,f,60+,0,2015
JOR,m,0-4,0,2015
JOR,m,5-11,0,2015
JOR,m,12-17,0,2015
JOR,m,18-59,8,2015
JOR,m,60+,0,2015
JPN,f,0-4,0,2015
JPN,f,5-11,0,2015
JPN,f,12-17,0,2015
JPN,f,18-59,0,2015
JPN,f,60+,0,2015
JPN,m,0-4,0,2015
JPN,m,5-11,0,2015
JPN,m,12-17,0,2015
JPN,m,18-59,0,2015
JPN,m,60+,0,2015
JPN,f,0-4,0,2015
JPN,f,5-11,0,2015
JPN,f,12-17,0,2015
JPN,f,18-59,0,2015
JPN,f,60+,0,2015
JPN,m,0-4,0,2015
JPN,m,5-11,0,2015
JPN,m,12-17,0,2015
JPN,m,18-59,0,2015
JPN,m,60+,0,2015
KAZ,f,0-4,5,2015
KAZ,f,5-11,0,2015
KAZ,f,12-17,0,2015
KAZ,f,18-59,6,2015
KAZ,f,60+,0,2015
KAZ,m,0-4,5,2015
KAZ,m,5-11,0,2015
KAZ,m,12-17,0,2015
KAZ,m,18-59,33,2015
KAZ,m,60+,0,2015
KAZ,f,0-4,21,2015
KAZ,f,5-11,36,2015
KAZ,f,12-17,39,2015
KAZ,f,18-59,165,2015
KAZ,f,60+,8,2015
KAZ,m,0-4,27,2015
KAZ,m,5-11,49,2015
KAZ,m,12-17,30,2015
KAZ,m,18-59,257,2015
KAZ,m,60+,12,2015
KEN,f,0-4,0,2015
KEN,f,5-11,0,2015
KEN,f,12-17,0,2015
KEN,f,18-59,0,2015
KEN,f,60+,0,2015
KEN,m,0-4,0,2015
KEN,m,5-11,0,2015
KEN,m,12-17,0,2015
KEN,m,18-59,5,2015
KEN,m,60+,0,2015
KGZ,f,0-4,5,2015
KGZ,f,5-11,9,2015
KGZ,f,12-17,6,2015
KGZ,f,18-59,30,2015
KGZ,f,60+,0,2015
KGZ,m,0-4,5,2015
KGZ,m,5-11,11,2015
KGZ,m,12-17,13,2015
KGZ,m,18-59,39,2015
KGZ,m,60+,0,2015
KGZ,f,0-4,14,2015
KGZ,f,5-11,17,2015
KGZ,f,12-17,26,2015
KGZ,f,18-59,61,2015
KGZ,f,60+,0,2015
KGZ,m,0-4,16,2015
KGZ,m,5-11,16,2015
KGZ,m,12-17,9,2015
KGZ,m,18-59,99,2015
KGZ,m,60+,0,2015
KOR,f,0-4,0,2015
KOR,f,5-11,0,2015
KOR,f,12-17,0,2015
KOR,f,18-59,0,2015
KOR,f,60+,0,2015
KOR,m,0-4,0,2015
KOR,m,5-11,0,2015
KOR,m,12-17,0,2015
KOR,m,18-59,20,2015
KOR,m,60+,0,2015
KOR,f,0-4,0,2015
KOR,f,5-11,7,2015
KOR,f,12-17,5,2015
KOR,f,18-59,0,2015
KOR,f,60+,0,2015
KOR,m,0-4,0,2015
KOR,m,5-11,6,2015
KOR,m,12-17,0,2015
KOR,m,18-59,14,2015
KOR,m,60+,0,2015
LBN,f,0-4,0,2015
LBN,f,5-11,0,2015
LBN,f,12-17,0,2015
LBN,f,18-59,0,2015
LBN,f,60+,0,2015
LBN,m,0-4,6,2015
LBN,m,5-11,0,2015
LBN,m,12-17,0,2015
LBN,m,18-59,7,2015
LBN,m,60+,0,2015
LBN,f,0-4,0,2015
LBN,f,5-11,5,2015
LBN,f,12-17,0,2015
LBN,f,18-59,7,2015
LBN,f,60+,0,2015
LBN,m,0-4,0,2015
LBN,m,5-11,0,2015
LBN,m,12-17,0,2015
LBN,m,18-59,8,2015
LBN,m,60+,0,2015
LIE,f,0-4,0,2015
LIE,f,5-11,0,2015
LIE,f,12-17,0,2015
LIE,f,18-59,0,2015
LIE,f,60+,0,2015
LIE,m,0-4,0,2015
LIE,m,5-11,0,2015
LIE,m,12-17,0,2015
LIE,m,18-59,0,2015
LIE,m,60+,0,2015
LKA,f,0-4,0,2015
LKA,f,5-11,5,2015
LKA,f,12-17,12,2015
LKA,f,18-59,23,2015
LKA,f,60+,0,2015
LKA,m,0-4,10,2015
LKA,m,5-11,5,2015
LKA,m,12-17,7,2015
LKA,m,18-59,45,2015
LKA,m,60+,0,2015
LKA,f,0-4,0,2015
LKA,f,5-11,15,2015
LKA,f,12-17,6,2015
LKA,f,18-59,22,2015
LKA,f,60+,0,2015
LKA,m,0-4,5,2015
LKA,m,5-11,11,2015
LKA,m,12-17,10,2015
LKA,m,18-59,55,2015
LKA,m,60+,0,2015
LTU,f,0-4,0,2015
LTU,f,5-11,0,2015
LTU,f,12-17,0,2015
LTU,f,18-59,0,2015
LTU,f,60+,0,2015
LTU,m,0-4,0,2015
LTU,m,5-11,0,2015
LTU,m,12-17,0,2015
LTU,m,18-59,0,2015
LTU,m,60+,0,2015
LTU,f,0-4,0,2015
LTU,f,5-11,17,2015
LTU,f,12-17,0,2015
LTU,f,18-59,0,2015
LTU,f,60+,0,2015
LTU,m,0-4,0,2015
LTU,m,5-11,0,2015
LTU,m,12-17,10,2015
LTU,m,18-59,33,2015
LTU,m,60+,0,2015
LUX,f,0-4,0,2015
LUX,f,5-11,0,2015
LUX,f,12-17,0,2015
LUX,f,18-59,0,2015
LUX,f,60+,0,2015
LUX,m,0-4,0,2015
LUX,m,5-11,0,2015
LUX,m,12-17,0,2015
LUX,m,18-59,0,2015
LUX,m,60+,0,2015
LUX,f,0-4,0,2015
LUX,f,5-11,0,2015
LUX,f,12-17,0,2015
LUX,f,18-59,0,2015
LUX,f,60+,0,2015
LUX,m,0-4,0,2015
LUX,m,5-11,0,2015
LUX,m,12-17,0,2015
LUX,m,18-59,0,2015
LUX,m,60+,0,2015
LVA,f,0-4,0,2015
LVA,f,5-11,0,2015
LVA,f,12-17,0,2015
LVA,f,18-59,0,2015
LVA,f,60+,0,2015
LVA,m,0-4,0,2015
LVA,m,5-11,0,2015
LVA,m,12-17,0,2015
LVA,m,18-59,0,2015
LVA,m,60+,0,2015
LVA,f,0-4,0,2015
LVA,f,5-11,0,2015
LVA,f,12-17,0,2015
LVA,f,18-59,0,2015
LVA,f,60+,0,2015
LVA,m,0-4,0,2015
LVA,m,5-11,0,2015
LVA,m,12-17,0,2015
LVA,m,18-59,0,2015
LVA,m,60+,0,2015
MDA,f,0-4,0,2015
MDA,f,5-11,0,2015
MDA,f,12-17,0,2015
MDA,f,18-59,0,2015
MDA,f,60+,0,2015
MDA,m,0-4,0,2015
MDA,m,5-11,0,2015
MDA,m,12-17,0,2015
MDA,m,18-59,9,2015
MDA,m,60+,0,2015
MDA,f,0-4,0,2015
MDA,f,5-11,0,2015
MDA,f,12-17,0,2015
MDA,f,18-59,5,2015
MDA,f,60+,0,2015
MDA,m,0-4,6,2015
MDA,m,5-11,0,2015
MDA,m,12-17,0,2015
MDA,m,18-59,6,2015
MDA,m,60+,0,2015
MEX,f,0-4,0,2015
MEX,f,5-11,0,2015
MEX,f,12-17,0,2015
MEX,f,18-59,0,2015
MEX,f,60+,0,2015
MEX,m,0-4,0,2015
MEX,m,5-11,0,2015
MEX,m,12-17,0,2015
MEX,m,18-59,0,2015
MEX,m,60+,0,2015
MNG,f,0-4,0,2015
MNG,f,5-11,0,2015
MNG,f,12-17,0,2015
MNG,f,18-59,0,2015
MNG,f,60+,0,2015
MNG,m,0-4,0,2015
MNG,m,5-11,0,2015
MNG,m,12-17,0,2015
MNG,m,18-59,5,2015
MNG,m,60+,0,2015
MYS,f,0-4,14,2015
MYS,f,5-11,33,2015
MYS,f,12-17,16,2015
MYS,f,18-59,76,2015
MYS,f,60+,5,2015
MYS,m,0-4,21,2015
MYS,m,5-11,31,2015
MYS,m,12-17,26,2015
MYS,m,18-59,114,2015
MYS,m,60+,0,2015
MYS,f,0-4,6,2015
MYS,f,5-11,9,2015
MYS,f,12-17,12,2015
MYS,f,18-59,36,2015
MYS,f,60+,5,2015
MYS,m,0-4,9,2015
MYS,m,5-11,14,2015
MYS,m,12-17,9,2015
MYS,m,18-59,73,2015
MYS,m,60+,0,2015
NGA,f,0-4,0,2015
NGA,f,5-11,0,2015
NGA,f,12-17,0,2015
NGA,f,18-59,0,2015
NGA,f,60+,0,2015
NGA,m,0-4,0,2015
NGA,m,5-11,0,2015
NGA,m,12-17,0,2015
NGA,m,18-59,5,2015
NGA,m,60+,0,2015
NLD,f,0-4,0,2015
NLD,f,5-11,0,2015
NLD,f,12-17,0,2015
NLD,f,18-59,0,2015
NLD,f,60+,0,2015
NLD,m,0-4,0,2015
NLD,m,5-11,0,2015
NLD,m,12-17,0,2015
NLD,m,18-59,0,2015
NLD,m,60+,0,2015
NLD,f,0-4,0,2015
NLD,f,5-11,0,2015
NLD,f,12-17,0,2015
NLD,f,18-59,0,2015
NLD,f,60+,0,2015
NLD,m,0-4,0,2015
NLD,m,5-11,0,2015
NLD,m,12-17,0,2015
NLD,m,18-59,0,2015
NLD,m,60+,0,2015
NOR,f,0-4,0,2015
NOR,f,5-11,0,2015
NOR,f,12-17,0,2015
NOR,f,18-59,0,2015
NOR,f,60+,0,2015
NOR,m,0-4,0,2015
NOR,m,5-11,0,2015
NOR,m,12-17,0,2015
NOR,m,18-59,0,2015
NOR,m,60+,0,2015
NOR,f,0-4,0,2015
NOR,f,5-11,0,2015
NOR,f,12-17,0,2015
NOR,f,18-59,0,2015
NOR,f,60+,0,2015
NOR,m,0-4,0,2015
NOR,m,5-11,0,2015
NOR,m,12-17,0,2015
NOR,m,18-59,0,2015
NOR,m,60+,0,2015
NPL,f,0-4,6,2015
NPL,f,5-11,7,2015
NPL,f,12-17,0,2015
NPL,f,18-59,19,2015
NPL,f,60+,0,2015
NPL,m,0-4,5,2015
NPL,m,5-11,8,2015
NPL,m,12-17,5,2015
NPL,m,18-59,19,2015
NPL,m,60+,0,2015
NRU,f,0-4,0,2015
NRU,f,5-11,0,2015
NRU,f,12-17,0,2015
NRU,f,18-59,0,2015
NRU,f,60+,0,2015
NRU,m,0-4,0,2015
NRU,m,5-11,0,2015
NRU,m,12-17,0,2015
NRU,m,18-59,0,2015
NRU,m,60+,0,2015
NRU,f,0-4,0,2015
NRU,f,5-11,0,2015
NRU,f,12-17,0,2015
NRU,f,18-59,0,2015
NRU,f,60+,0,2015
NRU,m,0-4,0,2015
NRU,m,5-11,0,2015
NRU,m,12-17,0,2015
NRU,m,18-59,0,2015
NRU,m,60+,0,2015
NZL,f,0-4,0,2015
NZL,f,5-11,0,2015
NZL,f,12-17,0,2015
NZL,f,18-59,0,2015
NZL,f,60+,0,2015
NZL,m,0-4,0,2015
NZL,m,5-11,0,2015
NZL,m,12-17,0,2015
NZL,m,18-59,0,2015
NZL,m,60+,0,2015
NZL,f,0-4,0,2015
NZL,f,5-11,0,2015
NZL,f,12-17,0,2015
NZL,f,18-59,0,2015
NZL,f,60+,0,2015
NZL,m,0-4,0,2015
NZL,m,5-11,0,2015
NZL,m,12-17,0,2015
NZL,m,18-59,0,2015
NZL,m,60+,0,2015
PAK,f,0-4,256,2015
PAK,f,5-11,718,2015
PAK,f,12-17,645,2015
PAK,f,18-59,1812,2015
PAK,f,60+,120,2015
PAK,m,0-4,274,2015
PAK,m,5-11,765,2015
PAK,m,12-17,657,2015
PAK,m,18-59,1044,2015
PAK,m,60+,67,2015
PAK,f,0-4,53930,2015
PAK,f,5-11,178779,2015
PAK,f,12-17,140572,2015
PAK,f,18-59,340967,2015
PAK,f,60+,18741,2015
PAK,m,0-4,58377,2015
PAK,m,5-11,189436,2015
PAK,m,12-17,153477,2015
PAK,m,18-59,388708,2015
PAK,m,60+,37605,2015
PAN,f,0-4,0,2015
PAN,f,5-11,0,2015
PAN,f,12-17,0,2015
PAN,f,18-59,0,2015
PAN,f,60+,0,2015
PAN,m,0-4,0,2015
PAN,m,5-11,0,2015
PAN,m,12-17,0,2015
PAN,m,18-59,8,2015
PAN,m,60+,0,2015
PHL,f,0-4,0,2015
PHL,f,5-11,0,2015
PHL,f,12-17,0,2015
PHL,f,18-59,0,2015
PHL,f,60+,0,2015
PHL,m,0-4,0,2015
PHL,m,5-11,0,2015
PHL,m,12-17,0,2015
PHL,m,18-59,5,2015
PHL,m,60+,0,2015
PNG,f,0-4,0,2015
PNG,f,5-11,0,2015
PNG,f,12-17,0,2015
PNG,f,18-59,0,2015
PNG,f,60+,0,2015
PNG,m,0-4,0,2015
PNG,m,5-11,0,2015
PNG,m,12-17,0,2015
PNG,m,18-59,0,2015
PNG,m,60+,0,2015
PNG,f,0-4,0,2015
PNG,f,5-11,0,2015
PNG,f,12-17,0,2015
PNG,f,18-59,0,2015
PNG,f,60+,0,2015
PNG,m,0-4,0,2015
PNG,m,5-11,0,2015
PNG,m,12-17,0,2015
PNG,m,18-59,0,2015
PNG,m,60+,0,2015
POL,f,0-4,0,2015
POL,f,5-11,0,2015
POL,f,12-17,0,2015
POL,f,18-59,0,2015
POL,f,60+,0,2015
POL,m,0-4,0,2015
POL,m,5-11,0,2015
POL,m,12-17,0,2015
POL,m,18-59,0,2015
POL,m,60+,0,2015
POL,f,0-4,0,2015
POL,f,5-11,0,2015
POL,f,12-17,0,2015
POL,f,18-59,0,2015
POL,f,60+,0,2015
POL,m,0-4,0,2015
POL,m,5-11,0,2015
POL,m,12-17,0,2015
POL,m,18-59,0,2015
POL,m,60+,0,2015
PRT,f,0-4,0,2015
PRT,f,5-11,0,2015
PRT,f,12-17,0,2015
PRT,f,18-59,0,2015
PRT,f,60+,0,2015
PRT,m,0-4,0,2015
PRT,m,5-11,0,2015
PRT,m,12-17,0,2015
PRT,m,18-59,0,2015
PRT,m,60+,0,2015
ROU,f,0-4,0,2015
ROU,f,5-11,0,2015
ROU,f,12-17,0,2015
ROU,f,18-59,0,2015
ROU,f,60+,0,2015
ROU,m,0-4,0,2015
ROU,m,5-11,0,2015
ROU,m,12-17,0,2015
ROU,m,18-59,0,2015
ROU,m,60+,0,2015
ROU,f,0-4,6,2015
ROU,f,5-11,5,2015
ROU,f,12-17,5,2015
ROU,f,18-59,10,2015
ROU,f,60+,0,2015
ROU,m,0-4,0,2015
ROU,m,5-11,5,2015
ROU,m,12-17,10,2015
ROU,m,18-59,100,2015
ROU,m,60+,0,2015
RUS,f,0-4,0,2015
RUS,f,5-11,0,2015
RUS,f,12-17,0,2015
RUS,f,18-59,0,2015
RUS,f,60+,0,2015
RUS,m,0-4,0,2015
RUS,m,5-11,0,2015
RUS,m,12-17,0,2015
RUS,m,18-59,0,2015
RUS,m,60+,0,2015
RUS,f,0-4,0,2015
RUS,f,5-11,0,2015
RUS,f,12-17,0,2015
RUS,f,18-59,0,2015
RUS,f,60+,0,2015
RUS,m,0-4,0,2015
RUS,m,5-11,0,2015
RUS,m,12-17,0,2015
RUS,m,18-59,0,2015
RUS,m,60+,0,2015
SDN,f,0-4,0,2015
SDN,f,5-11,0,2015
SDN,f,12-17,0,2015
SDN,f,18-59,0,2015
SDN,f,60+,0,2015
SDN,m,0-4,0,2015
SDN,m,5-11,6,2015
SDN,m,12-17,0,2015
SDN,m,18-59,0,2015
SDN,m,60+,0,2015
SEN,f,0-4,0,2015
SEN,f,5-11,0,2015
SEN,f,12-17,9,2015
SEN,f,18-59,0,2015
SEN,f,60+,0,2015
SEN,m,0-4,0,2015
SEN,m,5-11,0,2015
SEN,m,12-17,0,2015
SEN,m,18-59,0,2015
SEN,m,60+,0,2015
SRB,f,0-4,0,2015
SRB,f,5-11,0,2015
SRB,f,12-17,0,2015
SRB,f,18-59,0,2015
SRB,f,60+,0,2015
SRB,m,0-4,5,2015
SRB,m,5-11,0,2015
SRB,m,12-17,0,2015
SRB,m,18-59,30,2015
SRB,m,60+,0,2015
SVK,f,0-4,0,2015
SVK,f,5-11,0,2015
SVK,f,12-17,0,2015
SVK,f,18-59,0,2015
SVK,f,60+,0,2015
SVK,m,0-4,0,2015
SVK,m,5-11,0,2015
SVK,m,12-17,0,2015
SVK,m,18-59,0,2015
SVK,m,60+,0,2015
SVN,f,0-4,0,2015
SVN,f,5-11,0,2015
SVN,f,12-17,0,2015
SVN,f,18-59,0,2015
SVN,f,60+,0,2015
SVN,m,0-4,0,2015
SVN,m,5-11,0,2015
SVN,m,12-17,9,2015
SVN,m,18-59,7,2015
SVN,m,60+,0,2015
SVN,f,0-4,0,2015
SVN,f,5-11,0,2015
SVN,f,12-17,0,2015
SVN,f,18-59,0,2015
SVN,f,60+,0,2015
SVN,m,0-4,0,2015
SVN,m,5-11,0,2015
SVN,m,12-17,0,2015
SVN,m,18-59,22,2015
SVN,m,60+,0,2015
SWE,f,0-4,0,2015
SWE,f,5-11,0,2015
SWE,f,12-17,0,2015
SWE,f,18-59,0,2015
SWE,f,60+,0,2015
SWE,m,0-4,0,2015
SWE,m,5-11,0,2015
SWE,m,12-17,0,2015
SWE,m,18-59,0,2015
SWE,m,60+,0,2015
SWE,f,0-4,0,2015
SWE,f,5-11,0,2015
SWE,f,12-17,0,2015
SWE,f,18-59,0,2015
SWE,f,60+,0,2015
SWE,m,0-4,0,2015
SWE,m,5-11,0,2015
SWE,m,12-17,0,2015
SWE,m,18-59,0,2015
SWE,m,60+,0,2015
SYR,f,0-4,17,2015
SYR,f,5-11,23,2015
SYR,f,12-17,16,2015
SYR,f,18-59,52,2015
SYR,f,60+,5,2015
SYR,m,0-4,20,2015
SYR,m,5-11,28,2015
SYR,m,12-17,12,2015
SYR,m,18-59,93,2015
SYR,m,60+,8,2015
SYR,f,0-4,55,2015
SYR,f,5-11,93,2015
SYR,f,12-17,89,2015
SYR,f,18-59,348,2015
SYR,f,60+,17,2015
SYR,m,0-4,48,2015
SYR,m,5-11,98,2015
SYR,m,12-17,79,2015
SYR,m,18-59,349,2015
SYR,m,60+,37,2015
THA,f,0-4,0,2015
THA,f,5-11,9,2015
THA,f,12-17,0,2015
THA,f,18-59,8,2015
THA,f,60+,0,2015
THA,m,0-4,0,2015
THA,m,5-11,0,2015
THA,m,12-17,8,2015
THA,m,18-59,23,2015
THA,m,60+,0,2015
THA,f,0-4,0,2015
THA,f,5-11,0,2015
THA,f,12-17,0,2015
THA,f,18-59,5,2015
THA,f,60+,0,2015
THA,m,0-4,0,2015
THA,m,5-11,5,2015
THA,m,12-17,0,2015
THA,m,18-59,6,2015
THA,m,60+,0,2015
TJK,f,0-4,0,2015
TJK,f,5-11,0,2015
TJK,f,12-17,0,2015
TJK,f,18-59,0,2015
TJK,f,60+,0,2015
TJK,m,0-4,0,2015
TJK,m,5-11,0,2015
TJK,m,12-17,0,2015
TJK,m,18-59,0,2015
TJK,m,60+,0,2015
TJK,f,0-4,0,2015
TJK,f,5-11,0,2015
TJK,f,12-17,0,2015
TJK,f,18-59,0,2015
TJK,f,60+,0,2015
TJK,m,0-4,0,2015
TJK,m,5-11,0,2015
TJK,m,12-17,0,2015
TJK,m,18-59,0,2015
TJK,m,60+,0,2015
TJK,f,0-4,0,2015
TJK,f,5-11,0,2015
TJK,f,12-17,0,2015
TJK,f,18-59,0,2015
TJK,f,60+,0,2015
TJK,m,0-4,0,2015
TJK,m,5-11,0,2015
TJK,m,12-17,0,2015
TJK,m,18-59,0,2015
TJK,m,60+,0,2015
TKM,f,0-4,0,2015
TKM,f,5-11,0,2015
TKM,f,12-17,0,2015
TKM,f,18-59,9,2015
TKM,f,60+,0,2015
TKM,m,0-4,0,2015
TKM,m,5-11,0,2015
TKM,m,12-17,0,2015
TKM,m,18-59,9,2015
TKM,m,60+,0,2015
TUR,f,0-4,3802,2015
TUR,f,5-11,5342,2015
TUR,f,12-17,3517,2015
TUR,f,18-59,15840,2015
TUR,f,60+,416,2015
TUR,m,0-4,4045,2015
TUR,m,5-11,6419,2015
TUR,m,12-17,5955,2015
TUR,m,18-59,44246,2015
TUR,m,60+,574,2015
TUR,f,0-4,92,2015
TUR,f,5-11,330,2015
TUR,f,12-17,287,2015
TUR,f,18-59,1003,2015
TUR,f,60+,10,2015
TUR,m,0-4,108,2015
TUR,m,5-11,353,2015
TUR,m,12-17,414,2015
TUR,m,18-59,1204,2015
TUR,m,60+,45,2015
UKR,f,0-4,0,2015
UKR,f,5-11,0,2015
UKR,f,12-17,0,2015
UKR,f,18-59,0,2015
UKR,f,60+,0,2015
UKR,m,0-4,0,2015
UKR,m,5-11,0,2015
UKR,m,12-17,0,2015
UKR,m,18-59,0,2015
UKR,m,60+,0,2015
UKR,f,0-4,0,2015
UKR,f,5-11,0,2015
UKR,f,12-17,0,2015
UKR,f,18-59,0,2015
UKR,f,60+,0,2015
UKR,m,0-4,0,2015
UKR,m,5-11,0,2015
UKR,m,12-17,0,2015
UKR,m,18-59,0,2015
UKR,m,60+,0,2015
USA,f,0-4,0,2015
USA,f,5-11,0,2015
USA,f,12-17,0,2015
USA,f,18-59,0,2015
USA,f,60+,0,2015
USA,m,0-4,0,2015
USA,m,5-11,0,2015
USA,m,12-17,0,2015
USA,m,18-59,0,2015
USA,m,60+,0,2015
USA,f,0-4,0,2015
USA,f,5-11,0,2015
USA,f,12-17,0,2015
USA,f,18-59,0,2015
USA,f,60+,0,2015
USA,m,0-4,0,2015
USA,m,5-11,0,2015
USA,m,12-17,0,2015
USA,m,18-59,0,2015
USA,m,60+,0,2015
UZB,f,0-4,0,2015
UZB,f,5-11,7,2015
UZB,f,12-17,6,2015
UZB,f,18-59,23,2015
UZB,f,60+,5,2015
UZB,m,0-4,5,2015
UZB,m,5-11,5,2015
UZB,m,12-17,15,2015
UZB,m,18-59,34,2015
UZB,m,60+,6,2015
VEN,f,0-4,0,2015
VEN,f,5-11,0,2015
VEN,f,12-17,0,2015
VEN,f,18-59,0,2015
VEN,f,60+,0,2015
VEN,m,0-4,0,2015
VEN,m,5-11,0,2015
VEN,m,12-17,0,2015
VEN,m,18-59,5,2015
VEN,m,60+,0,2015
ZAF,f,0-4,0,2015
ZAF,f,5-11,0,2015
ZAF,f,12-17,0,2015
ZAF,f,18-59,0,2015
ZAF,f,60+,0,2015
ZAF,m,0-4,0,2015
ZAF,m,5-11,0,2015
ZAF,m,12-17,0,2015
ZAF,m,18-59,0,2015
ZAF,m,60+,0,2015
ZAF,f,0-4,0,2015
ZAF,f,5-11,0,2015
ZAF,f,12-17,0,2015
ZAF,f,18-59,0,2015
ZAF,f,60+,0,2015
ZAF,m,0-4,0,2015
ZAF,m,5-11,0,2015
ZAF,m,12-17,0,2015
ZAF,m,18-59,0,2015
ZAF,m,60+,0,2015
AFG,f,0-4,12824,2016
AFG,f,5-11,10972,2016
AFG,f,12-17,8412,2016
AFG,f,18-59,22244,2016
AFG,f,60+,1669,2016
AFG,m,0-4,13371,2016
AFG,m,5-11,11762,2016
AFG,m,12-17,9089,2016
AFG,m,18-59,20956,2016
AFG,m,60+,2922,2016
ARE,f,0-4,0,2016
ARE,f,5-11,5,2016
ARE,f,12-17,5,2016
ARE,f,18-59,0,2016
ARE,f,60+,0,2016
ARE,m,0-4,0,2016
ARE,m,5-11,0,2016
ARE,m,12-17,8,2016
ARE,m,18-59,0,2016
ARE,m,60+,0,2016
ARG,f,0-4,0,2016
ARG,f,5-11,0,2016
ARG,f,12-17,0,2016
ARG,f,18-59,0,2016
ARG,f,60+,0,2016
ARG,m,0-4,0,2016
ARG,m,5-11,5,2016
ARG,m,12-17,0,2016
ARG,m,18-59,0,2016
ARG,m,60+,0,2016
AUS,f,0-4,0,2016
AUS,f,5-11,0,2016
AUS,f,12-17,0,2016
AUS,f,18-59,0,2016
AUS,f,60+,0,2016
AUS,m,0-4,0,2016
AUS,m,5-11,0,2016
AUS,m,12-17,0,2016
AUS,m,18-59,0,2016
AUS,m,60+,0,2016
AUS,f,0-4,0,2016
AUS,f,5-11,0,2016
AUS,f,12-17,0,2016
AUS,f,18-59,0,2016
AUS,f,60+,0,2016
AUS,m,0-4,0,2016
AUS,m,5-11,0,2016
AUS,m,12-17,0,2016
AUS,m,18-59,0,2016
AUS,m,60+,0,2016
AUT,f,0-4,0,2016
AUT,f,5-11,0,2016
AUT,f,12-17,0,2016
AUT,f,18-59,0,2016
AUT,f,60+,0,2016
AUT,m,0-4,0,2016
AUT,m,5-11,0,2016
AUT,m,12-17,0,2016
AUT,m,18-59,0,2016
AUT,m,60+,0,2016
AUT,f,0-4,0,2016
AUT,f,5-11,0,2016
AUT,f,12-17,0,2016
AUT,f,18-59,0,2016
AUT,f,60+,0,2016
AUT,m,0-4,0,2016
AUT,m,5-11,0,2016
AUT,m,12-17,0,2016
AUT,m,18-59,0,2016
AUT,m,60+,0,2016
AZE,f,0-4,0,2016
AZE,f,5-11,0,2016
AZE,f,12-17,5,2016
AZE,f,18-59,8,2016
AZE,f,60+,0,2016
AZE,m,0-4,0,2016
AZE,m,5-11,6,2016
AZE,m,12-17,0,2016
AZE,m,18-59,10,2016
AZE,m,60+,0,2016
AZE,f,0-4,21,2016
AZE,f,5-11,24,2016
AZE,f,12-17,35,2016
AZE,f,18-59,106,2016
AZE,f,60+,6,2016
AZE,m,0-4,25,2016
AZE,m,5-11,34,2016
AZE,m,12-17,26,2016
AZE,m,18-59,270,2016
AZE,m,60+,15,2016
BEL,f,0-4,0,2016
BEL,f,5-11,0,2016
BEL,f,12-17,0,2016
BEL,f,18-59,0,2016
BEL,f,60+,0,2016
BEL,m,0-4,0,2016
BEL,m,5-11,0,2016
BEL,m,12-17,0,2016
BEL,m,18-59,0,2016
BEL,m,60+,0,2016
BEL,f,0-4,0,2016
BEL,f,5-11,0,2016
BEL,f,12-17,0,2016
BEL,f,18-59,0,2016
BEL,f,60+,0,2016
BEL,m,0-4,0,2016
BEL,m,5-11,0,2016
BEL,m,12-17,0,2016
BEL,m,18-59,0,2016
BEL,m,60+,0,2016
BGR,f,0-4,0,2016
BGR,f,5-11,0,2016
BGR,f,12-17,0,2016
BGR,f,18-59,0,2016
BGR,f,60+,0,2016
BGR,m,0-4,0,2016
BGR,m,5-11,0,2016
BGR,m,12-17,0,2016
BGR,m,18-59,0,2016
BGR,m,60+,0,2016
BGR,f,0-4,0,2016
BGR,f,5-11,0,2016
BGR,f,12-17,0,2016
BGR,f,18-59,0,2016
BGR,f,60+,0,2016
BGR,m,0-4,0,2016
BGR,m,5-11,0,2016
BGR,m,12-17,0,2016
BGR,m,18-59,0,2016
BGR,m,60+,0,2016
BIH,f,0-4,0,2016
BIH,f,5-11,0,2016
BIH,f,12-17,0,2016
BIH,f,18-59,0,2016
BIH,f,60+,0,2016
BIH,m,0-4,0,2016
BIH,m,5-11,0,2016
BIH,m,12-17,0,2016
BIH,m,18-59,5,2016
BIH,m,60+,0,2016
BLR,f,0-4,0,2016
BLR,f,5-11,0,2016
BLR,f,12-17,0,2016
BLR,f,18-59,0,2016
BLR,f,60+,0,2016
BLR,m,0-4,0,2016
BLR,m,5-11,0,2016
BLR,m,12-17,6,2016
BLR,m,18-59,0,2016
BLR,m,60+,0,2016
BLR,f,0-4,0,2016
BLR,f,5-11,5,2016
BLR,f,12-17,14,2016
BLR,f,18-59,48,2016
BLR,f,60+,11,2016
BLR,m,0-4,5,2016
BLR,m,5-11,9,2016
BLR,m,12-17,5,2016
BLR,m,18-59,125,2016
BLR,m,60+,5,2016
BRA,f,0-4,0,2016
BRA,f,5-11,0,2016
BRA,f,12-17,0,2016
BRA,f,18-59,0,2016
BRA,f,60+,0,2016
BRA,m,0-4,0,2016
BRA,m,5-11,0,2016
BRA,m,12-17,0,2016
BRA,m,18-59,0,2016
BRA,m,60+,0,2016
BRA,f,0-4,0,2016
BRA,f,5-11,6,2016
BRA,f,12-17,0,2016
BRA,f,18-59,21,2016
BRA,f,60+,0,2016
BRA,m,0-4,0,2016
BRA,m,5-11,6,2016
BRA,m,12-17,0,2016
BRA,m,18-59,65,2016
BRA,m,60+,0,2016
CAN,f,0-4,0,2016
CAN,f,5-11,0,2016
CAN,f,12-17,0,2016
CAN,f,18-59,46,2016
CAN,f,60+,7,2016
CAN,m,0-4,0,2016
CAN,m,5-11,0,2016
CAN,m,12-17,5,2016
CAN,m,18-59,172,2016
CAN,m,60+,9,2016
CAN,f,0-4,16,2016
CAN,f,5-11,49,2016
CAN,f,12-17,15,2016
CAN,f,18-59,161,2016
CAN,f,60+,7,2016
CAN,m,0-4,20,2016
CAN,m,5-11,50,2016
CAN,m,12-17,24,2016
CAN,m,18-59,248,2016
CAN,m,60+,10,2016
CHE,f,0-4,279,2016
CHE,f,5-11,322,2016
CHE,f,12-17,241,2016
CHE,f,18-59,1035,2016
CHE,f,60+,32,2016
CHE,m,0-4,305,2016
CHE,m,5-11,385,2016
CHE,m,12-17,701,2016
CHE,m,18-59,4413,2016
CHE,m,60+,48,2016
CHE,f,0-4,133,2016
CHE,f,5-11,241,2016
CHE,f,12-17,170,2016
CHE,f,18-59,622,2016
CHE,f,60+,44,2016
CHE,m,0-4,140,2016
CHE,m,5-11,283,2016
CHE,m,12-17,726,2016
CHE,m,18-59,2056,2016
CHE,m,60+,43,2016
CHL,f,0-4,0,2016
CHL,f,5-11,0,2016
CHL,f,12-17,0,2016
CHL,f,18-59,0,2016
CHL,f,60+,0,2016
CHL,m,0-4,0,2016
CHL,m,5-11,0,2016
CHL,m,12-17,0,2016
CHL,m,18-59,0,2016
CHL,m,60+,0,2016
CHN,f,0-4,9,2016
CHN,f,5-11,6,2016
CHN,f,12-17,0,2016
CHN,f,18-59,0,2016
CHN,f,60+,0,2016
CHN,m,0-4,0,2016
CHN,m,5-11,0,2016
CHN,m,12-17,0,2016
CHN,m,18-59,5,2016
CHN,m,60+,0,2016
CHN,f,0-4,0,2016
CHN,f,5-11,0,2016
CHN,f,12-17,0,2016
CHN,f,18-59,5,2016
CHN,f,60+,0,2016
CHN,m,0-4,0,2016
CHN,m,5-11,0,2016
CHN,m,12-17,0,2016
CHN,m,18-59,0,2016
CHN,m,60+,0,2016
COL,f,0-4,0,2016
COL,f,5-11,0,2016
COL,f,12-17,0,2016
COL,f,18-59,0,2016
COL,f,60+,0,2016
COL,m,0-4,0,2016
COL,m,5-11,0,2016
COL,m,12-17,0,2016
COL,m,18-59,8,2016
COL,m,60+,0,2016
CUB,f,0-4,0,2016
CUB,f,5-11,5,2016
CUB,f,12-17,0,2016
CUB,f,18-59,7,2016
CUB,f,60+,0,2016
CUB,m,0-4,0,2016
CUB,m,5-11,5,2016
CUB,m,12-17,0,2016
CUB,m,18-59,28,2016
CUB,m,60+,0,2016
CYP,f,0-4,0,2016
CYP,f,5-11,0,2016
CYP,f,12-17,0,2016
CYP,f,18-59,0,2016
CYP,f,60+,0,2016
CYP,m,0-4,0,2016
CYP,m,5-11,0,2016
CYP,m,12-17,0,2016
CYP,m,18-59,0,2016
CYP,m,60+,0,2016
CYP,f,0-4,0,2016
CYP,f,5-11,0,2016
CYP,f,12-17,0,2016
CYP,f,18-59,0,2016
CYP,f,60+,0,2016
CYP,m,0-4,0,2016
CYP,m,5-11,0,2016
CYP,m,12-17,0,2016
CYP,m,18-59,0,2016
CYP,m,60+,0,2016
CZE,f,0-4,0,2016
CZE,f,5-11,0,2016
CZE,f,12-17,0,2016
CZE,f,18-59,0,2016
CZE,f,60+,0,2016
CZE,m,0-4,0,2016
CZE,m,5-11,0,2016
CZE,m,12-17,0,2016
CZE,m,18-59,0,2016
CZE,m,60+,0,2016
CZE,f,0-4,0,2016
CZE,f,5-11,0,2016
CZE,f,12-17,0,2016
CZE,f,18-59,0,2016
CZE,f,60+,0,2016
CZE,m,0-4,0,2016
CZE,m,5-11,0,2016
CZE,m,12-17,0,2016
CZE,m,18-59,0,2016
CZE,m,60+,0,2016
DEU,f,0-4,5156,2016
DEU,f,5-11,5771,2016
DEU,f,12-17,4120,2016
DEU,f,18-59,16997,2016
DEU,f,60+,868,2016
DEU,m,0-4,5519,2016
DEU,m,5-11,7140,2016
DEU,m,12-17,21609,2016
DEU,m,18-59,58459,2016
DEU,m,60+,883,2016
DEU,f,0-4,1511,2016
DEU,f,5-11,2786,2016
DEU,f,12-17,2046,2016
DEU,f,18-59,10435,2016
DEU,f,60+,2205,2016
DEU,m,0-4,1640,2016
DEU,m,5-11,3248,2016
DEU,m,12-17,2872,2016
DEU,m,18-59,17898,2016
DEU,m,60+,1651,2016
DNK,f,0-4,0,2016
DNK,f,5-11,0,2016
DNK,f,12-17,0,2016
DNK,f,18-59,0,2016
DNK,f,60+,0,2016
DNK,m,0-4,0,2016
DNK,m,5-11,0,2016
DNK,m,12-17,0,2016
DNK,m,18-59,0,2016
DNK,m,60+,0,2016
DNK,f,0-4,0,2016
DNK,f,5-11,0,2016
DNK,f,12-17,0,2016
DNK,f,18-59,0,2016
DNK,f,60+,0,2016
DNK,m,0-4,0,2016
DNK,m,5-11,0,2016
DNK,m,12-17,0,2016
DNK,m,18-59,0,2016
DNK,m,60+,0,2016
DOM,f,0-4,0,2016
DOM,f,5-11,5,2016
DOM,f,12-17,0,2016
DOM,f,18-59,0,2016
DOM,f,60+,0,2016
DOM,m,0-4,0,2016
DOM,m,5-11,0,2016
DOM,m,12-17,0,2016
DOM,m,18-59,0,2016
DOM,m,60+,0,2016
EGY,f,0-4,0,2016
EGY,f,5-11,0,2016
EGY,f,12-17,0,2016
EGY,f,18-59,6,2016
EGY,f,60+,0,2016
EGY,m,0-4,0,2016
EGY,m,5-11,0,2016
EGY,m,12-17,6,2016
EGY,m,18-59,9,2016
EGY,m,60+,0,2016
EGY,f,0-4,0,2016
EGY,f,5-11,0,2016
EGY,f,12-17,0,2016
EGY,f,18-59,8,2016
EGY,f,60+,0,2016
EGY,m,0-4,0,2016
EGY,m,5-11,0,2016
EGY,m,12-17,0,2016
EGY,m,18-59,6,2016
EGY,m,60+,0,2016
ESP,f,0-4,0,2016
ESP,f,5-11,0,2016
ESP,f,12-17,0,2016
ESP,f,18-59,0,2016
ESP,f,60+,0,2016
ESP,m,0-4,0,2016
ESP,m,5-11,0,2016
ESP,m,12-17,0,2016
ESP,m,18-59,0,2016
ESP,m,60+,0,2016
ESP,f,0-4,0,2016
ESP,f,5-11,0,2016
ESP,f,12-17,0,2016
ESP,f,18-59,0,2016
ESP,f,60+,0,2016
ESP,m,0-4,0,2016
ESP,m,5-11,0,2016
ESP,m,12-17,0,2016
ESP,m,18-59,0,2016
ESP,m,60+,0,2016
EST,f,0-4,0,2016
EST,f,5-11,0,2016
EST,f,12-17,0,2016
EST,f,18-59,0,2016
EST,f,60+,0,2016
EST,m,0-4,0,2016
EST,m,5-11,0,2016
EST,m,12-17,0,2016
EST,m,18-59,0,2016
EST,m,60+,0,2016
FIN,f,0-4,0,2016
FIN,f,5-11,0,2016
FIN,f,12-17,0,2016
FIN,f,18-59,0,2016
FIN,f,60+,0,2016
FIN,m,0-4,0,2016
FIN,m,5-11,0,2016
FIN,m,12-17,0,2016
FIN,m,18-59,0,2016
FIN,m,60+,0,2016
FIN,f,0-4,0,2016
FIN,f,5-11,0,2016
FIN,f,12-17,0,2016
FIN,f,18-59,0,2016
FIN,f,60+,0,2016
FIN,m,0-4,0,2016
FIN,m,5-11,0,2016
FIN,m,12-17,0,2016
FIN,m,18-59,0,2016
FIN,m,60+,0,2016
FJI,f,0-4,0,2016
FJI,f,5-11,0,2016
FJI,f,12-17,0,2016
FJI,f,18-59,7,2016
FJI,f,60+,0,2016
FJI,m,0-4,0,2016
FJI,m,5-11,0,2016
FJI,m,12-17,0,2016
FJI,m,18-59,0,2016
FJI,m,60+,0,2016
FRA,f,0-4,0,2016
FRA,f,5-11,0,2016
FRA,f,12-17,0,2016
FRA,f,18-59,0,2016
FRA,f,60+,0,2016
FRA,m,0-4,0,2016
FRA,m,5-11,0,2016
FRA,m,12-17,0,2016
FRA,m,18-59,0,2016
FRA,m,60+,0,2016
FRA,f,0-4,0,2016
FRA,f,5-11,0,2016
FRA,f,12-17,0,2016
FRA,f,18-59,0,2016
FRA,f,60+,0,2016
FRA,m,0-4,0,2016
FRA,m,5-11,0,2016
FRA,m,12-17,0,2016
FRA,m,18-59,0,2016
FRA,m,60+,0,2016
GBR,f,0-4,0,2016
GBR,f,5-11,0,2016
GBR,f,12-17,0,2016
GBR,f,18-59,0,2016
GBR,f,60+,0,2016
GBR,m,0-4,0,2016
GBR,m,5-11,0,2016
GBR,m,12-17,0,2016
GBR,m,18-59,0,2016
GBR,m,60+,0,2016
GBR,f,0-4,0,2016
GBR,f,5-11,0,2016
GBR,f,12-17,0,2016
GBR,f,18-59,0,2016
GBR,f,60+,0,2016
GBR,m,0-4,0,2016
GBR,m,5-11,0,2016
GBR,m,12-17,0,2016
GBR,m,18-59,0,2016
GBR,m,60+,0,2016
GEO,f,0-4,0,2016
GEO,f,5-11,0,2016
GEO,f,12-17,0,2016
GEO,f,18-59,9,2016
GEO,f,60+,0,2016
GEO,m,0-4,0,2016
GEO,m,5-11,0,2016
GEO,m,12-17,0,2016
GEO,m,18-59,0,2016
GEO,m,60+,0,2016
GEO,f,0-4,0,2016
GEO,f,5-11,0,2016
GEO,f,12-17,0,2016
GEO,f,18-59,0,2016
GEO,f,60+,0,2016
GEO,m,0-4,0,2016
GEO,m,5-11,0,2016
GEO,m,12-17,5,2016
GEO,m,18-59,0,2016
GEO,m,60+,0,2016
GRC,f,0-4,0,2016
GRC,f,5-11,0,2016
GRC,f,12-17,0,2016
GRC,f,18-59,0,2016
GRC,f,60+,0,2016
GRC,m,0-4,0,2016
GRC,m,5-11,0,2016
GRC,m,12-17,0,2016
GRC,m,18-59,0,2016
GRC,m,60+,0,2016
GRC,f,0-4,0,2016
GRC,f,5-11,0,2016
GRC,f,12-17,0,2016
GRC,f,18-59,0,2016
GRC,f,60+,0,2016
GRC,m,0-4,0,2016
GRC,m,5-11,0,2016
GRC,m,12-17,0,2016
GRC,m,18-59,0,2016
GRC,m,60+,0,2016
HRV,f,0-4,8,2016
HRV,f,5-11,6,2016
HRV,f,12-17,0,2016
HRV,f,18-59,17,2016
HRV,f,60+,0,2016
HRV,m,0-4,0,2016
HRV,m,5-11,16,2016
HRV,m,12-17,7,2016
HRV,m,18-59,86,2016
HRV,m,60+,0,2016
HRV,f,0-4,0,2016
HRV,f,5-11,7,2016
HRV,f,12-17,0,2016
HRV,f,18-59,6,2016
HRV,f,60+,0,2016
HRV,m,0-4,5,2016
HRV,m,5-11,0,2016
HRV,m,12-17,5,2016
HRV,m,18-59,16,2016
HRV,m,60+,0,2016
HUN,f,0-4,0,2016
HUN,f,5-11,0,2016
HUN,f,12-17,0,2016
HUN,f,18-59,0,2016
HUN,f,60+,0,2016
HUN,m,0-4,0,2016
HUN,m,5-11,0,2016
HUN,m,12-17,0,2016
HUN,m,18-59,0,2016
HUN,m,60+,0,2016
HUN,f,0-4,0,2016
HUN,f,5-11,0,2016
HUN,f,12-17,0,2016
HUN,f,18-59,0,2016
HUN,f,60+,0,2016
HUN,m,0-4,0,2016
HUN,m,5-11,0,2016
HUN,m,12-17,0,2016
HUN,m,18-59,0,2016
HUN,m,60+,0,2016
IDN,f,0-4,109,2016
IDN,f,5-11,162,2016
IDN,f,12-17,119,2016
IDN,f,18-59,526,2016
IDN,f,60+,20,2016
IDN,m,0-4,146,2016
IDN,m,5-11,196,2016
IDN,m,12-17,314,2016
IDN,m,18-59,1165,2016
IDN,m,60+,18,2016
IDN,f,0-4,59,2016
IDN,f,5-11,108,2016
IDN,f,12-17,55,2016
IDN,f,18-59,329,2016
IDN,f,60+,16,2016
IDN,m,0-4,78,2016
IDN,m,5-11,109,2016
IDN,m,12-17,130,2016
IDN,m,18-59,3480,2016
IDN,m,60+,15,2016
IND,f,0-4,225,2016
IND,f,5-11,342,2016
IND,f,12-17,280,2016
IND,f,18-59,1170,2016
IND,f,60+,66,2016
IND,m,0-4,272,2016
IND,m,5-11,356,2016
IND,m,12-17,311,2016
IND,m,18-59,1146,2016
IND,m,60+,87,2016
IND,f,0-4,148,2016
IND,f,5-11,459,2016
IND,f,12-17,470,2016
IND,f,18-59,2632,2016
IND,f,60+,311,2016
IND,m,0-4,166,2016
IND,m,5-11,507,2016
IND,m,12-17,510,2016
IND,m,18-59,2210,2016
IND,m,60+,280,2016
IRL,f,0-4,0,2016
IRL,f,5-11,0,2016
IRL,f,12-17,0,2016
IRL,f,18-59,6,2016
IRL,f,60+,0,2016
IRL,m,0-4,0,2016
IRL,m,5-11,0,2016
IRL,m,12-17,14,2016
IRL,m,18-59,96,2016
IRL,m,60+,0,2016
IRL,f,0-4,0,2016
IRL,f,5-11,0,2016
IRL,f,12-17,5,2016
IRL,f,18-59,10,2016
IRL,f,60+,0,2016
IRL,m,0-4,0,2016
IRL,m,5-11,0,2016
IRL,m,12-17,6,2016
IRL,m,18-59,196,2016
IRL,m,60+,5,2016
IRN,f,0-4,0,2016
IRN,f,5-11,0,2016
IRN,f,12-17,0,2016
IRN,f,18-59,0,2016
IRN,f,60+,0,2016
IRN,m,0-4,0,2016
IRN,m,5-11,0,2016
IRN,m,12-17,0,2016
IRN,m,18-59,7,2016
IRN,m,60+,0,2016
IRN,f,0-4,1807,2016
IRN,f,5-11,2463,2016
IRN,f,12-17,2692,2016
IRN,f,18-59,6149,2016
IRN,f,60+,586,2016
IRN,m,0-4,1921,2016
IRN,m,5-11,2473,2016
IRN,m,12-17,2874,2016
IRN,m,18-59,6135,2016
IRN,m,60+,862,2016
IRQ,f,0-4,5,2016
IRQ,f,5-11,9,2016
IRQ,f,12-17,5,2016
IRQ,f,18-59,30,2016
IRQ,f,60+,8,2016
IRQ,m,0-4,0,2016
IRQ,m,5-11,0,2016
IRQ,m,12-17,9,2016
IRQ,m,18-59,24,2016
IRQ,m,60+,6,2016
IRQ,f,0-4,0,2016
IRQ,f,5-11,6,2016
IRQ,f,12-17,0,2016
IRQ,f,18-59,0,2016
IRQ,f,60+,0,2016
IRQ,m,0-4,0,2016
IRQ,m,5-11,0,2016
IRQ,m,12-17,0,2016
IRQ,m,18-59,5,2016
IRQ,m,60+,0,2016
ISL,f,0-4,0,2016
ISL,f,5-11,0,2016
ISL,f,12-17,0,2016
ISL,f,18-59,0,2016
ISL,f,60+,0,2016
ISL,m,0-4,0,2016
ISL,m,5-11,0,2016
ISL,m,12-17,0,2016
ISL,m,18-59,0,2016
ISL,m,60+,0,2016
ISL,f,0-4,0,2016
ISL,f,5-11,0,2016
ISL,f,12-17,0,2016
ISL,f,18-59,0,2016
ISL,f,60+,0,2016
ISL,m,0-4,0,2016
ISL,m,5-11,0,2016
ISL,m,12-17,0,2016
ISL,m,18-59,0,2016
ISL,m,60+,0,2016
ITA,f,0-4,0,2016
ITA,f,5-11,0,2016
ITA,f,12-17,0,2016
ITA,f,18-59,0,2016
ITA,f,60+,0,2016
ITA,m,0-4,0,2016
ITA,m,5-11,0,2016
ITA,m,12-17,0,2016
ITA,m,18-59,0,2016
ITA,m,60+,0,2016
ITA,f,0-4,0,2016
ITA,f,5-11,0,2016
ITA,f,12-17,0,2016
ITA,f,18-59,0,2016
ITA,f,60+,0,2016
ITA,m,0-4,0,2016
ITA,m,5-11,0,2016
ITA,m,12-17,0,2016
ITA,m,18-59,0,2016
ITA,m,60+,0,2016
JOR,f,0-4,0,2016
JOR,f,5-11,0,2016
JOR,f,12-17,0,2016
JOR,f,18-59,0,2016
JOR,f,60+,0,2016
JOR,m,0-4,0,2016
JOR,m,5-11,0,2016
JOR,m,12-17,0,2016
JOR,m,18-59,9,2016
JOR,m,60+,0,2016
JOR,f,0-4,0,2016
JOR,f,5-11,0,2016
JOR,f,12-17,0,2016
JOR,f,18-59,0,2016
JOR,f,60+,0,2016
JOR,m,0-4,0,2016
JOR,m,5-11,0,2016
JOR,m,12-17,0,2016
JOR,m,18-59,8,2016
JOR,m,60+,0,2016
JPN,f,0-4,0,2016
JPN,f,5-11,0,2016
JPN,f,12-17,0,2016
JPN,f,18-59,0,2016
JPN,f,60+,0,2016
JPN,m,0-4,0,2016
JPN,m,5-11,0,2016
JPN,m,12-17,0,2016
JPN,m,18-59,0,2016
JPN,m,60+,0,2016
KAZ,f,0-4,6,2016
KAZ,f,5-11,11,2016
KAZ,f,12-17,0,2016
KAZ,f,18-59,13,2016
KAZ,f,60+,0,2016
KAZ,m,0-4,0,2016
KAZ,m,5-11,9,2016
KAZ,m,12-17,0,2016
KAZ,m,18-59,36,2016
KAZ,m,60+,0,2016
KAZ,f,0-4,19,2016
KAZ,f,5-11,30,2016
KAZ,f,12-17,40,2016
KAZ,f,18-59,181,2016
KAZ,f,60+,7,2016
KAZ,m,0-4,28,2016
KAZ,m,5-11,47,2016
KAZ,m,12-17,36,2016
KAZ,m,18-59,198,2016
KAZ,m,60+,13,2016
KEN,f,0-4,0,2016
KEN,f,5-11,0,2016
KEN,f,12-17,0,2016
KEN,f,18-59,0,2016
KEN,f,60+,0,2016
KEN,m,0-4,0,2016
KEN,m,5-11,8,2016
KEN,m,12-17,0,2016
KEN,m,18-59,0,2016
KEN,m,60+,0,2016
KGZ,f,0-4,0,2016
KGZ,f,5-11,0,2016
KGZ,f,12-17,0,2016
KGZ,f,18-59,31,2016
KGZ,f,60+,0,2016
KGZ,m,0-4,0,2016
KGZ,m,5-11,0,2016
KGZ,m,12-17,0,2016
KGZ,m,18-59,41,2016
KGZ,m,60+,0,2016
KGZ,f,0-4,10,2016
KGZ,f,5-11,17,2016
KGZ,f,12-17,16,2016
KGZ,f,18-59,89,2016
KGZ,f,60+,0,2016
KGZ,m,0-4,13,2016
KGZ,m,5-11,17,2016
KGZ,m,12-17,16,2016
KGZ,m,18-59,64,2016
KGZ,m,60+,0,2016
KOR,f,0-4,0,2016
KOR,f,5-11,0,2016
KOR,f,12-17,0,2016
KOR,f,18-59,0,2016
KOR,f,60+,0,2016
KOR,m,0-4,0,2016
KOR,m,5-11,0,2016
KOR,m,12-17,8,2016
KOR,m,18-59,0,2016
KOR,m,60+,0,2016
KOR,f,0-4,0,2016
KOR,f,5-11,7,2016
KOR,f,12-17,5,2016
KOR,f,18-59,0,2016
KOR,f,60+,0,2016
KOR,m,0-4,0,2016
KOR,m,5-11,6,2016
KOR,m,12-17,0,2016
KOR,m,18-59,15,2016
KOR,m,60+,0,2016
LBN,f,0-4,0,2016
LBN,f,5-11,0,2016
LBN,f,12-17,0,2016
LBN,f,18-59,0,2016
LBN,f,60+,0,2016
LBN,m,0-4,0,2016
LBN,m,5-11,0,2016
LBN,m,12-17,0,2016
LBN,m,18-59,6,2016
LBN,m,60+,0,2016
LBN,f,0-4,0,2016
LBN,f,5-11,5,2016
LBN,f,12-17,0,2016
LBN,f,18-59,7,2016
LBN,f,60+,0,2016
LBN,m,0-4,0,2016
LBN,m,5-11,5,2016
LBN,m,12-17,0,2016
LBN,m,18-59,5,2016
LBN,m,60+,0,2016
LIE,f,0-4,0,2016
LIE,f,5-11,0,2016
LIE,f,12-17,0,2016
LIE,f,18-59,0,2016
LIE,f,60+,0,2016
LIE,m,0-4,0,2016
LIE,m,5-11,0,2016
LIE,m,12-17,0,2016
LIE,m,18-59,0,2016
LIE,m,60+,0,2016
LKA,f,0-4,5,2016
LKA,f,5-11,6,2016
LKA,f,12-17,11,2016
LKA,f,18-59,24,2016
LKA,f,60+,0,2016
LKA,m,0-4,17,2016
LKA,m,5-11,0,2016
LKA,m,12-17,6,2016
LKA,m,18-59,44,2016
LKA,m,60+,0,2016
LKA,f,0-4,0,2016
LKA,f,5-11,5,2016
LKA,f,12-17,6,2016
LKA,f,18-59,16,2016
LKA,f,60+,0,2016
LKA,m,0-4,0,2016
LKA,m,5-11,7,2016
LKA,m,12-17,19,2016
LKA,m,18-59,22,2016
LKA,m,60+,0,2016
LTU,f,0-4,0,2016
LTU,f,5-11,0,2016
LTU,f,12-17,0,2016
LTU,f,18-59,0,2016
LTU,f,60+,0,2016
LTU,m,0-4,0,2016
LTU,m,5-11,0,2016
LTU,m,12-17,0,2016
LTU,m,18-59,0,2016
LTU,m,60+,0,2016
LTU,f,0-4,0,2016
LTU,f,5-11,0,2016
LTU,f,12-17,0,2016
LTU,f,18-59,0,2016
LTU,f,60+,0,2016
LTU,m,0-4,0,2016
LTU,m,5-11,0,2016
LTU,m,12-17,0,2016
LTU,m,18-59,0,2016
LTU,m,60+,0,2016
LUX,f,0-4,0,2016
LUX,f,5-11,0,2016
LUX,f,12-17,0,2016
LUX,f,18-59,0,2016
LUX,f,60+,0,2016
LUX,m,0-4,0,2016
LUX,m,5-11,0,2016
LUX,m,12-17,0,2016
LUX,m,18-59,0,2016
LUX,m,60+,0,2016
LUX,f,0-4,0,2016
LUX,f,5-11,0,2016
LUX,f,12-17,0,2016
LUX,f,18-59,0,2016
LUX,f,60+,0,2016
LUX,m,0-4,0,2016
LUX,m,5-11,0,2016
LUX,m,12-17,0,2016
LUX,m,18-59,0,2016
LUX,m,60+,0,2016
LVA,f,0-4,0,2016
LVA,f,5-11,0,2016
LVA,f,12-17,0,2016
LVA,f,18-59,0,2016
LVA,f,60+,0,2016
LVA,m,0-4,0,2016
LVA,m,5-11,0,2016
LVA,m,12-17,0,2016
LVA,m,18-59,0,2016
LVA,m,60+,0,2016
LVA,f,0-4,0,2016
LVA,f,5-11,0,2016
LVA,f,12-17,0,2016
LVA,f,18-59,0,2016
LVA,f,60+,0,2016
LVA,m,0-4,0,2016
LVA,m,5-11,0,2016
LVA,m,12-17,0,2016
LVA,m,18-59,0,2016
LVA,m,60+,0,2016
MDA,f,0-4,0,2016
MDA,f,5-11,0,2016
MDA,f,12-17,0,2016
MDA,f,18-59,0,2016
MDA,f,60+,0,2016
MDA,m,0-4,7,2016
MDA,m,5-11,0,2016
MDA,m,12-17,0,2016
MDA,m,18-59,0,2016
MDA,m,60+,0,2016
MDA,f,0-4,0,2016
MDA,f,5-11,0,2016
MDA,f,12-17,0,2016
MDA,f,18-59,5,2016
MDA,f,60+,0,2016
MDA,m,0-4,0,2016
MDA,m,5-11,5,2016
MDA,m,12-17,0,2016
MDA,m,18-59,9,2016
MDA,m,60+,0,2016
MDG,f,0-4,0,2016
MDG,f,5-11,0,2016
MDG,f,12-17,0,2016
MDG,f,18-59,0,2016
MDG,f,60+,0,2016
MDG,m,0-4,0,2016
MDG,m,5-11,0,2016
MDG,m,12-17,0,2016
MDG,m,18-59,5,2016
MDG,m,60+,0,2016
MEX,f,0-4,0,2016
MEX,f,5-11,0,2016
MEX,f,12-17,0,2016
MEX,f,18-59,0,2016
MEX,f,60+,0,2016
MEX,m,0-4,0,2016
MEX,m,5-11,0,2016
MEX,m,12-17,0,2016
MEX,m,18-59,0,2016
MEX,m,60+,0,2016
MKD,f,0-4,0,2016
MKD,f,5-11,0,2016
MKD,f,12-17,5,2016
MKD,f,18-59,0,2016
MKD,f,60+,0,2016
MKD,m,0-4,0,2016
MKD,m,5-11,0,2016
MKD,m,12-17,0,2016
MKD,m,18-59,0,2016
MKD,m,60+,0,2016
MLT,f,0-4,0,2016
MLT,f,5-11,0,2016
MLT,f,12-17,0,2016
MLT,f,18-59,0,2016
MLT,f,60+,0,2016
MLT,m,0-4,0,2016
MLT,m,5-11,0,2016
MLT,m,12-17,0,2016
MLT,m,18-59,0,2016
MLT,m,60+,0,2016
MNE,f,0-4,0,2016
MNE,f,5-11,0,2016
MNE,f,12-17,0,2016
MNE,f,18-59,0,2016
MNE,f,60+,0,2016
MNE,m,0-4,0,2016
MNE,m,5-11,0,2016
MNE,m,12-17,0,2016
MNE,m,18-59,21,2016
MNE,m,60+,0,2016
MNG,f,0-4,0,2016
MNG,f,5-11,0,2016
MNG,f,12-17,0,2016
MNG,f,18-59,5,2016
MNG,f,60+,0,2016
MNG,m,0-4,0,2016
MNG,m,5-11,0,2016
MNG,m,12-17,0,2016
MNG,m,18-59,0,2016
MNG,m,60+,0,2016
MRT,f,0-4,0,2016
MRT,f,5-11,0,2016
MRT,f,12-17,0,2016
MRT,f,18-59,0,2016
MRT,f,60+,0,2016
MRT,m,0-4,0,2016
MRT,m,5-11,0,2016
MRT,m,12-17,7,2016
MRT,m,18-59,0,2016
MRT,m,60+,0,2016
MYS,f,0-4,20,2016
MYS,f,5-11,38,2016
MYS,f,12-17,18,2016
MYS,f,18-59,119,2016
MYS,f,60+,5,2016
MYS,m,0-4,29,2016
MYS,m,5-11,29,2016
MYS,m,12-17,23,2016
MYS,m,18-59,173,2016
MYS,m,60+,0,2016
MYS,f,0-4,34,2016
MYS,f,5-11,11,2016
MYS,f,12-17,8,2016
MYS,f,18-59,54,2016
MYS,f,60+,0,2016
MYS,m,0-4,46,2016
MYS,m,5-11,5,2016
MYS,m,12-17,13,2016
MYS,m,18-59,81,2016
MYS,m,60+,0,2016
NGA,f,0-4,0,2016
NGA,f,5-11,0,2016
NGA,f,12-17,0,2016
NGA,f,18-59,0,2016
NGA,f,60+,0,2016
NGA,m,0-4,0,2016
NGA,m,5-11,0,2016
NGA,m,12-17,0,2016
NGA,m,18-59,5,2016
NGA,m,60+,0,2016
NLD,f,0-4,0,2016
NLD,f,5-11,0,2016
NLD,f,12-17,0,2016
NLD,f,18-59,0,2016
NLD,f,60+,0,2016
NLD,m,0-4,0,2016
NLD,m,5-11,0,2016
NLD,m,12-17,0,2016
NLD,m,18-59,0,2016
NLD,m,60+,0,2016
NLD,f,0-4,0,2016
NLD,f,5-11,0,2016
NLD,f,12-17,0,2016
NLD,f,18-59,0,2016
NLD,f,60+,0,2016
NLD,m,0-4,0,2016
NLD,m,5-11,0,2016
NLD,m,12-17,0,2016
NLD,m,18-59,0,2016
NLD,m,60+,0,2016
NOR,f,0-4,0,2016
NOR,f,5-11,0,2016
NOR,f,12-17,0,2016
NOR,f,18-59,0,2016
NOR,f,60+,0,2016
NOR,m,0-4,0,2016
NOR,m,5-11,0,2016
NOR,m,12-17,0,2016
NOR,m,18-59,0,2016
NOR,m,60+,0,2016
NOR,f,0-4,0,2016
NOR,f,5-11,0,2016
NOR,f,12-17,0,2016
NOR,f,18-59,0,2016
NOR,f,60+,0,2016
NOR,m,0-4,0,2016
NOR,m,5-11,0,2016
NOR,m,12-17,0,2016
NOR,m,18-59,0,2016
NOR,m,60+,0,2016
NPL,f,0-4,5,2016
NPL,f,5-11,0,2016
NPL,f,12-17,6,2016
NPL,f,18-59,17,2016
NPL,f,60+,0,2016
NPL,m,0-4,5,2016
NPL,m,5-11,9,2016
NPL,m,12-17,0,2016
NPL,m,18-59,17,2016
NPL,m,60+,0,2016
NRU,f,0-4,0,2016
NRU,f,5-11,0,2016
NRU,f,12-17,0,2016
NRU,f,18-59,0,2016
NRU,f,60+,0,2016
NRU,m,0-4,0,2016
NRU,m,5-11,0,2016
NRU,m,12-17,0,2016
NRU,m,18-59,0,2016
NRU,m,60+,0,2016
NRU,f,0-4,0,2016
NRU,f,5-11,0,2016
NRU,f,12-17,0,2016
NRU,f,18-59,0,2016
NRU,f,60+,0,2016
NRU,m,0-4,0,2016
NRU,m,5-11,0,2016
NRU,m,12-17,0,2016
NRU,m,18-59,0,2016
NRU,m,60+,0,2016
NZL,f,0-4,0,2016
NZL,f,5-11,0,2016
NZL,f,12-17,0,2016
NZL,f,18-59,0,2016
NZL,f,60+,0,2016
NZL,m,0-4,0,2016
NZL,m,5-11,0,2016
NZL,m,12-17,0,2016
NZL,m,18-59,0,2016
NZL,m,60+,0,2016
NZL,f,0-4,0,2016
NZL,f,5-11,0,2016
NZL,f,12-17,0,2016
NZL,f,18-59,0,2016
NZL,f,60+,0,2016
NZL,m,0-4,0,2016
NZL,m,5-11,0,2016
NZL,m,12-17,0,2016
NZL,m,18-59,0,2016
NZL,m,60+,0,2016
PAK,f,0-4,216,2016
PAK,f,5-11,499,2016
PAK,f,12-17,428,2016
PAK,f,18-59,1254,2016
PAK,f,60+,84,2016
PAK,m,0-4,205,2016
PAK,m,5-11,524,2016
PAK,m,12-17,440,2016
PAK,m,18-59,745,2016
PAK,m,60+,52,2016
PAK,f,0-4,75289,2016
PAK,f,5-11,136768,2016
PAK,f,12-17,109143,2016
PAK,f,18-59,282595,2016
PAK,f,60+,24361,2016
PAK,m,0-4,80328,2016
PAK,m,5-11,145907,2016
PAK,m,12-17,118291,2016
PAK,m,18-59,338108,2016
PAK,m,60+,41370,2016
PAN,f,0-4,0,2016
PAN,f,5-11,0,2016
PAN,f,12-17,0,2016
PAN,f,18-59,0,2016
PAN,f,60+,0,2016
PAN,m,0-4,0,2016
PAN,m,5-11,0,2016
PAN,m,12-17,0,2016
PAN,m,18-59,8,2016
PAN,m,60+,0,2016
PHL,f,0-4,0,2016
PHL,f,5-11,6,2016
PHL,f,12-17,0,2016
PHL,f,18-59,0,2016
PHL,f,60+,0,2016
PHL,m,0-4,0,2016
PHL,m,5-11,0,2016
PHL,m,12-17,0,2016
PHL,m,18-59,6,2016
PHL,m,60+,0,2016
PNG,f,0-4,0,2016
PNG,f,5-11,0,2016
PNG,f,12-17,0,2016
PNG,f,18-59,0,2016
PNG,f,60+,0,2016
PNG,m,0-4,0,2016
PNG,m,5-11,0,2016
PNG,m,12-17,0,2016
PNG,m,18-59,0,2016
PNG,m,60+,0,2016
POL,f,0-4,0,2016
POL,f,5-11,0,2016
POL,f,12-17,0,2016
POL,f,18-59,0,2016
POL,f,60+,0,2016
POL,m,0-4,0,2016
POL,m,5-11,0,2016
POL,m,12-17,0,2016
POL,m,18-59,0,2016
POL,m,60+,0,2016
POL,f,0-4,0,2016
POL,f,5-11,0,2016
POL,f,12-17,0,2016
POL,f,18-59,0,2016
POL,f,60+,0,2016
POL,m,0-4,0,2016
POL,m,5-11,0,2016
POL,m,12-17,0,2016
POL,m,18-59,0,2016
POL,m,60+,0,2016
PRT,f,0-4,0,2016
PRT,f,5-11,0,2016
PRT,f,12-17,0,2016
PRT,f,18-59,0,2016
PRT,f,60+,0,2016
PRT,m,0-4,0,2016
PRT,m,5-11,0,2016
PRT,m,12-17,0,2016
PRT,m,18-59,0,2016
PRT,m,60+,0,2016
PRT,f,0-4,0,2016
PRT,f,5-11,0,2016
PRT,f,12-17,0,2016
PRT,f,18-59,0,2016
PRT,f,60+,0,2016
PRT,m,0-4,0,2016
PRT,m,5-11,0,2016
PRT,m,12-17,0,2016
PRT,m,18-59,0,2016
PRT,m,60+,0,2016
ROU,f,0-4,0,2016
ROU,f,5-11,5,2016
ROU,f,12-17,6,2016
ROU,f,18-59,12,2016
ROU,f,60+,0,2016
ROU,m,0-4,0,2016
ROU,m,5-11,0,2016
ROU,m,12-17,10,2016
ROU,m,18-59,96,2016
ROU,m,60+,0,2016
RUS,f,0-4,0,2016
RUS,f,5-11,0,2016
RUS,f,12-17,0,2016
RUS,f,18-59,0,2016
RUS,f,60+,0,2016
RUS,m,0-4,0,2016
RUS,m,5-11,0,2016
RUS,m,12-17,0,2016
RUS,m,18-59,0,2016
RUS,m,60+,0,2016
RUS,f,0-4,0,2016
RUS,f,5-11,0,2016
RUS,f,12-17,0,2016
RUS,f,18-59,0,2016
RUS,f,60+,0,2016
RUS,m,0-4,0,2016
RUS,m,5-11,0,2016
RUS,m,12-17,0,2016
RUS,m,18-59,0,2016
RUS,m,60+,0,2016
SDN,f,0-4,0,2016
SDN,f,5-11,0,2016
SDN,f,12-17,0,2016
SDN,f,18-59,0,2016
SDN,f,60+,0,2016
SDN,m,0-4,0,2016
SDN,m,5-11,6,2016
SDN,m,12-17,0,2016
SDN,m,18-59,0,2016
SDN,m,60+,0,2016
SEN,f,0-4,0,2016
SEN,f,5-11,8,2016
SEN,f,12-17,0,2016
SEN,f,18-59,0,2016
SEN,f,60+,0,2016
SEN,m,0-4,0,2016
SEN,m,5-11,0,2016
SEN,m,12-17,0,2016
SEN,m,18-59,0,2016
SEN,m,60+,0,2016
SRB,f,0-4,5,2016
SRB,f,5-11,7,2016
SRB,f,12-17,0,2016
SRB,f,18-59,21,2016
SRB,f,60+,0,2016
SRB,m,0-4,5,2016
SRB,m,5-11,5,2016
SRB,m,12-17,7,2016
SRB,m,18-59,20,2016
SRB,m,60+,0,2016
SRB,f,0-4,0,2016
SRB,f,5-11,0,2016
SRB,f,12-17,0,2016
SRB,f,18-59,0,2016
SRB,f,60+,0,2016
SRB,m,0-4,0,2016
SRB,m,5-11,0,2016
SRB,m,12-17,0,2016
SRB,m,18-59,6,2016
SRB,m,60+,0,2016
SVK,f,0-4,0,2016
SVK,f,5-11,0,2016
SVK,f,12-17,0,2016
SVK,f,18-59,0,2016
SVK,f,60+,0,2016
SVK,m,0-4,0,2016
SVK,m,5-11,0,2016
SVK,m,12-17,0,2016
SVK,m,18-59,0,2016
SVK,m,60+,0,2016
SVN,f,0-4,0,2016
SVN,f,5-11,0,2016
SVN,f,12-17,0,2016
SVN,f,18-59,12,2016
SVN,f,60+,0,2016
SVN,m,0-4,0,2016
SVN,m,5-11,0,2016
SVN,m,12-17,20,2016
SVN,m,18-59,61,2016
SVN,m,60+,0,2016
SVN,f,0-4,0,2016
SVN,f,5-11,6,2016
SVN,f,12-17,0,2016
SVN,f,18-59,0,2016
SVN,f,60+,0,2016
SVN,m,0-4,0,2016
SVN,m,5-11,5,2016
SVN,m,12-17,7,2016
SVN,m,18-59,18,2016
SVN,m,60+,0,2016
SWE,f,0-4,0,2016
SWE,f,5-11,0,2016
SWE,f,12-17,0,2016
SWE,f,18-59,0,2016
SWE,f,60+,0,2016
SWE,m,0-4,0,2016
SWE,m,5-11,0,2016
SWE,m,12-17,0,2016
SWE,m,18-59,0,2016
SWE,m,60+,0,2016
SWE,f,0-4,0,2016
SWE,f,5-11,0,2016
SWE,f,12-17,0,2016
SWE,f,18-59,0,2016
SWE,f,60+,0,2016
SWE,m,0-4,0,2016
SWE,m,5-11,0,2016
SWE,m,12-17,0,2016
SWE,m,18-59,0,2016
SWE,m,60+,0,2016
SYR,f,0-4,19,2016
SYR,f,5-11,22,2016
SYR,f,12-17,22,2016
SYR,f,18-59,48,2016
SYR,f,60+,0,2016
SYR,m,0-4,16,2016
SYR,m,5-11,35,2016
SYR,m,12-17,21,2016
SYR,m,18-59,92,2016
SYR,m,60+,5,2016
SYR,f,0-4,54,2016
SYR,f,5-11,82,2016
SYR,f,12-17,79,2016
SYR,f,18-59,349,2016
SYR,f,60+,20,2016
SYR,m,0-4,54,2016
SYR,m,5-11,93,2016
SYR,m,12-17,81,2016
SYR,m,18-59,332,2016
SYR,m,60+,42,2016
THA,f,0-4,0,2016
THA,f,5-11,5,2016
THA,f,12-17,0,2016
THA,f,18-59,0,2016
THA,f,60+,0,2016
THA,m,0-4,0,2016
THA,m,5-11,0,2016
THA,m,12-17,5,2016
THA,m,18-59,7,2016
THA,m,60+,0,2016
THA,f,0-4,5,2016
THA,f,5-11,6,2016
THA,f,12-17,0,2016
THA,f,18-59,9,2016
THA,f,60+,0,2016
THA,m,0-4,5,2016
THA,m,5-11,0,2016
THA,m,12-17,7,2016
THA,m,18-59,22,2016
THA,m,60+,0,2016
TJK,f,0-4,0,2016
TJK,f,5-11,0,2016
TJK,f,12-17,0,2016
TJK,f,18-59,0,2016
TJK,f,60+,0,2016
TJK,m,0-4,0,2016
TJK,m,5-11,0,2016
TJK,m,12-17,0,2016
TJK,m,18-59,0,2016
TJK,m,60+,0,2016
TJK,f,0-4,0,2016
TJK,f,5-11,0,2016
TJK,f,12-17,0,2016
TJK,f,18-59,0,2016
TJK,f,60+,0,2016
TJK,m,0-4,0,2016
TJK,m,5-11,0,2016
TJK,m,12-17,0,2016
TJK,m,18-59,0,2016
TJK,m,60+,0,2016
TKM,f,0-4,0,2016
TKM,f,5-11,0,2016
TKM,f,12-17,0,2016
TKM,f,18-59,9,2016
TKM,f,60+,0,2016
TKM,m,0-4,0,2016
TKM,m,5-11,0,2016
TKM,m,12-17,0,2016
TKM,m,18-59,10,2016
TKM,m,60+,0,2016
TUR,f,0-4,4603,2016
TUR,f,5-11,7078,2016
TUR,f,12-17,4405,2016
TUR,f,18-59,20389,2016
TUR,f,60+,638,2016
TUR,m,0-4,4960,2016
TUR,m,5-11,8282,2016
TUR,m,12-17,6701,2016
TUR,m,18-59,56806,2016
TUR,m,60+,831,2016
TUR,f,0-4,109,2016
TUR,f,5-11,304,2016
TUR,f,12-17,268,2016
TUR,f,18-59,941,2016
TUR,f,60+,20,2016
TUR,m,0-4,102,2016
TUR,m,5-11,301,2016
TUR,m,12-17,360,2016
TUR,m,18-59,981,2016
TUR,m,60+,37,2016
UKR,f,0-4,0,2016
UKR,f,5-11,0,2016
UKR,f,12-17,0,2016
UKR,f,18-59,0,2016
UKR,f,60+,0,2016
UKR,m,0-4,0,2016
UKR,m,5-11,0,2016
UKR,m,12-17,0,2016
UKR,m,18-59,0,2016
UKR,m,60+,0,2016
UKR,f,0-4,0,2016
UKR,f,5-11,0,2016
UKR,f,12-17,0,2016
UKR,f,18-59,0,2016
UKR,f,60+,0,2016
UKR,m,0-4,0,2016
UKR,m,5-11,0,2016
UKR,m,12-17,0,2016
UKR,m,18-59,0,2016
UKR,m,60+,0,2016
USA,f,0-4,0,2016
USA,f,5-11,0,2016
USA,f,12-17,0,2016
USA,f,18-59,0,2016
USA,f,60+,0,2016
USA,m,0-4,0,2016
USA,m,5-11,0,2016
USA,m,12-17,0,2016
USA,m,18-59,0,2016
USA,m,60+,0,2016
USA,f,0-4,0,2016
USA,f,5-11,0,2016
USA,f,12-17,0,2016
USA,f,18-59,0,2016
USA,f,60+,0,2016
USA,m,0-4,0,2016
USA,m,5-11,0,2016
USA,m,12-17,0,2016
USA,m,18-59,0,2016
USA,m,60+,0,2016
UZB,f,0-4,0,2016
UZB,f,5-11,0,2016
UZB,f,12-17,0,2016
UZB,f,18-59,9,2016
UZB,f,60+,0,2016
UZB,m,0-4,0,2016
UZB,m,5-11,0,2016
UZB,m,12-17,0,2016
UZB,m,18-59,17,2016
UZB,m,60+,0,2016
VEN,f,0-4,0,2016
VEN,f,5-11,5,2016
VEN,f,12-17,0,2016
VEN,f,18-59,0,2016
VEN,f,60+,0,2016
VEN,m,0-4,0,2016
VEN,m,5-11,0,2016
VEN,m,12-17,0,2016
VEN,m,18-59,5,2016
VEN,m,60+,0,2016
ZAF,f,0-4,0,2016
ZAF,f,5-11,0,2016
ZAF,f,12-17,0,2016
ZAF,f,18-59,0,2016
ZAF,f,60+,0,2016
ZAF,m,0-4,0,2016
ZAF,m,5-11,0,2016
ZAF,m,12-17,0,2016
ZAF,m,18-59,0,2016
ZAF,m,60+,0,2016
AFG,f,0-4,50266,2017
AFG,f,5-11,43490,2017
AFG,f,12-17,33983,2017
AFG,f,18-59,89061,2017
AFG,f,60+,5752,2017
AFG,m,0-4,51691,2017
AFG,m,5-11,45901,2017
AFG,m,12-17,35508,2017
AFG,m,18-59,82757,2017
AFG,m,60+,9623,2017
ARE,f,0-4,6,2017
ARE,f,5-11,0,2017
ARE,f,12-17,0,2017
ARE,f,18-59,0,2017
ARE,f,60+,0,2017
ARE,m,0-4,0,2017
ARE,m,5-11,0,2017
ARE,m,12-17,0,2017
ARE,m,18-59,8,2017
ARE,m,60+,0,2017
ARE,f,0-4,0,2017
ARE,f,5-11,5,2017
ARE,f,12-17,0,2017
ARE,f,18-59,0,2017
ARE,f,60+,0,2017
ARE,m,0-4,0,2017
ARE,m,5-11,0,2017
ARE,m,12-17,0,2017
ARE,m,18-59,0,2017
ARE,m,60+,0,2017
ARG,f,0-4,0,2017
ARG,f,5-11,0,2017
ARG,f,12-17,0,2017
ARG,f,18-59,0,2017
ARG,f,60+,0,2017
ARG,m,0-4,0,2017
ARG,m,5-11,0,2017
ARG,m,12-17,0,2017
ARG,m,18-59,9,2017
ARG,m,60+,0,2017
ARG,f,0-4,0,2017
ARG,f,5-11,0,2017
ARG,f,12-17,0,2017
ARG,f,18-59,0,2017
ARG,f,60+,0,2017
ARG,m,0-4,0,2017
ARG,m,5-11,5,2017
ARG,m,12-17,0,2017
ARG,m,18-59,0,2017
ARG,m,60+,0,2017
ARM,f,0-4,0,2017
ARM,f,5-11,0,2017
ARM,f,12-17,0,2017
ARM,f,18-59,0,2017
ARM,f,60+,0,2017
ARM,m,0-4,0,2017
ARM,m,5-11,0,2017
ARM,m,12-17,0,2017
ARM,m,18-59,5,2017
ARM,m,60+,0,2017
AUS,f,0-4,0,2017
AUS,f,5-11,0,2017
AUS,f,12-17,0,2017
AUS,f,18-59,0,2017
AUS,f,60+,0,2017
AUS,m,0-4,0,2017
AUS,m,5-11,0,2017
AUS,m,12-17,0,2017
AUS,m,18-59,0,2017
AUS,m,60+,0,2017
AUS,f,0-4,0,2017
AUS,f,5-11,0,2017
AUS,f,12-17,0,2017
AUS,f,18-59,0,2017
AUS,f,60+,0,2017
AUS,m,0-4,0,2017
AUS,m,5-11,0,2017
AUS,m,12-17,0,2017
AUS,m,18-59,0,2017
AUS,m,60+,0,2017
AUT,f,0-4,0,2017
AUT,f,5-11,0,2017
AUT,f,12-17,0,2017
AUT,f,18-59,0,2017
AUT,f,60+,0,2017
AUT,m,0-4,0,2017
AUT,m,5-11,0,2017
AUT,m,12-17,0,2017
AUT,m,18-59,0,2017
AUT,m,60+,0,2017
AUT,f,0-4,0,2017
AUT,f,5-11,0,2017
AUT,f,12-17,0,2017
AUT,f,18-59,0,2017
AUT,f,60+,0,2017
AUT,m,0-4,0,2017
AUT,m,5-11,0,2017
AUT,m,12-17,0,2017
AUT,m,18-59,0,2017
AUT,m,60+,0,2017
AZE,f,0-4,0,2017
AZE,f,5-11,0,2017
AZE,f,12-17,0,2017
AZE,f,18-59,0,2017
AZE,f,60+,0,2017
AZE,m,0-4,0,2017
AZE,m,5-11,0,2017
AZE,m,12-17,0,2017
AZE,m,18-59,0,2017
AZE,m,60+,0,2017
AZE,f,0-4,26,2017
AZE,f,5-11,24,2017
AZE,f,12-17,29,2017
AZE,f,18-59,121,2017
AZE,f,60+,8,2017
AZE,m,0-4,26,2017
AZE,m,5-11,40,2017
AZE,m,12-17,27,2017
AZE,m,18-59,271,2017
AZE,m,60+,15,2017
BEL,f,0-4,0,2017
BEL,f,5-11,0,2017
BEL,f,12-17,0,2017
BEL,f,18-59,0,2017
BEL,f,60+,0,2017
BEL,m,0-4,0,2017
BEL,m,5-11,0,2017
BEL,m,12-17,0,2017
BEL,m,18-59,0,2017
BEL,m,60+,0,2017
BEL,f,0-4,0,2017
BEL,f,5-11,0,2017
BEL,f,12-17,0,2017
BEL,f,18-59,0,2017
BEL,f,60+,0,2017
BEL,m,0-4,0,2017
BEL,m,5-11,0,2017
BEL,m,12-17,0,2017
BEL,m,18-59,0,2017
BEL,m,60+,0,2017
BGR,f,0-4,0,2017
BGR,f,5-11,0,2017
BGR,f,12-17,0,2017
BGR,f,18-59,0,2017
BGR,f,60+,0,2017
BGR,m,0-4,0,2017
BGR,m,5-11,0,2017
BGR,m,12-17,0,2017
BGR,m,18-59,0,2017
BGR,m,60+,0,2017
BGR,f,0-4,0,2017
BGR,f,5-11,0,2017
BGR,f,12-17,0,2017
BGR,f,18-59,0,2017
BGR,f,60+,0,2017
BGR,m,0-4,0,2017
BGR,m,5-11,0,2017
BGR,m,12-17,0,2017
BGR,m,18-59,0,2017
BGR,m,60+,0,2017
BIH,f,0-4,0,2017
BIH,f,5-11,0,2017
BIH,f,12-17,0,2017
BIH,f,18-59,0,2017
BIH,f,60+,0,2017
BIH,m,0-4,0,2017
BIH,m,5-11,9,2017
BIH,m,12-17,0,2017
BIH,m,18-59,0,2017
BIH,m,60+,0,2017
BLR,f,0-4,0,2017
BLR,f,5-11,0,2017
BLR,f,12-17,0,2017
BLR,f,18-59,0,2017
BLR,f,60+,0,2017
BLR,m,0-4,0,2017
BLR,m,5-11,0,2017
BLR,m,12-17,0,2017
BLR,m,18-59,0,2017
BLR,m,60+,0,2017
BRA,f,0-4,0,2017
BRA,f,5-11,0,2017
BRA,f,12-17,0,2017
BRA,f,18-59,0,2017
BRA,f,60+,0,2017
BRA,m,0-4,0,2017
BRA,m,5-11,0,2017
BRA,m,12-17,0,2017
BRA,m,18-59,0,2017
BRA,m,60+,0,2017
BRA,f,0-4,0,2017
BRA,f,5-11,0,2017
BRA,f,12-17,0,2017
BRA,f,18-59,0,2017
BRA,f,60+,0,2017
BRA,m,0-4,0,2017
BRA,m,5-11,0,2017
BRA,m,12-17,0,2017
BRA,m,18-59,0,2017
BRA,m,60+,0,2017
CAN,f,0-4,0,2017
CAN,f,5-11,0,2017
CAN,f,12-17,0,2017
CAN,f,18-59,0,2017
CAN,f,60+,0,2017
CAN,m,0-4,0,2017
CAN,m,5-11,0,2017
CAN,m,12-17,0,2017
CAN,m,18-59,0,2017
CAN,m,60+,0,2017
CAN,f,0-4,0,2017
CAN,f,5-11,0,2017
CAN,f,12-17,0,2017
CAN,f,18-59,0,2017
CAN,f,60+,0,2017
CAN,m,0-4,0,2017
CAN,m,5-11,0,2017
CAN,m,12-17,0,2017
CAN,m,18-59,0,2017
CAN,m,60+,0,2017
CHE,f,0-4,242,2017
CHE,f,5-11,247,2017
CHE,f,12-17,179,2017
CHE,f,18-59,848,2017
CHE,f,60+,32,2017
CHE,m,0-4,271,2017
CHE,m,5-11,301,2017
CHE,m,12-17,229,2017
CHE,m,18-59,3235,2017
CHE,m,60+,36,2017
CHE,f,0-4,194,2017
CHE,f,5-11,301,2017
CHE,f,12-17,236,2017
CHE,f,18-59,860,2017
CHE,f,60+,58,2017
CHE,m,0-4,206,2017
CHE,m,5-11,353,2017
CHE,m,12-17,880,2017
CHE,m,18-59,3414,2017
CHE,m,60+,66,2017
CHL,f,0-4,0,2017
CHL,f,5-11,0,2017
CHL,f,12-17,0,2017
CHL,f,18-59,0,2017
CHL,f,60+,0,2017
CHL,m,0-4,0,2017
CHL,m,5-11,0,2017
CHL,m,12-17,0,2017
CHL,m,18-59,0,2017
CHL,m,60+,0,2017
CHL,f,0-4,0,2017
CHL,f,5-11,0,2017
CHL,f,12-17,0,2017
CHL,f,18-59,0,2017
CHL,f,60+,0,2017
CHL,m,0-4,0,2017
CHL,m,5-11,0,2017
CHL,m,12-17,0,2017
CHL,m,18-59,0,2017
CHL,m,60+,0,2017
CHN,f,0-4,5,2017
CHN,f,5-11,8,2017
CHN,f,12-17,0,2017
CHN,f,18-59,0,2017
CHN,f,60+,0,2017
CHN,m,0-4,0,2017
CHN,m,5-11,0,2017
CHN,m,12-17,0,2017
CHN,m,18-59,5,2017
CHN,m,60+,0,2017
CHN,f,0-4,8,2017
CHN,f,5-11,0,2017
CHN,f,12-17,0,2017
CHN,f,18-59,0,2017
CHN,f,60+,0,2017
CHN,m,0-4,0,2017
CHN,m,5-11,0,2017
CHN,m,12-17,0,2017
CHN,m,18-59,0,2017
CHN,m,60+,0,2017
COL,f,0-4,0,2017
COL,f,5-11,0,2017
COL,f,12-17,0,2017
COL,f,18-59,0,2017
COL,f,60+,0,2017
COL,m,0-4,0,2017
COL,m,5-11,0,2017
COL,m,12-17,0,2017
COL,m,18-59,8,2017
COL,m,60+,0,2017
CUB,f,0-4,0,2017
CUB,f,5-11,5,2017
CUB,f,12-17,0,2017
CUB,f,18-59,7,2017
CUB,f,60+,0,2017
CUB,m,0-4,0,2017
CUB,m,5-11,5,2017
CUB,m,12-17,0,2017
CUB,m,18-59,28,2017
CUB,m,60+,0,2017
CYP,f,0-4,0,2017
CYP,f,5-11,0,2017
CYP,f,12-17,0,2017
CYP,f,18-59,0,2017
CYP,f,60+,0,2017
CYP,m,0-4,0,2017
CYP,m,5-11,0,2017
CYP,m,12-17,0,2017
CYP,m,18-59,0,2017
CYP,m,60+,0,2017
CYP,f,0-4,0,2017
CYP,f,5-11,0,2017
CYP,f,12-17,0,2017
CYP,f,18-59,0,2017
CYP,f,60+,0,2017
CYP,m,0-4,0,2017
CYP,m,5-11,0,2017
CYP,m,12-17,0,2017
CYP,m,18-59,0,2017
CYP,m,60+,0,2017
CZE,f,0-4,0,2017
CZE,f,5-11,0,2017
CZE,f,12-17,0,2017
CZE,f,18-59,0,2017
CZE,f,60+,0,2017
CZE,m,0-4,0,2017
CZE,m,5-11,0,2017
CZE,m,12-17,0,2017
CZE,m,18-59,0,2017
CZE,m,60+,0,2017
CZE,f,0-4,0,2017
CZE,f,5-11,0,2017
CZE,f,12-17,0,2017
CZE,f,18-59,0,2017
CZE,f,60+,0,2017
CZE,m,0-4,0,2017
CZE,m,5-11,0,2017
CZE,m,12-17,0,2017
CZE,m,18-59,0,2017
CZE,m,60+,0,2017
DEU,f,0-4,3237,2017
DEU,f,5-11,3543,2017
DEU,f,12-17,2290,2017
DEU,f,18-59,9673,2017
DEU,f,60+,306,2017
DEU,m,0-4,3485,2017
DEU,m,5-11,4294,2017
DEU,m,12-17,7286,2017
DEU,m,18-59,52754,2017
DEU,m,60+,453,2017
DEU,f,0-4,5025,2017
DEU,f,5-11,7452,2017
DEU,f,12-17,5172,2017
DEU,f,18-59,23051,2017
DEU,f,60+,3034,2017
DEU,m,0-4,5340,2017
DEU,m,5-11,8418,2017
DEU,m,12-17,8939,2017
DEU,m,18-59,35477,2017
DEU,m,60+,2477,2017
DNK,f,0-4,0,2017
DNK,f,5-11,0,2017
DNK,f,12-17,0,2017
DNK,f,18-59,0,2017
DNK,f,60+,0,2017
DNK,m,0-4,0,2017
DNK,m,5-11,0,2017
DNK,m,12-17,0,2017
DNK,m,18-59,0,2017
DNK,m,60+,0,2017
DNK,f,0-4,0,2017
DNK,f,5-11,0,2017
DNK,f,12-17,0,2017
DNK,f,18-59,0,2017
DNK,f,60+,0,2017
DNK,m,0-4,0,2017
DNK,m,5-11,0,2017
DNK,m,12-17,0,2017
DNK,m,18-59,0,2017
DNK,m,60+,0,2017
DOM,f,0-4,0,2017
DOM,f,5-11,7,2017
DOM,f,12-17,0,2017
DOM,f,18-59,0,2017
DOM,f,60+,0,2017
DOM,m,0-4,0,2017
DOM,m,5-11,0,2017
DOM,m,12-17,0,2017
DOM,m,18-59,0,2017
DOM,m,60+,0,2017
DOM,f,0-4,0,2017
DOM,f,5-11,5,2017
DOM,f,12-17,0,2017
DOM,f,18-59,0,2017
DOM,f,60+,0,2017
DOM,m,0-4,0,2017
DOM,m,5-11,0,2017
DOM,m,12-17,0,2017
DOM,m,18-59,0,2017
DOM,m,60+,0,2017
ECU,f,0-4,0,2017
ECU,f,5-11,6,2017
ECU,f,12-17,5,2017
ECU,f,18-59,19,2017
ECU,f,60+,0,2017
ECU,m,0-4,0,2017
ECU,m,5-11,6,2017
ECU,m,12-17,6,2017
ECU,m,18-59,21,2017
ECU,m,60+,0,2017
ECU,f,0-4,0,2017
ECU,f,5-11,5,2017
ECU,f,12-17,0,2017
ECU,f,18-59,36,2017
ECU,f,60+,5,2017
ECU,m,0-4,0,2017
ECU,m,5-11,0,2017
ECU,m,12-17,8,2017
ECU,m,18-59,35,2017
ECU,m,60+,5,2017
EGY,f,0-4,0,2017
EGY,f,5-11,0,2017
EGY,f,12-17,0,2017
EGY,f,18-59,9,2017
EGY,f,60+,0,2017
EGY,m,0-4,0,2017
EGY,m,5-11,0,2017
EGY,m,12-17,13,2017
EGY,m,18-59,0,2017
EGY,m,60+,0,2017
EGY,f,0-4,9,2017
EGY,f,5-11,0,2017
EGY,f,12-17,0,2017
EGY,f,18-59,0,2017
EGY,f,60+,0,2017
EGY,m,0-4,0,2017
EGY,m,5-11,0,2017
EGY,m,12-17,0,2017
EGY,m,18-59,8,2017
EGY,m,60+,0,2017
ESP,f,0-4,0,2017
ESP,f,5-11,0,2017
ESP,f,12-17,0,2017
ESP,f,18-59,0,2017
ESP,f,60+,0,2017
ESP,m,0-4,0,2017
ESP,m,5-11,0,2017
ESP,m,12-17,0,2017
ESP,m,18-59,0,2017
ESP,m,60+,0,2017
ESP,f,0-4,0,2017
ESP,f,5-11,0,2017
ESP,f,12-17,0,2017
ESP,f,18-59,0,2017
ESP,f,60+,0,2017
ESP,m,0-4,0,2017
ESP,m,5-11,0,2017
ESP,m,12-17,0,2017
ESP,m,18-59,0,2017
ESP,m,60+,0,2017
EST,f,0-4,0,2017
EST,f,5-11,0,2017
EST,f,12-17,0,2017
EST,f,18-59,0,2017
EST,f,60+,0,2017
EST,m,0-4,0,2017
EST,m,5-11,0,2017
EST,m,12-17,0,2017
EST,m,18-59,0,2017
EST,m,60+,0,2017
FIN,f,0-4,0,2017
FIN,f,5-11,0,2017
FIN,f,12-17,0,2017
FIN,f,18-59,0,2017
FIN,f,60+,0,2017
FIN,m,0-4,0,2017
FIN,m,5-11,0,2017
FIN,m,12-17,0,2017
FIN,m,18-59,0,2017
FIN,m,60+,0,2017
FIN,f,0-4,0,2017
FIN,f,5-11,0,2017
FIN,f,12-17,0,2017
FIN,f,18-59,0,2017
FIN,f,60+,0,2017
FIN,m,0-4,0,2017
FIN,m,5-11,0,2017
FIN,m,12-17,0,2017
FIN,m,18-59,0,2017
FIN,m,60+,0,2017
FJI,f,0-4,0,2017
FJI,f,5-11,5,2017
FJI,f,12-17,0,2017
FJI,f,18-59,0,2017
FJI,f,60+,0,2017
FJI,m,0-4,0,2017
FJI,m,5-11,0,2017
FJI,m,12-17,0,2017
FJI,m,18-59,0,2017
FJI,m,60+,0,2017
FJI,f,0-4,0,2017
FJI,f,5-11,0,2017
FJI,f,12-17,0,2017
FJI,f,18-59,7,2017
FJI,f,60+,0,2017
FJI,m,0-4,0,2017
FJI,m,5-11,0,2017
FJI,m,12-17,0,2017
FJI,m,18-59,0,2017
FJI,m,60+,0,2017
FRA,f,0-4,0,2017
FRA,f,5-11,0,2017
FRA,f,12-17,0,2017
FRA,f,18-59,0,2017
FRA,f,60+,0,2017
FRA,m,0-4,0,2017
FRA,m,5-11,0,2017
FRA,m,12-17,0,2017
FRA,m,18-59,0,2017
FRA,m,60+,0,2017
FRA,f,0-4,0,2017
FRA,f,5-11,0,2017
FRA,f,12-17,0,2017
FRA,f,18-59,0,2017
FRA,f,60+,0,2017
FRA,m,0-4,0,2017
FRA,m,5-11,0,2017
FRA,m,12-17,0,2017
FRA,m,18-59,0,2017
FRA,m,60+,0,2017
GBR,f,0-4,0,2017
GBR,f,5-11,0,2017
GBR,f,12-17,0,2017
GBR,f,18-59,0,2017
GBR,f,60+,0,2017
GBR,m,0-4,0,2017
GBR,m,5-11,0,2017
GBR,m,12-17,0,2017
GBR,m,18-59,0,2017
GBR,m,60+,0,2017
GBR,f,0-4,0,2017
GBR,f,5-11,0,2017
GBR,f,12-17,0,2017
GBR,f,18-59,0,2017
GBR,f,60+,0,2017
GBR,m,0-4,0,2017
GBR,m,5-11,0,2017
GBR,m,12-17,0,2017
GBR,m,18-59,0,2017
GBR,m,60+,0,2017
GEO,f,0-4,0,2017
GEO,f,5-11,9,2017
GEO,f,12-17,0,2017
GEO,f,18-59,0,2017
GEO,f,60+,0,2017
GEO,m,0-4,0,2017
GEO,m,5-11,0,2017
GEO,m,12-17,7,2017
GEO,m,18-59,0,2017
GEO,m,60+,0,2017
GEO,f,0-4,0,2017
GEO,f,5-11,0,2017
GEO,f,12-17,0,2017
GEO,f,18-59,0,2017
GEO,f,60+,0,2017
GEO,m,0-4,0,2017
GEO,m,5-11,0,2017
GEO,m,12-17,5,2017
GEO,m,18-59,0,2017
GEO,m,60+,0,2017
GRC,f,0-4,0,2017
GRC,f,5-11,0,2017
GRC,f,12-17,0,2017
GRC,f,18-59,0,2017
GRC,f,60+,0,2017
GRC,m,0-4,0,2017
GRC,m,5-11,0,2017
GRC,m,12-17,0,2017
GRC,m,18-59,0,2017
GRC,m,60+,0,2017
GRC,f,0-4,0,2017
GRC,f,5-11,0,2017
GRC,f,12-17,0,2017
GRC,f,18-59,0,2017
GRC,f,60+,0,2017
GRC,m,0-4,0,2017
GRC,m,5-11,0,2017
GRC,m,12-17,0,2017
GRC,m,18-59,0,2017
GRC,m,60+,0,2017
HRV,f,0-4,5,2017
HRV,f,5-11,5,2017
HRV,f,12-17,0,2017
HRV,f,18-59,9,2017
HRV,f,60+,0,2017
HRV,m,0-4,7,2017
HRV,m,5-11,7,2017
HRV,m,12-17,12,2017
HRV,m,18-59,48,2017
HRV,m,60+,0,2017
HRV,f,0-4,0,2017
HRV,f,5-11,9,2017
HRV,f,12-17,0,2017
HRV,f,18-59,7,2017
HRV,f,60+,0,2017
HRV,m,0-4,5,2017
HRV,m,5-11,0,2017
HRV,m,12-17,5,2017
HRV,m,18-59,19,2017
HRV,m,60+,0,2017
HUN,f,0-4,0,2017
HUN,f,5-11,0,2017
HUN,f,12-17,0,2017
HUN,f,18-59,0,2017
HUN,f,60+,0,2017
HUN,m,0-4,0,2017
HUN,m,5-11,0,2017
HUN,m,12-17,0,2017
HUN,m,18-59,0,2017
HUN,m,60+,0,2017
HUN,f,0-4,0,2017
HUN,f,5-11,0,2017
HUN,f,12-17,0,2017
HUN,f,18-59,0,2017
HUN,f,60+,0,2017
HUN,m,0-4,0,2017
HUN,m,5-11,0,2017
HUN,m,12-17,0,2017
HUN,m,18-59,0,2017
HUN,m,60+,0,2017
IDN,f,0-4,135,2017
IDN,f,5-11,162,2017
IDN,f,12-17,106,2017
IDN,f,18-59,487,2017
IDN,f,60+,20,2017
IDN,m,0-4,156,2017
IDN,m,5-11,181,2017
IDN,m,12-17,239,2017
IDN,m,18-59,589,2017
IDN,m,60+,7,2017
IDN,f,0-4,106,2017
IDN,f,5-11,152,2017
IDN,f,12-17,106,2017
IDN,f,18-59,501,2017
IDN,f,60+,25,2017
IDN,m,0-4,140,2017
IDN,m,5-11,167,2017
IDN,m,12-17,217,2017
IDN,m,18-59,4032,2017
IDN,m,60+,31,2017
IND,f,0-4,268,2017
IND,f,5-11,492,2017
IND,f,12-17,378,2017
IND,f,18-59,1539,2017
IND,f,60+,91,2017
IND,m,0-4,333,2017
IND,m,5-11,520,2017
IND,m,12-17,431,2017
IND,m,18-59,1584,2017
IND,m,60+,107,2017
IND,f,0-4,200,2017
IND,f,5-11,500,2017
IND,f,12-17,490,2017
IND,f,18-59,2562,2017
IND,f,60+,260,2017
IND,m,0-4,242,2017
IND,m,5-11,536,2017
IND,m,12-17,546,2017
IND,m,18-59,2160,2017
IND,m,60+,262,2017
IRL,f,0-4,0,2017
IRL,f,5-11,0,2017
IRL,f,12-17,5,2017
IRL,f,18-59,5,2017
IRL,f,60+,0,2017
IRL,m,0-4,0,2017
IRL,m,5-11,5,2017
IRL,m,12-17,16,2017
IRL,m,18-59,149,2017
IRL,m,60+,0,2017
IRL,f,0-4,0,2017
IRL,f,5-11,0,2017
IRL,f,12-17,0,2017
IRL,f,18-59,12,2017
IRL,f,60+,0,2017
IRL,m,0-4,0,2017
IRL,m,5-11,0,2017
IRL,m,12-17,6,2017
IRL,m,18-59,207,2017
IRL,m,60+,5,2017
IRN,f,0-4,1787,2017
IRN,f,5-11,2476,2017
IRN,f,12-17,2714,2017
IRN,f,18-59,6150,2017
IRN,f,60+,605,2017
IRN,m,0-4,1902,2017
IRN,m,5-11,2494,2017
IRN,m,12-17,2830,2017
IRN,m,18-59,6143,2017
IRN,m,60+,879,2017
IRQ,f,0-4,0,2017
IRQ,f,5-11,14,2017
IRQ,f,12-17,6,2017
IRQ,f,18-59,32,2017
IRQ,f,60+,6,2017
IRQ,m,0-4,5,2017
IRQ,m,5-11,7,2017
IRQ,m,12-17,5,2017
IRQ,m,18-59,27,2017
IRQ,m,60+,5,2017
IRQ,f,0-4,0,2017
IRQ,f,5-11,5,2017
IRQ,f,12-17,0,2017
IRQ,f,18-59,0,2017
IRQ,f,60+,0,2017
IRQ,m,0-4,0,2017
IRQ,m,5-11,0,2017
IRQ,m,12-17,0,2017
IRQ,m,18-59,6,2017
IRQ,m,60+,0,2017
ISL,f,0-4,0,2017
ISL,f,5-11,0,2017
ISL,f,12-17,0,2017
ISL,f,18-59,0,2017
ISL,f,60+,0,2017
ISL,m,0-4,0,2017
ISL,m,5-11,0,2017
ISL,m,12-17,0,2017
ISL,m,18-59,0,2017
ISL,m,60+,0,2017
ISL,f,0-4,0,2017
ISL,f,5-11,0,2017
ISL,f,12-17,0,2017
ISL,f,18-59,0,2017
ISL,f,60+,0,2017
ISL,m,0-4,0,2017
ISL,m,5-11,0,2017
ISL,m,12-17,0,2017
ISL,m,18-59,0,2017
ISL,m,60+,0,2017
ITA,f,0-4,0,2017
ITA,f,5-11,0,2017
ITA,f,12-17,0,2017
ITA,f,18-59,0,2017
ITA,f,60+,0,2017
ITA,m,0-4,0,2017
ITA,m,5-11,0,2017
ITA,m,12-17,0,2017
ITA,m,18-59,0,2017
ITA,m,60+,0,2017
ITA,f,0-4,0,2017
ITA,f,5-11,0,2017
ITA,f,12-17,0,2017
ITA,f,18-59,0,2017
ITA,f,60+,0,2017
ITA,m,0-4,0,2017
ITA,m,5-11,0,2017
ITA,m,12-17,0,2017
ITA,m,18-59,0,2017
ITA,m,60+,0,2017
JOR,f,0-4,0,2017
JOR,f,5-11,0,2017
JOR,f,12-17,0,2017
JOR,f,18-59,0,2017
JOR,f,60+,0,2017
JOR,m,0-4,0,2017
JOR,m,5-11,0,2017
JOR,m,12-17,0,2017
JOR,m,18-59,9,2017
JOR,m,60+,0,2017
JOR,f,0-4,0,2017
JOR,f,5-11,0,2017
JOR,f,12-17,0,2017
JOR,f,18-59,0,2017
JOR,f,60+,0,2017
JOR,m,0-4,0,2017
JOR,m,5-11,0,2017
JOR,m,12-17,0,2017
JOR,m,18-59,8,2017
JOR,m,60+,0,2017
JPN,f,0-4,0,2017
JPN,f,5-11,0,2017
JPN,f,12-17,0,2017
JPN,f,18-59,0,2017
JPN,f,60+,0,2017
JPN,m,0-4,0,2017
JPN,m,5-11,0,2017
JPN,m,12-17,0,2017
JPN,m,18-59,0,2017
JPN,m,60+,0,2017
KAZ,f,0-4,10,2017
KAZ,f,5-11,12,2017
KAZ,f,12-17,11,2017
KAZ,f,18-59,37,2017
KAZ,f,60+,0,2017
KAZ,m,0-4,6,2017
KAZ,m,5-11,13,2017
KAZ,m,12-17,8,2017
KAZ,m,18-59,62,2017
KAZ,m,60+,5,2017
KAZ,f,0-4,18,2017
KAZ,f,5-11,34,2017
KAZ,f,12-17,35,2017
KAZ,f,18-59,168,2017
KAZ,f,60+,11,2017
KAZ,m,0-4,22,2017
KAZ,m,5-11,47,2017
KAZ,m,12-17,45,2017
KAZ,m,18-59,170,2017
KAZ,m,60+,11,2017
KEN,f,0-4,0,2017
KEN,f,5-11,0,2017
KEN,f,12-17,0,2017
KEN,f,18-59,0,2017
KEN,f,60+,0,2017
KEN,m,0-4,0,2017
KEN,m,5-11,0,2017
KEN,m,12-17,0,2017
KEN,m,18-59,5,2017
KEN,m,60+,0,2017
KEN,f,0-4,0,2017
KEN,f,5-11,0,2017
KEN,f,12-17,0,2017
KEN,f,18-59,0,2017
KEN,f,60+,0,2017
KEN,m,0-4,0,2017
KEN,m,5-11,8,2017
KEN,m,12-17,0,2017
KEN,m,18-59,0,2017
KEN,m,60+,0,2017
KGZ,f,0-4,0,2017
KGZ,f,5-11,8,2017
KGZ,f,12-17,0,2017
KGZ,f,18-59,11,2017
KGZ,f,60+,0,2017
KGZ,m,0-4,0,2017
KGZ,m,5-11,5,2017
KGZ,m,12-17,0,2017
KGZ,m,18-59,22,2017
KGZ,m,60+,0,2017
KGZ,f,0-4,14,2017
KGZ,f,5-11,13,2017
KGZ,f,12-17,11,2017
KGZ,f,18-59,64,2017
KGZ,f,60+,0,2017
KGZ,m,0-4,15,2017
KGZ,m,5-11,17,2017
KGZ,m,12-17,14,2017
KGZ,m,18-59,88,2017
KGZ,m,60+,0,2017
KOR,f,0-4,0,2017
KOR,f,5-11,0,2017
KOR,f,12-17,0,2017
KOR,f,18-59,0,2017
KOR,f,60+,0,2017
KOR,m,0-4,0,2017
KOR,m,5-11,0,2017
KOR,m,12-17,0,2017
KOR,m,18-59,7,2017
KOR,m,60+,0,2017
KOR,f,0-4,0,2017
KOR,f,5-11,7,2017
KOR,f,12-17,5,2017
KOR,f,18-59,0,2017
KOR,f,60+,0,2017
KOR,m,0-4,0,2017
KOR,m,5-11,5,2017
KOR,m,12-17,5,2017
KOR,m,18-59,15,2017
KOR,m,60+,0,2017
LBN,f,0-4,0,2017
LBN,f,5-11,0,2017
LBN,f,12-17,0,2017
LBN,f,18-59,0,2017
LBN,f,60+,0,2017
LBN,m,0-4,0,2017
LBN,m,5-11,0,2017
LBN,m,12-17,0,2017
LBN,m,18-59,6,2017
LBN,m,60+,0,2017
LBN,f,0-4,0,2017
LBN,f,5-11,0,2017
LBN,f,12-17,0,2017
LBN,f,18-59,9,2017
LBN,f,60+,0,2017
LBN,m,0-4,0,2017
LBN,m,5-11,13,2017
LBN,m,12-17,0,2017
LBN,m,18-59,0,2017
LBN,m,60+,0,2017
LBY,f,0-4,0,2017
LBY,f,5-11,0,2017
LBY,f,12-17,5,2017
LBY,f,18-59,0,2017
LBY,f,60+,0,2017
LBY,m,0-4,0,2017
LBY,m,5-11,0,2017
LBY,m,12-17,0,2017
LBY,m,18-59,6,2017
LBY,m,60+,0,2017
LIE,f,0-4,0,2017
LIE,f,5-11,0,2017
LIE,f,12-17,0,2017
LIE,f,18-59,0,2017
LIE,f,60+,0,2017
LIE,m,0-4,0,2017
LIE,m,5-11,0,2017
LIE,m,12-17,0,2017
LIE,m,18-59,0,2017
LIE,m,60+,0,2017
LKA,f,0-4,8,2017
LKA,f,5-11,5,2017
LKA,f,12-17,0,2017
LKA,f,18-59,14,2017
LKA,f,60+,0,2017
LKA,m,0-4,0,2017
LKA,m,5-11,6,2017
LKA,m,12-17,0,2017
LKA,m,18-59,25,2017
LKA,m,60+,0,2017
LKA,f,0-4,7,2017
LKA,f,5-11,7,2017
LKA,f,12-17,5,2017
LKA,f,18-59,27,2017
LKA,f,60+,0,2017
LKA,m,0-4,6,2017
LKA,m,5-11,12,2017
LKA,m,12-17,6,2017
LKA,m,18-59,63,2017
LKA,m,60+,0,2017
LTU,f,0-4,0,2017
LTU,f,5-11,0,2017
LTU,f,12-17,0,2017
LTU,f,18-59,0,2017
LTU,f,60+,0,2017
LTU,m,0-4,0,2017
LTU,m,5-11,0,2017
LTU,m,12-17,0,2017
LTU,m,18-59,0,2017
LTU,m,60+,0,2017
LTU,f,0-4,0,2017
LTU,f,5-11,0,2017
LTU,f,12-17,0,2017
LTU,f,18-59,0,2017
LTU,f,60+,0,2017
LTU,m,0-4,0,2017
LTU,m,5-11,0,2017
LTU,m,12-17,0,2017
LTU,m,18-59,0,2017
LTU,m,60+,0,2017
LUX,f,0-4,0,2017
LUX,f,5-11,0,2017
LUX,f,12-17,0,2017
LUX,f,18-59,0,2017
LUX,f,60+,0,2017
LUX,m,0-4,0,2017
LUX,m,5-11,0,2017
LUX,m,12-17,0,2017
LUX,m,18-59,0,2017
LUX,m,60+,0,2017
LUX,f,0-4,0,2017
LUX,f,5-11,0,2017
LUX,f,12-17,0,2017
LUX,f,18-59,0,2017
LUX,f,60+,0,2017
LUX,m,0-4,0,2017
LUX,m,5-11,0,2017
LUX,m,12-17,0,2017
LUX,m,18-59,0,2017
LUX,m,60+,0,2017
LVA,f,0-4,0,2017
LVA,f,5-11,0,2017
LVA,f,12-17,0,2017
LVA,f,18-59,0,2017
LVA,f,60+,0,2017
LVA,m,0-4,0,2017
LVA,m,5-11,0,2017
LVA,m,12-17,0,2017
LVA,m,18-59,0,2017
LVA,m,60+,0,2017
LVA,f,0-4,0,2017
LVA,f,5-11,0,2017
LVA,f,12-17,0,2017
LVA,f,18-59,0,2017
LVA,f,60+,0,2017
LVA,m,0-4,0,2017
LVA,m,5-11,0,2017
LVA,m,12-17,0,2017
LVA,m,18-59,0,2017
LVA,m,60+,0,2017
MAR,f,0-4,0,2017
MAR,f,5-11,0,2017
MAR,f,12-17,0,2017
MAR,f,18-59,0,2017
MAR,f,60+,0,2017
MAR,m,0-4,0,2017
MAR,m,5-11,0,2017
MAR,m,12-17,0,2017
MAR,m,18-59,5,2017
MAR,m,60+,0,2017
MDA,f,0-4,0,2017
MDA,f,5-11,0,2017
MDA,f,12-17,0,2017
MDA,f,18-59,0,2017
MDA,f,60+,0,2017
MDA,m,0-4,7,2017
MDA,m,5-11,0,2017
MDA,m,12-17,0,2017
MDA,m,18-59,0,2017
MDA,m,60+,0,2017
MDA,f,0-4,0,2017
MDA,f,5-11,0,2017
MDA,f,12-17,0,2017
MDA,f,18-59,5,2017
MDA,f,60+,0,2017
MDA,m,0-4,0,2017
MDA,m,5-11,5,2017
MDA,m,12-17,0,2017
MDA,m,18-59,8,2017
MDA,m,60+,0,2017
MDG,f,0-4,0,2017
MDG,f,5-11,0,2017
MDG,f,12-17,0,2017
MDG,f,18-59,0,2017
MDG,f,60+,0,2017
MDG,m,0-4,0,2017
MDG,m,5-11,0,2017
MDG,m,12-17,0,2017
MDG,m,18-59,5,2017
MDG,m,60+,0,2017
MEX,f,0-4,0,2017
MEX,f,5-11,0,2017
MEX,f,12-17,0,2017
MEX,f,18-59,0,2017
MEX,f,60+,0,2017
MEX,m,0-4,0,2017
MEX,m,5-11,0,2017
MEX,m,12-17,0,2017
MEX,m,18-59,0,2017
MEX,m,60+,0,2017
MKD,f,0-4,0,2017
MKD,f,5-11,0,2017
MKD,f,12-17,5,2017
MKD,f,18-59,0,2017
MKD,f,60+,0,2017
MKD,m,0-4,0,2017
MKD,m,5-11,0,2017
MKD,m,12-17,0,2017
MKD,m,18-59,0,2017
MKD,m,60+,0,2017
MLT,f,0-4,0,2017
MLT,f,5-11,0,2017
MLT,f,12-17,0,2017
MLT,f,18-59,0,2017
MLT,f,60+,0,2017
MLT,m,0-4,0,2017
MLT,m,5-11,0,2017
MLT,m,12-17,0,2017
MLT,m,18-59,0,2017
MLT,m,60+,0,2017
MNG,f,0-4,0,2017
MNG,f,5-11,0,2017
MNG,f,12-17,0,2017
MNG,f,18-59,0,2017
MNG,f,60+,0,2017
MNG,m,0-4,0,2017
MNG,m,5-11,0,2017
MNG,m,12-17,0,2017
MNG,m,18-59,5,2017
MNG,m,60+,0,2017
MRT,f,0-4,0,2017
MRT,f,5-11,0,2017
MRT,f,12-17,0,2017
MRT,f,18-59,0,2017
MRT,f,60+,0,2017
MRT,m,0-4,0,2017
MRT,m,5-11,0,2017
MRT,m,12-17,7,2017
MRT,m,18-59,0,2017
MRT,m,60+,0,2017
MYS,f,0-4,32,2017
MYS,f,5-11,60,2017
MYS,f,12-17,57,2017
MYS,f,18-59,188,2017
MYS,f,60+,5,2017
MYS,m,0-4,46,2017
MYS,m,5-11,64,2017
MYS,m,12-17,67,2017
MYS,m,18-59,5,2017
MYS,m,60+,274,2017
MYS,f,0-4,19,2017
MYS,f,5-11,32,2017
MYS,f,12-17,17,2017
MYS,f,18-59,106,2017
MYS,f,60+,5,2017
MYS,m,0-4,18,2017
MYS,m,5-11,39,2017
MYS,m,12-17,21,2017
MYS,m,18-59,127,2017
MYS,m,60+,5,2017
NGA,f,0-4,0,2017
NGA,f,5-11,0,2017
NGA,f,12-17,0,2017
NGA,f,18-59,0,2017
NGA,f,60+,0,2017
NGA,m,0-4,0,2017
NGA,m,5-11,0,2017
NGA,m,12-17,0,2017
NGA,m,18-59,5,2017
NGA,m,60+,0,2017
NLD,f,0-4,0,2017
NLD,f,5-11,0,2017
NLD,f,12-17,0,2017
NLD,f,18-59,0,2017
NLD,f,60+,0,2017
NLD,m,0-4,0,2017
NLD,m,5-11,0,2017
NLD,m,12-17,0,2017
NLD,m,18-59,0,2017
NLD,m,60+,0,2017
NLD,f,0-4,0,2017
NLD,f,5-11,0,2017
NLD,f,12-17,0,2017
NLD,f,18-59,0,2017
NLD,f,60+,0,2017
NLD,m,0-4,0,2017
NLD,m,5-11,0,2017
NLD,m,12-17,0,2017
NLD,m,18-59,0,2017
NLD,m,60+,0,2017
NOR,f,0-4,0,2017
NOR,f,5-11,0,2017
NOR,f,12-17,0,2017
NOR,f,18-59,0,2017
NOR,f,60+,0,2017
NOR,m,0-4,0,2017
NOR,m,5-11,0,2017
NOR,m,12-17,0,2017
NOR,m,18-59,0,2017
NOR,m,60+,0,2017
NOR,f,0-4,0,2017
NOR,f,5-11,0,2017
NOR,f,12-17,0,2017
NOR,f,18-59,0,2017
NOR,f,60+,0,2017
NOR,m,0-4,0,2017
NOR,m,5-11,0,2017
NOR,m,12-17,0,2017
NOR,m,18-59,0,2017
NOR,m,60+,0,2017
NPL,f,0-4,5,2017
NPL,f,5-11,0,2017
NPL,f,12-17,6,2017
NPL,f,18-59,16,2017
NPL,f,60+,0,2017
NPL,m,0-4,5,2017
NPL,m,5-11,7,2017
NPL,m,12-17,0,2017
NPL,m,18-59,18,2017
NPL,m,60+,0,2017
NRU,f,0-4,0,2017
NRU,f,5-11,0,2017
NRU,f,12-17,0,2017
NRU,f,18-59,0,2017
NRU,f,60+,0,2017
NRU,m,0-4,0,2017
NRU,m,5-11,0,2017
NRU,m,12-17,0,2017
NRU,m,18-59,0,2017
NRU,m,60+,0,2017
NZL,f,0-4,0,2017
NZL,f,5-11,0,2017
NZL,f,12-17,0,2017
NZL,f,18-59,0,2017
NZL,f,60+,0,2017
NZL,m,0-4,0,2017
NZL,m,5-11,0,2017
NZL,m,12-17,0,2017
NZL,m,18-59,0,2017
NZL,m,60+,0,2017
NZL,f,0-4,0,2017
NZL,f,5-11,0,2017
NZL,f,12-17,0,2017
NZL,f,18-59,0,2017
NZL,f,60+,0,2017
NZL,m,0-4,0,2017
NZL,m,5-11,0,2017
NZL,m,12-17,0,2017
NZL,m,18-59,0,2017
NZL,m,60+,0,2017
PAK,f,0-4,218,2017
PAK,f,5-11,333,2017
PAK,f,12-17,367,2017
PAK,f,18-59,781,2017
PAK,f,60+,42,2017
PAK,m,0-4,179,2017
PAK,m,5-11,420,2017
PAK,m,12-17,314,2017
PAK,m,18-59,553,2017
PAK,m,60+,34,2017
PAK,f,0-4,94088,2017
PAK,f,5-11,139099,2017
PAK,f,12-17,103744,2017
PAK,f,18-59,285690,2017
PAK,f,60+,23853,2017
PAK,m,0-4,99127,2017
PAK,m,5-11,148633,2017
PAK,m,12-17,111824,2017
PAK,m,18-59,345812,2017
PAK,m,60+,40740,2017
PAN,f,0-4,0,2017
PAN,f,5-11,0,2017
PAN,f,12-17,0,2017
PAN,f,18-59,0,2017
PAN,f,60+,0,2017
PAN,m,0-4,0,2017
PAN,m,5-11,0,2017
PAN,m,12-17,0,2017
PAN,m,18-59,6,2017
PAN,m,60+,0,2017
PAN,f,0-4,0,2017
PAN,f,5-11,0,2017
PAN,f,12-17,0,2017
PAN,f,18-59,0,2017
PAN,f,60+,0,2017
PAN,m,0-4,0,2017
PAN,m,5-11,0,2017
PAN,m,12-17,0,2017
PAN,m,18-59,5,2017
PAN,m,60+,0,2017
PHL,f,0-4,0,2017
PHL,f,5-11,0,2017
PHL,f,12-17,0,2017
PHL,f,18-59,0,2017
PHL,f,60+,0,2017
PHL,m,0-4,0,2017
PHL,m,5-11,5,2017
PHL,m,12-17,0,2017
PHL,m,18-59,0,2017
PHL,m,60+,0,2017
PHL,f,0-4,0,2017
PHL,f,5-11,0,2017
PHL,f,12-17,0,2017
PHL,f,18-59,0,2017
PHL,f,60+,0,2017
PHL,m,0-4,0,2017
PHL,m,5-11,0,2017
PHL,m,12-17,0,2017
PHL,m,18-59,13,2017
PHL,m,60+,0,2017
PNG,f,0-4,0,2017
PNG,f,5-11,0,2017
PNG,f,12-17,0,2017
PNG,f,18-59,0,2017
PNG,f,60+,0,2017
PNG,m,0-4,0,2017
PNG,m,5-11,0,2017
PNG,m,12-17,0,2017
PNG,m,18-59,0,2017
PNG,m,60+,0,2017
POL,f,0-4,0,2017
POL,f,5-11,0,2017
POL,f,12-17,0,2017
POL,f,18-59,0,2017
POL,f,60+,0,2017
POL,m,0-4,0,2017
POL,m,5-11,0,2017
POL,m,12-17,0,2017
POL,m,18-59,0,2017
POL,m,60+,0,2017
POL,f,0-4,0,2017
POL,f,5-11,0,2017
POL,f,12-17,0,2017
POL,f,18-59,0,2017
POL,f,60+,0,2017
POL,m,0-4,0,2017
POL,m,5-11,0,2017
POL,m,12-17,0,2017
POL,m,18-59,0,2017
POL,m,60+,0,2017
PRT,f,0-4,0,2017
PRT,f,5-11,0,2017
PRT,f,12-17,0,2017
PRT,f,18-59,0,2017
PRT,f,60+,0,2017
PRT,m,0-4,0,2017
PRT,m,5-11,0,2017
PRT,m,12-17,0,2017
PRT,m,18-59,0,2017
PRT,m,60+,0,2017
ROU,f,0-4,0,2017
ROU,f,5-11,0,2017
ROU,f,12-17,0,2017
ROU,f,18-59,0,2017
ROU,f,60+,0,2017
ROU,m,0-4,0,2017
ROU,m,5-11,0,2017
ROU,m,12-17,0,2017
ROU,m,18-59,0,2017
ROU,m,60+,0,2017
ROU,f,0-4,5,2017
ROU,f,5-11,5,2017
ROU,f,12-17,5,2017
ROU,f,18-59,15,2017
ROU,f,60+,0,2017
ROU,m,0-4,5,2017
ROU,m,5-11,5,2017
ROU,m,12-17,15,2017
ROU,m,18-59,97,2017
ROU,m,60+,0,2017
RUS,f,0-4,0,2017
RUS,f,5-11,0,2017
RUS,f,12-17,0,2017
RUS,f,18-59,0,2017
RUS,f,60+,0,2017
RUS,m,0-4,0,2017
RUS,m,5-11,0,2017
RUS,m,12-17,0,2017
RUS,m,18-59,0,2017
RUS,m,60+,0,2017
RUS,f,0-4,0,2017
RUS,f,5-11,0,2017
RUS,f,12-17,0,2017
RUS,f,18-59,0,2017
RUS,f,60+,0,2017
RUS,m,0-4,0,2017
RUS,m,5-11,0,2017
RUS,m,12-17,0,2017
RUS,m,18-59,0,2017
RUS,m,60+,0,2017
SDN,f,0-4,0,2017
SDN,f,5-11,0,2017
SDN,f,12-17,8,2017
SDN,f,18-59,0,2017
SDN,f,60+,0,2017
SDN,m,0-4,0,2017
SDN,m,5-11,0,2017
SDN,m,12-17,0,2017
SDN,m,18-59,0,2017
SDN,m,60+,0,2017
SRB,f,0-4,0,2017
SRB,f,5-11,0,2017
SRB,f,12-17,0,2017
SRB,f,18-59,0,2017
SRB,f,60+,0,2017
SRB,m,0-4,0,2017
SRB,m,5-11,0,2017
SRB,m,12-17,0,2017
SRB,m,18-59,0,2017
SRB,m,60+,0,2017
SRB,f,0-4,0,2017
SRB,f,5-11,0,2017
SRB,f,12-17,0,2017
SRB,f,18-59,7,2017
SRB,f,60+,0,2017
SRB,m,0-4,0,2017
SRB,m,5-11,0,2017
SRB,m,12-17,0,2017
SRB,m,18-59,0,2017
SRB,m,60+,0,2017
SVK,f,0-4,0,2017
SVK,f,5-11,0,2017
SVK,f,12-17,0,2017
SVK,f,18-59,0,2017
SVK,f,60+,0,2017
SVK,m,0-4,0,2017
SVK,m,5-11,0,2017
SVK,m,12-17,0,2017
SVK,m,18-59,0,2017
SVK,m,60+,0,2017
SVN,f,0-4,0,2017
SVN,f,5-11,0,2017
SVN,f,12-17,0,2017
SVN,f,18-59,11,2017
SVN,f,60+,0,2017
SVN,m,0-4,0,2017
SVN,m,5-11,0,2017
SVN,m,12-17,6,2017
SVN,m,18-59,24,2017
SVN,m,60+,0,2017
SVN,f,0-4,0,2017
SVN,f,5-11,6,2017
SVN,f,12-17,0,2017
SVN,f,18-59,0,2017
SVN,f,60+,0,2017
SVN,m,0-4,0,2017
SVN,m,5-11,5,2017
SVN,m,12-17,10,2017
SVN,m,18-59,20,2017
SVN,m,60+,0,2017
SWE,f,0-4,0,2017
SWE,f,5-11,0,2017
SWE,f,12-17,0,2017
SWE,f,18-59,0,2017
SWE,f,60+,0,2017
SWE,m,0-4,0,2017
SWE,m,5-11,0,2017
SWE,m,12-17,0,2017
SWE,m,18-59,0,2017
SWE,m,60+,0,2017
SWE,f,0-4,0,2017
SWE,f,5-11,0,2017
SWE,f,12-17,0,2017
SWE,f,18-59,0,2017
SWE,f,60+,0,2017
SWE,m,0-4,0,2017
SWE,m,5-11,0,2017
SWE,m,12-17,0,2017
SWE,m,18-59,0,2017
SWE,m,60+,0,2017
SYR,f,0-4,0,2017
SYR,f,5-11,0,2017
SYR,f,12-17,5,2017
SYR,f,18-59,6,2017
SYR,f,60+,0,2017
SYR,m,0-4,0,2017
SYR,m,5-11,5,2017
SYR,m,12-17,5,2017
SYR,m,18-59,11,2017
SYR,m,60+,0,2017
SYR,f,0-4,60,2017
SYR,f,5-11,80,2017
SYR,f,12-17,82,2017
SYR,f,18-59,356,2017
SYR,f,60+,21,2017
SYR,m,0-4,57,2017
SYR,m,5-11,94,2017
SYR,m,12-17,85,2017
SYR,m,18-59,338,2017
SYR,m,60+,48,2017
THA,f,0-4,0,2017
THA,f,5-11,0,2017
THA,f,12-17,0,2017
THA,f,18-59,0,2017
THA,f,60+,0,2017
THA,m,0-4,0,2017
THA,m,5-11,0,2017
THA,m,12-17,0,2017
THA,m,18-59,5,2017
THA,m,60+,0,2017
THA,f,0-4,5,2017
THA,f,5-11,7,2017
THA,f,12-17,5,2017
THA,f,18-59,15,2017
THA,f,60+,0,2017
THA,m,0-4,5,2017
THA,m,5-11,5,2017
THA,m,12-17,9,2017
THA,m,18-59,37,2017
THA,m,60+,0,2017
TJK,f,0-4,0,2017
TJK,f,5-11,0,2017
TJK,f,12-17,0,2017
TJK,f,18-59,0,2017
TJK,f,60+,0,2017
TJK,m,0-4,0,2017
TJK,m,5-11,0,2017
TJK,m,12-17,0,2017
TJK,m,18-59,0,2017
TJK,m,60+,0,2017
TJK,f,0-4,0,2017
TJK,f,5-11,0,2017
TJK,f,12-17,0,2017
TJK,f,18-59,0,2017
TJK,f,60+,0,2017
TJK,m,0-4,0,2017
TJK,m,5-11,0,2017
TJK,m,12-17,0,2017
TJK,m,18-59,0,2017
TJK,m,60+,0,2017
TKM,f,0-4,0,2017
TKM,f,5-11,0,2017
TKM,f,12-17,0,2017
TKM,f,18-59,6,2017
TKM,f,60+,0,2017
TKM,m,0-4,0,2017
TKM,m,5-11,0,2017
TKM,m,12-17,0,2017
TKM,m,18-59,8,2017
TKM,m,60+,0,2017
TUR,f,0-4,5570,2017
TUR,f,5-11,8513,2017
TUR,f,12-17,5112,2017
TUR,f,18-59,23994,2017
TUR,f,60+,894,2017
TUR,m,0-4,5920,2017
TUR,m,5-11,9893,2017
TUR,m,12-17,8111,2017
TUR,m,18-59,88714,2017
TUR,m,60+,1089,2017
TUR,f,0-4,226,2017
TUR,f,5-11,469,2017
TUR,f,12-17,464,2017
TUR,f,18-59,1522,2017
TUR,f,60+,64,2017
TUR,m,0-4,227,2017
TUR,m,5-11,544,2017
TUR,m,12-17,548,2017
TUR,m,18-59,1472,2017
TUR,m,60+,67,2017
UKR,f,0-4,0,2017
UKR,f,5-11,0,2017
UKR,f,12-17,0,2017
UKR,f,18-59,0,2017
UKR,f,60+,0,2017
UKR,m,0-4,0,2017
UKR,m,5-11,0,2017
UKR,m,12-17,0,2017
UKR,m,18-59,0,2017
UKR,m,60+,0,2017
UKR,f,0-4,0,2017
UKR,f,5-11,0,2017
UKR,f,12-17,0,2017
UKR,f,18-59,0,2017
UKR,f,60+,0,2017
UKR,m,0-4,0,2017
UKR,m,5-11,0,2017
UKR,m,12-17,0,2017
UKR,m,18-59,0,2017
UKR,m,60+,0,2017
USA,f,0-4,0,2017
USA,f,5-11,0,2017
USA,f,12-17,0,2017
USA,f,18-59,0,2017
USA,f,60+,0,2017
USA,m,0-4,0,2017
USA,m,5-11,0,2017
USA,m,12-17,0,2017
USA,m,18-59,0,2017
USA,m,60+,0,2017
USA,f,0-4,0,2017
USA,f,5-11,0,2017
USA,f,12-17,0,2017
USA,f,18-59,0,2017
USA,f,60+,0,2017
USA,m,0-4,0,2017
USA,m,5-11,0,2017
USA,m,12-17,0,2017
USA,m,18-59,0,2017
USA,m,60+,0,2017
UZB,f,0-4,0,2017
UZB,f,5-11,0,2017
UZB,f,12-17,0,2017
UZB,f,18-59,7,2017
UZB,f,60+,0,2017
UZB,m,0-4,0,2017
UZB,m,5-11,0,2017
UZB,m,12-17,0,2017
UZB,m,18-59,13,2017
UZB,m,60+,0,2017
VEN,f,0-4,0,2017
VEN,f,5-11,0,2017
VEN,f,12-17,0,2017
VEN,f,18-59,0,2017
VEN,f,60+,0,2017
VEN,m,0-4,0,2017
VEN,m,5-11,0,2017
VEN,m,12-17,0,2017
VEN,m,18-59,0,2017
VEN,m,60+,0,2017
AFG,f,0-4,54893,2018
AFG,f,5-11,56200,2018
AFG,f,12-17,33477,2018
AFG,f,18-59,105390,2018
AFG,f,60+,8360,2018
AFG,m,0-4,54670,2018
AFG,m,5-11,54230,2018
AFG,m,12-17,31685,2018
AFG,m,18-59,78553,2018
AFG,m,60+,12396,2018
ARE,f,0-4,8,2018
ARE,f,5-11,0,2018
ARE,f,12-17,0,2018
ARE,f,18-59,0,2018
ARE,f,60+,0,2018
ARE,m,0-4,0,2018
ARE,m,5-11,0,2018
ARE,m,12-17,0,2018
ARE,m,18-59,12,2018
ARE,m,60+,0,2018
ARE,f,0-4,0,2018
ARE,f,5-11,0,2018
ARE,f,12-17,5,2018
ARE,f,18-59,0,2018
ARE,f,60+,0,2018
ARE,m,0-4,0,2018
ARE,m,5-11,0,2018
ARE,m,12-17,0,2018
ARE,m,18-59,0,2018
ARE,m,60+,0,2018
ARG,f,0-4,0,2018
ARG,f,5-11,0,2018
ARG,f,12-17,0,2018
ARG,f,18-59,0,2018
ARG,f,60+,0,2018
ARG,m,0-4,0,2018
ARG,m,5-11,0,2018
ARG,m,12-17,0,2018
ARG,m,18-59,8,2018
ARG,m,60+,0,2018
ARG,f,0-4,0,2018
ARG,f,5-11,0,2018
ARG,f,12-17,0,2018
ARG,f,18-59,0,2018
ARG,f,60+,0,2018
ARG,m,0-4,0,2018
ARG,m,5-11,0,2018
ARG,m,12-17,5,2018
ARG,m,18-59,0,2018
ARG,m,60+,0,2018
ARM,f,0-4,0,2018
ARM,f,5-11,0,2018
ARM,f,12-17,0,2018
ARM,f,18-59,5,2018
ARM,f,60+,0,2018
ARM,m,0-4,5,2018
ARM,m,5-11,0,2018
ARM,m,12-17,0,2018
ARM,m,18-59,6,2018
ARM,m,60+,0,2018
AUS,f,0-4,0,2018
AUS,f,5-11,0,2018
AUS,f,12-17,0,2018
AUS,f,18-59,0,2018
AUS,f,60+,0,2018
AUS,m,0-4,0,2018
AUS,m,5-11,0,2018
AUS,m,12-17,0,2018
AUS,m,18-59,0,2018
AUS,m,60+,0,2018
AUS,f,0-4,0,2018
AUS,f,5-11,0,2018
AUS,f,12-17,0,2018
AUS,f,18-59,0,2018
AUS,f,60+,0,2018
AUS,m,0-4,0,2018
AUS,m,5-11,0,2018
AUS,m,12-17,0,2018
AUS,m,18-59,0,2018
AUS,m,60+,0,2018
AUT,f,0-4,0,2018
AUT,f,5-11,0,2018
AUT,f,12-17,0,2018
AUT,f,18-59,0,2018
AUT,f,60+,0,2018
AUT,m,0-4,0,2018
AUT,m,5-11,0,2018
AUT,m,12-17,0,2018
AUT,m,18-59,0,2018
AUT,m,60+,0,2018
AUT,f,0-4,0,2018
AUT,f,5-11,0,2018
AUT,f,12-17,0,2018
AUT,f,18-59,0,2018
AUT,f,60+,0,2018
AUT,m,0-4,0,2018
AUT,m,5-11,0,2018
AUT,m,12-17,0,2018
AUT,m,18-59,0,2018
AUT,m,60+,0,2018
AZE,f,0-4,0,2018
AZE,f,5-11,0,2018
AZE,f,12-17,0,2018
AZE,f,18-59,0,2018
AZE,f,60+,0,2018
AZE,m,0-4,0,2018
AZE,m,5-11,0,2018
AZE,m,12-17,0,2018
AZE,m,18-59,0,2018
AZE,m,60+,0,2018
AZE,f,0-4,26,2018
AZE,f,5-11,31,2018
AZE,f,12-17,29,2018
AZE,f,18-59,140,2018
AZE,f,60+,5,2018
AZE,m,0-4,29,2018
AZE,m,5-11,47,2018
AZE,m,12-17,29,2018
AZE,m,18-59,285,2018
AZE,m,60+,15,2018
BEL,f,0-4,0,2018
BEL,f,5-11,0,2018
BEL,f,12-17,0,2018
BEL,f,18-59,0,2018
BEL,f,60+,0,2018
BEL,m,0-4,0,2018
BEL,m,5-11,0,2018
BEL,m,12-17,0,2018
BEL,m,18-59,0,2018
BEL,m,60+,0,2018
BEL,f,0-4,0,2018
BEL,f,5-11,0,2018
BEL,f,12-17,0,2018
BEL,f,18-59,0,2018
BEL,f,60+,0,2018
BEL,m,0-4,0,2018
BEL,m,5-11,0,2018
BEL,m,12-17,0,2018
BEL,m,18-59,0,2018
BEL,m,60+,0,2018
BGR,f,0-4,0,2018
BGR,f,5-11,0,2018
BGR,f,12-17,0,2018
BGR,f,18-59,0,2018
BGR,f,60+,0,2018
BGR,m,0-4,0,2018
BGR,m,5-11,0,2018
BGR,m,12-17,0,2018
BGR,m,18-59,0,2018
BGR,m,60+,0,2018
BGR,f,0-4,0,2018
BGR,f,5-11,0,2018
BGR,f,12-17,0,2018
BGR,f,18-59,0,2018
BGR,f,60+,0,2018
BGR,m,0-4,0,2018
BGR,m,5-11,0,2018
BGR,m,12-17,0,2018
BGR,m,18-59,0,2018
BGR,m,60+,0,2018
BIH,f,0-4,22,2018
BIH,f,5-11,22,2018
BIH,f,12-17,5,2018
BIH,f,18-59,49,2018
BIH,f,60+,0,2018
BIH,m,0-4,18,2018
BIH,m,5-11,25,2018
BIH,m,12-17,14,2018
BIH,m,18-59,86,2018
BIH,m,60+,5,2018
BLR,f,0-4,6,2018
BLR,f,5-11,0,2018
BLR,f,12-17,0,2018
BLR,f,18-59,7,2018
BLR,f,60+,0,2018
BLR,m,0-4,0,2018
BLR,m,5-11,13,2018
BLR,m,12-17,0,2018
BLR,m,18-59,5,2018
BLR,m,60+,0,2018
BLR,f,0-4,0,2018
BLR,f,5-11,0,2018
BLR,f,12-17,0,2018
BLR,f,18-59,0,2018
BLR,f,60+,0,2018
BLR,m,0-4,0,2018
BLR,m,5-11,0,2018
BLR,m,12-17,0,2018
BLR,m,18-59,0,2018
BLR,m,60+,0,2018
BRA,f,0-4,0,2018
BRA,f,5-11,0,2018
BRA,f,12-17,0,2018
BRA,f,18-59,0,2018
BRA,f,60+,0,2018
BRA,m,0-4,0,2018
BRA,m,5-11,0,2018
BRA,m,12-17,0,2018
BRA,m,18-59,0,2018
BRA,m,60+,0,2018
BRA,f,0-4,0,2018
BRA,f,5-11,0,2018
BRA,f,12-17,0,2018
BRA,f,18-59,0,2018
BRA,f,60+,0,2018
BRA,m,0-4,0,2018
BRA,m,5-11,0,2018
BRA,m,12-17,0,2018
BRA,m,18-59,0,2018
BRA,m,60+,0,2018
CAN,f,0-4,0,2018
CAN,f,5-11,0,2018
CAN,f,12-17,0,2018
CAN,f,18-59,0,2018
CAN,f,60+,0,2018
CAN,m,0-4,0,2018
CAN,m,5-11,0,2018
CAN,m,12-17,0,2018
CAN,m,18-59,0,2018
CAN,m,60+,0,2018
CAN,f,0-4,120,2018
CAN,f,5-11,270,2018
CAN,f,12-17,250,2018
CAN,f,18-59,1120,2018
CAN,f,60+,89,2018
CAN,m,0-4,131,2018
CAN,m,5-11,280,2018
CAN,m,12-17,247,2018
CAN,m,18-59,1017,2018
CAN,m,60+,79,2018
CHE,f,0-4,85,2018
CHE,f,5-11,94,2018
CHE,f,12-17,53,2018
CHE,f,18-59,328,2018
CHE,f,60+,17,2018
CHE,m,0-4,97,2018
CHE,m,5-11,103,2018
CHE,m,12-17,92,2018
CHE,m,18-59,906,2018
CHE,m,60+,18,2018
CHE,f,0-4,321,2018
CHE,f,5-11,463,2018
CHE,f,12-17,348,2018
CHE,f,18-59,1352,2018
CHE,f,60+,83,2018
CHE,m,0-4,357,2018
CHE,m,5-11,528,2018
CHE,m,12-17,772,2018
CHE,m,18-59,5742,2018
CHE,m,60+,87,2018
CHL,f,0-4,0,2018
CHL,f,5-11,0,2018
CHL,f,12-17,0,2018
CHL,f,18-59,0,2018
CHL,f,60+,0,2018
CHL,m,0-4,0,2018
CHL,m,5-11,0,2018
CHL,m,12-17,0,2018
CHL,m,18-59,0,2018
CHL,m,60+,0,2018
CHL,f,0-4,0,2018
CHL,f,5-11,0,2018
CHL,f,12-17,0,2018
CHL,f,18-59,0,2018
CHL,f,60+,0,2018
CHL,m,0-4,0,2018
CHL,m,5-11,0,2018
CHL,m,12-17,0,2018
CHL,m,18-59,0,2018
CHL,m,60+,0,2018
CHN,f,0-4,0,2018
CHN,f,5-11,0,2018
CHN,f,12-17,0,2018
CHN,f,18-59,0,2018
CHN,f,60+,0,2018
CHN,m,0-4,0,2018
CHN,m,5-11,0,2018
CHN,m,12-17,0,2018
CHN,m,18-59,0,2018
CHN,m,60+,0,2018
CHN,f,0-4,0,2018
CHN,f,5-11,0,2018
CHN,f,12-17,0,2018
CHN,f,18-59,0,2018
CHN,f,60+,0,2018
CHN,m,0-4,0,2018
CHN,m,5-11,0,2018
CHN,m,12-17,0,2018
CHN,m,18-59,0,2018
CHN,m,60+,0,2018
COL,f,0-4,0,2018
COL,f,5-11,0,2018
COL,f,12-17,0,2018
COL,f,18-59,0,2018
COL,f,60+,0,2018
COL,m,0-4,0,2018
COL,m,5-11,0,2018
COL,m,12-17,0,2018
COL,m,18-59,9,2018
COL,m,60+,0,2018
CUB,f,0-4,0,2018
CUB,f,5-11,5,2018
CUB,f,12-17,0,2018
CUB,f,18-59,7,2018
CUB,f,60+,0,2018
CUB,m,0-4,0,2018
CUB,m,5-11,0,2018
CUB,m,12-17,5,2018
CUB,m,18-59,25,2018
CUB,m,60+,0,2018
CYP,f,0-4,0,2018
CYP,f,5-11,0,2018
CYP,f,12-17,0,2018
CYP,f,18-59,0,2018
CYP,f,60+,0,2018
CYP,m,0-4,0,2018
CYP,m,5-11,0,2018
CYP,m,12-17,0,2018
CYP,m,18-59,0,2018
CYP,m,60+,0,2018
CYP,f,0-4,0,2018
CYP,f,5-11,0,2018
CYP,f,12-17,0,2018
CYP,f,18-59,0,2018
CYP,f,60+,0,2018
CYP,m,0-4,0,2018
CYP,m,5-11,0,2018
CYP,m,12-17,0,2018
CYP,m,18-59,0,2018
CYP,m,60+,0,2018
CZE,f,0-4,0,2018
CZE,f,5-11,0,2018
CZE,f,12-17,0,2018
CZE,f,18-59,0,2018
CZE,f,60+,0,2018
CZE,m,0-4,0,2018
CZE,m,5-11,0,2018
CZE,m,12-17,0,2018
CZE,m,18-59,0,2018
CZE,m,60+,0,2018
CZE,f,0-4,0,2018
CZE,f,5-11,0,2018
CZE,f,12-17,0,2018
CZE,f,18-59,0,2018
CZE,f,60+,0,2018
CZE,m,0-4,0,2018
CZE,m,5-11,0,2018
CZE,m,12-17,0,2018
CZE,m,18-59,0,2018
CZE,m,60+,0,2018
DEU,f,0-4,2327,2018
DEU,f,5-11,1521,2018
DEU,f,12-17,2452,2018
DEU,f,18-59,6691,2018
DEU,f,60+,423,2018
DEU,m,0-4,2407,2018
DEU,m,5-11,2857,2018
DEU,m,12-17,3390,2018
DEU,m,18-59,43412,2018
DEU,m,60+,358,2018
DEU,f,0-4,5834,2018
DEU,f,5-11,9268,2018
DEU,f,12-17,6266,2018
DEU,f,18-59,27840,2018
DEU,f,60+,3342,2018
DEU,m,0-4,6168,2018
DEU,m,5-11,10450,2018
DEU,m,12-17,9287,2018
DEU,m,18-59,44747,2018
DEU,m,60+,2816,2018
DNK,f,0-4,0,2018
DNK,f,5-11,0,2018
DNK,f,12-17,0,2018
DNK,f,18-59,0,2018
DNK,f,60+,0,2018
DNK,m,0-4,0,2018
DNK,m,5-11,0,2018
DNK,m,12-17,0,2018
DNK,m,18-59,0,2018
DNK,m,60+,0,2018
DNK,f,0-4,0,2018
DNK,f,5-11,0,2018
DNK,f,12-17,0,2018
DNK,f,18-59,0,2018
DNK,f,60+,0,2018
DNK,m,0-4,0,2018
DNK,m,5-11,0,2018
DNK,m,12-17,0,2018
DNK,m,18-59,0,2018
DNK,m,60+,0,2018
DOM,f,0-4,0,2018
DOM,f,5-11,5,2018
DOM,f,12-17,0,2018
DOM,f,18-59,0,2018
DOM,f,60+,0,2018
DOM,m,0-4,0,2018
DOM,m,5-11,0,2018
DOM,m,12-17,0,2018
DOM,m,18-59,0,2018
DOM,m,60+,0,2018
ECU,f,0-4,0,2018
ECU,f,5-11,0,2018
ECU,f,12-17,0,2018
ECU,f,18-59,0,2018
ECU,f,60+,0,2018
ECU,m,0-4,0,2018
ECU,m,5-11,0,2018
ECU,m,12-17,0,2018
ECU,m,18-59,0,2018
ECU,m,60+,0,2018
ECU,f,0-4,0,2018
ECU,f,5-11,7,2018
ECU,f,12-17,0,2018
ECU,f,18-59,19,2018
ECU,f,60+,0,2018
ECU,m,0-4,0,2018
ECU,m,5-11,0,2018
ECU,m,12-17,8,2018
ECU,m,18-59,15,2018
ECU,m,60+,5,2018
EGY,f,0-4,0,2018
EGY,f,5-11,5,2018
EGY,f,12-17,0,2018
EGY,f,18-59,5,2018
EGY,f,60+,0,2018
EGY,m,0-4,0,2018
EGY,m,5-11,7,2018
EGY,m,12-17,6,2018
EGY,m,18-59,0,2018
EGY,m,60+,0,2018
EGY,f,0-4,0,2018
EGY,f,5-11,5,2018
EGY,f,12-17,0,2018
EGY,f,18-59,6,2018
EGY,f,60+,0,2018
EGY,m,0-4,0,2018
EGY,m,5-11,0,2018
EGY,m,12-17,0,2018
EGY,m,18-59,9,2018
EGY,m,60+,0,2018
ESP,f,0-4,0,2018
ESP,f,5-11,0,2018
ESP,f,12-17,0,2018
ESP,f,18-59,0,2018
ESP,f,60+,0,2018
ESP,m,0-4,0,2018
ESP,m,5-11,0,2018
ESP,m,12-17,0,2018
ESP,m,18-59,0,2018
ESP,m,60+,0,2018
ESP,f,0-4,0,2018
ESP,f,5-11,0,2018
ESP,f,12-17,0,2018
ESP,f,18-59,0,2018
ESP,f,60+,0,2018
ESP,m,0-4,0,2018
ESP,m,5-11,0,2018
ESP,m,12-17,0,2018
ESP,m,18-59,0,2018
ESP,m,60+,0,2018
EST,f,0-4,0,2018
EST,f,5-11,0,2018
EST,f,12-17,0,2018
EST,f,18-59,0,2018
EST,f,60+,0,2018
EST,m,0-4,0,2018
EST,m,5-11,0,2018
EST,m,12-17,0,2018
EST,m,18-59,0,2018
EST,m,60+,0,2018
FIN,f,0-4,0,2018
FIN,f,5-11,0,2018
FIN,f,12-17,0,2018
FIN,f,18-59,0,2018
FIN,f,60+,0,2018
FIN,m,0-4,0,2018
FIN,m,5-11,0,2018
FIN,m,12-17,0,2018
FIN,m,18-59,0,2018
FIN,m,60+,0,2018
FIN,f,0-4,0,2018
FIN,f,5-11,0,2018
FIN,f,12-17,0,2018
FIN,f,18-59,0,2018
FIN,f,60+,0,2018
FIN,m,0-4,0,2018
FIN,m,5-11,0,2018
FIN,m,12-17,0,2018
FIN,m,18-59,0,2018
FIN,m,60+,0,2018
FJI,f,0-4,0,2018
FJI,f,5-11,7,2018
FJI,f,12-17,0,2018
FJI,f,18-59,0,2018
FJI,f,60+,0,2018
FJI,m,0-4,0,2018
FJI,m,5-11,0,2018
FJI,m,12-17,0,2018
FJI,m,18-59,0,2018
FJI,m,60+,0,2018
FRA,f,0-4,0,2018
FRA,f,5-11,0,2018
FRA,f,12-17,0,2018
FRA,f,18-59,0,2018
FRA,f,60+,0,2018
FRA,m,0-4,0,2018
FRA,m,5-11,0,2018
FRA,m,12-17,0,2018
FRA,m,18-59,0,2018
FRA,m,60+,0,2018
FRA,f,0-4,0,2018
FRA,f,5-11,0,2018
FRA,f,12-17,0,2018
FRA,f,18-59,0,2018
FRA,f,60+,0,2018
FRA,m,0-4,0,2018
FRA,m,5-11,0,2018
FRA,m,12-17,0,2018
FRA,m,18-59,0,2018
FRA,m,60+,0,2018
GBR,f,0-4,0,2018
GBR,f,5-11,0,2018
GBR,f,12-17,0,2018
GBR,f,18-59,0,2018
GBR,f,60+,0,2018
GBR,m,0-4,0,2018
GBR,m,5-11,0,2018
GBR,m,12-17,0,2018
GBR,m,18-59,0,2018
GBR,m,60+,0,2018
GBR,f,0-4,0,2018
GBR,f,5-11,0,2018
GBR,f,12-17,0,2018
GBR,f,18-59,0,2018
GBR,f,60+,0,2018
GBR,m,0-4,0,2018
GBR,m,5-11,0,2018
GBR,m,12-17,0,2018
GBR,m,18-59,0,2018
GBR,m,60+,0,2018
GEO,f,0-4,0,2018
GEO,f,5-11,0,2018
GEO,f,12-17,7,2018
GEO,f,18-59,13,2018
GEO,f,60+,0,2018
GEO,m,0-4,0,2018
GEO,m,5-11,7,2018
GEO,m,12-17,5,2018
GEO,m,18-59,5,2018
GEO,m,60+,0,2018
GEO,f,0-4,0,2018
GEO,f,5-11,0,2018
GEO,f,12-17,0,2018
GEO,f,18-59,0,2018
GEO,f,60+,0,2018
GEO,m,0-4,0,2018
GEO,m,5-11,0,2018
GEO,m,12-17,5,2018
GEO,m,18-59,0,2018
GEO,m,60+,0,2018
GRC,f,0-4,0,2018
GRC,f,5-11,0,2018
GRC,f,12-17,0,2018
GRC,f,18-59,0,2018
GRC,f,60+,0,2018
GRC,m,0-4,0,2018
GRC,m,5-11,0,2018
GRC,m,12-17,0,2018
GRC,m,18-59,0,2018
GRC,m,60+,0,2018
GRC,f,0-4,0,2018
GRC,f,5-11,0,2018
GRC,f,12-17,0,2018
GRC,f,18-59,0,2018
GRC,f,60+,0,2018
GRC,m,0-4,0,2018
GRC,m,5-11,0,2018
GRC,m,12-17,0,2018
GRC,m,18-59,0,2018
GRC,m,60+,0,2018
HRV,f,0-4,0,2018
HRV,f,5-11,0,2018
HRV,f,12-17,0,2018
HRV,f,18-59,5,2018
HRV,f,60+,0,2018
HRV,m,0-4,0,2018
HRV,m,5-11,5,2018
HRV,m,12-17,0,2018
HRV,m,18-59,11,2018
HRV,m,60+,0,2018
HRV,f,0-4,0,2018
HRV,f,5-11,0,2018
HRV,f,12-17,6,2018
HRV,f,18-59,16,2018
HRV,f,60+,0,2018
HRV,m,0-4,0,2018
HRV,m,5-11,0,2018
HRV,m,12-17,6,2018
HRV,m,18-59,25,2018
HRV,m,60+,0,2018
HUN,f,0-4,0,2018
HUN,f,5-11,0,2018
HUN,f,12-17,0,2018
HUN,f,18-59,0,2018
HUN,f,60+,0,2018
HUN,m,0-4,0,2018
HUN,m,5-11,0,2018
HUN,m,12-17,0,2018
HUN,m,18-59,0,2018
HUN,m,60+,0,2018
HUN,f,0-4,0,2018
HUN,f,5-11,0,2018
HUN,f,12-17,0,2018
HUN,f,18-59,0,2018
HUN,f,60+,0,2018
HUN,m,0-4,0,2018
HUN,m,5-11,0,2018
HUN,m,12-17,0,2018
HUN,m,18-59,0,2018
HUN,m,60+,0,2018
IDN,f,0-4,83,2018
IDN,f,5-11,133,2018
IDN,f,12-17,97,2018
IDN,f,18-59,412,2018
IDN,f,60+,31,2018
IDN,m,0-4,95,2018
IDN,m,5-11,160,2018
IDN,m,12-17,199,2018
IDN,m,18-59,411,2018
IDN,m,60+,14,2018
IDN,f,0-4,173,2018
IDN,f,5-11,218,2018
IDN,f,12-17,132,2018
IDN,f,18-59,666,2018
IDN,f,60+,31,2018
IDN,m,0-4,217,2018
IDN,m,5-11,230,2018
IDN,m,12-17,210,2018
IDN,m,18-59,4181,2018
IDN,m,60+,40,2018
IND,f,0-4,360,2018
IND,f,5-11,639,2018
IND,f,12-17,552,2018
IND,f,18-59,2176,2018
IND,f,60+,141,2018
IND,m,0-4,405,2018
IND,m,5-11,701,2018
IND,m,12-17,569,2018
IND,m,18-59,2165,2018
IND,m,60+,156,2018
IND,f,0-4,185,2018
IND,f,5-11,457,2018
IND,f,12-17,471,2018
IND,f,18-59,2202,2018
IND,f,60+,220,2018
IND,m,0-4,207,2018
IND,m,5-11,523,2018
IND,m,12-17,503,2018
IND,m,18-59,1975,2018
IND,m,60+,241,2018
IRL,f,0-4,0,2018
IRL,f,5-11,0,2018
IRL,f,12-17,6,2018
IRL,f,18-59,11,2018
IRL,f,60+,0,2018
IRL,m,0-4,0,2018
IRL,m,5-11,5,2018
IRL,m,12-17,13,2018
IRL,m,18-59,113,2018
IRL,m,60+,0,2018
IRL,f,0-4,0,2018
IRL,f,5-11,0,2018
IRL,f,12-17,0,2018
IRL,f,18-59,13,2018
IRL,f,60+,0,2018
IRL,m,0-4,0,2018
IRL,m,5-11,0,2018
IRL,m,12-17,7,2018
IRL,m,18-59,269,2018
IRL,m,60+,0,2018
IRN,f,0-4,1811,2018
IRN,f,5-11,2504,2018
IRN,f,12-17,2750,2018
IRN,f,18-59,6195,2018
IRN,f,60+,626,2018
IRN,m,0-4,1920,2018
IRN,m,5-11,2524,2018
IRN,m,12-17,2865,2018
IRN,m,18-59,6794,2018
IRN,m,60+,897,2018
IRQ,f,0-4,0,2018
IRQ,f,5-11,5,2018
IRQ,f,12-17,12,2018
IRQ,f,18-59,13,2018
IRQ,f,60+,6,2018
IRQ,m,0-4,0,2018
IRQ,m,5-11,6,2018
IRQ,m,12-17,10,2018
IRQ,m,18-59,9,2018
IRQ,m,60+,5,2018
IRQ,f,0-4,0,2018
IRQ,f,5-11,6,2018
IRQ,f,12-17,0,2018
IRQ,f,18-59,0,2018
IRQ,f,60+,0,2018
IRQ,m,0-4,0,2018
IRQ,m,5-11,0,2018
IRQ,m,12-17,0,2018
IRQ,m,18-59,6,2018
IRQ,m,60+,0,2018
ISL,f,0-4,0,2018
ISL,f,5-11,0,2018
ISL,f,12-17,0,2018
ISL,f,18-59,0,2018
ISL,f,60+,0,2018
ISL,m,0-4,0,2018
ISL,m,5-11,0,2018
ISL,m,12-17,0,2018
ISL,m,18-59,0,2018
ISL,m,60+,0,2018
ISL,f,0-4,0,2018
ISL,f,5-11,0,2018
ISL,f,12-17,0,2018
ISL,f,18-59,0,2018
ISL,f,60+,0,2018
ISL,m,0-4,0,2018
ISL,m,5-11,0,2018
ISL,m,12-17,0,2018
ISL,m,18-59,0,2018
ISL,m,60+,0,2018
ITA,f,0-4,0,2018
ITA,f,5-11,0,2018
ITA,f,12-17,0,2018
ITA,f,18-59,0,2018
ITA,f,60+,0,2018
ITA,m,0-4,0,2018
ITA,m,5-11,0,2018
ITA,m,12-17,0,2018
ITA,m,18-59,0,2018
ITA,m,60+,0,2018
ITA,f,0-4,0,2018
ITA,f,5-11,0,2018
ITA,f,12-17,0,2018
ITA,f,18-59,0,2018
ITA,f,60+,0,2018
ITA,m,0-4,0,2018
ITA,m,5-11,0,2018
ITA,m,12-17,0,2018
ITA,m,18-59,0,2018
ITA,m,60+,0,2018
JOR,f,0-4,0,2018
JOR,f,5-11,0,2018
JOR,f,12-17,0,2018
JOR,f,18-59,0,2018
JOR,f,60+,0,2018
JOR,m,0-4,0,2018
JOR,m,5-11,0,2018
JOR,m,12-17,0,2018
JOR,m,18-59,10,2018
JOR,m,60+,0,2018
JOR,f,0-4,0,2018
JOR,f,5-11,0,2018
JOR,f,12-17,0,2018
JOR,f,18-59,0,2018
JOR,f,60+,0,2018
JOR,m,0-4,0,2018
JOR,m,5-11,0,2018
JOR,m,12-17,0,2018
JOR,m,18-59,8,2018
JOR,m,60+,0,2018
JPN,f,0-4,0,2018
JPN,f,5-11,0,2018
JPN,f,12-17,0,2018
JPN,f,18-59,0,2018
JPN,f,60+,0,2018
JPN,m,0-4,0,2018
JPN,m,5-11,0,2018
JPN,m,12-17,0,2018
JPN,m,18-59,0,2018
JPN,m,60+,0,2018
KAZ,f,0-4,11,2018
KAZ,f,5-11,10,2018
KAZ,f,12-17,7,2018
KAZ,f,18-59,42,2018
KAZ,f,60+,0,2018
KAZ,m,0-4,6,2018
KAZ,m,5-11,12,2018
KAZ,m,12-17,6,2018
KAZ,m,18-59,65,2018
KAZ,m,60+,5,2018
KAZ,f,0-4,18,2018
KAZ,f,5-11,29,2018
KAZ,f,12-17,39,2018
KAZ,f,18-59,164,2018
KAZ,f,60+,11,2018
KAZ,m,0-4,16,2018
KAZ,m,5-11,47,2018
KAZ,m,12-17,35,2018
KAZ,m,18-59,165,2018
KAZ,m,60+,14,2018
KEN,f,0-4,0,2018
KEN,f,5-11,0,2018
KEN,f,12-17,0,2018
KEN,f,18-59,0,2018
KEN,f,60+,0,2018
KEN,m,0-4,0,2018
KEN,m,5-11,0,2018
KEN,m,12-17,0,2018
KEN,m,18-59,10,2018
KEN,m,60+,0,2018
KEN,f,0-4,0,2018
KEN,f,5-11,0,2018
KEN,f,12-17,0,2018
KEN,f,18-59,0,2018
KEN,f,60+,0,2018
KEN,m,0-4,0,2018
KEN,m,5-11,0,2018
KEN,m,12-17,8,2018
KEN,m,18-59,0,2018
KEN,m,60+,0,2018
KGZ,f,0-4,0,2018
KGZ,f,5-11,7,2018
KGZ,f,12-17,0,2018
KGZ,f,18-59,6,2018
KGZ,f,60+,0,2018
KGZ,m,0-4,0,2018
KGZ,m,5-11,5,2018
KGZ,m,12-17,0,2018
KGZ,m,18-59,16,2018
KGZ,m,60+,0,2018
KGZ,f,0-4,12,2018
KGZ,f,5-11,11,2018
KGZ,f,12-17,11,2018
KGZ,f,18-59,60,2018
KGZ,f,60+,5,2018
KGZ,m,0-4,16,2018
KGZ,m,5-11,15,2018
KGZ,m,12-17,17,2018
KGZ,m,18-59,76,2018
KGZ,m,60+,0,2018
KOR,f,0-4,0,2018
KOR,f,5-11,0,2018
KOR,f,12-17,0,2018
KOR,f,18-59,0,2018
KOR,f,60+,0,2018
KOR,m,0-4,0,2018
KOR,m,5-11,0,2018
KOR,m,12-17,0,2018
KOR,m,18-59,25,2018
KOR,m,60+,0,2018
KOR,f,0-4,0,2018
KOR,f,5-11,0,2018
KOR,f,12-17,12,2018
KOR,f,18-59,0,2018
KOR,f,60+,0,2018
KOR,m,0-4,0,2018
KOR,m,5-11,5,2018
KOR,m,12-17,5,2018
KOR,m,18-59,16,2018
KOR,m,60+,0,2018
LBN,f,0-4,0,2018
LBN,f,5-11,0,2018
LBN,f,12-17,0,2018
LBN,f,18-59,0,2018
LBN,f,60+,0,2018
LBN,m,0-4,0,2018
LBN,m,5-11,0,2018
LBN,m,12-17,0,2018
LBN,m,18-59,6,2018
LBN,m,60+,0,2018
LBN,f,0-4,0,2018
LBN,f,5-11,0,2018
LBN,f,12-17,0,2018
LBN,f,18-59,5,2018
LBN,f,60+,0,2018
LBN,m,0-4,0,2018
LBN,m,5-11,5,2018
LBN,m,12-17,0,2018
LBN,m,18-59,0,2018
LBN,m,60+,7,2018
LBY,f,0-4,0,2018
LBY,f,5-11,0,2018
LBY,f,12-17,0,2018
LBY,f,18-59,5,2018
LBY,f,60+,0,2018
LBY,m,0-4,0,2018
LBY,m,5-11,0,2018
LBY,m,12-17,0,2018
LBY,m,18-59,6,2018
LBY,m,60+,0,2018
LIE,f,0-4,0,2018
LIE,f,5-11,0,2018
LIE,f,12-17,0,2018
LIE,f,18-59,0,2018
LIE,f,60+,0,2018
LIE,m,0-4,0,2018
LIE,m,5-11,0,2018
LIE,m,12-17,0,2018
LIE,m,18-59,0,2018
LIE,m,60+,0,2018
LKA,f,0-4,5,2018
LKA,f,5-11,0,2018
LKA,f,12-17,0,2018
LKA,f,18-59,7,2018
LKA,f,60+,0,2018
LKA,m,0-4,0,2018
LKA,m,5-11,12,2018
LKA,m,12-17,0,2018
LKA,m,18-59,10,2018
LKA,m,60+,0,2018
LKA,f,0-4,8,2018
LKA,f,5-11,7,2018
LKA,f,12-17,12,2018
LKA,f,18-59,31,2018
LKA,f,60+,0,2018
LKA,m,0-4,7,2018
LKA,m,5-11,21,2018
LKA,m,12-17,0,2018
LKA,m,18-59,60,2018
LKA,m,60+,0,2018
LTU,f,0-4,0,2018
LTU,f,5-11,0,2018
LTU,f,12-17,0,2018
LTU,f,18-59,0,2018
LTU,f,60+,0,2018
LTU,m,0-4,0,2018
LTU,m,5-11,0,2018
LTU,m,12-17,0,2018
LTU,m,18-59,0,2018
LTU,m,60+,0,2018
LTU,f,0-4,0,2018
LTU,f,5-11,0,2018
LTU,f,12-17,0,2018
LTU,f,18-59,0,2018
LTU,f,60+,0,2018
LTU,m,0-4,0,2018
LTU,m,5-11,0,2018
LTU,m,12-17,0,2018
LTU,m,18-59,0,2018
LTU,m,60+,0,2018
LUX,f,0-4,0,2018
LUX,f,5-11,0,2018
LUX,f,12-17,0,2018
LUX,f,18-59,0,2018
LUX,f,60+,0,2018
LUX,m,0-4,0,2018
LUX,m,5-11,0,2018
LUX,m,12-17,0,2018
LUX,m,18-59,0,2018
LUX,m,60+,0,2018
LUX,f,0-4,0,2018
LUX,f,5-11,0,2018
LUX,f,12-17,0,2018
LUX,f,18-59,0,2018
LUX,f,60+,0,2018
LUX,m,0-4,0,2018
LUX,m,5-11,0,2018
LUX,m,12-17,0,2018
LUX,m,18-59,0,2018
LUX,m,60+,0,2018
LVA,f,0-4,0,2018
LVA,f,5-11,0,2018
LVA,f,12-17,0,2018
LVA,f,18-59,0,2018
LVA,f,60+,0,2018
LVA,m,0-4,0,2018
LVA,m,5-11,0,2018
LVA,m,12-17,0,2018
LVA,m,18-59,0,2018
LVA,m,60+,0,2018
MAR,f,0-4,0,2018
MAR,f,5-11,0,2018
MAR,f,12-17,0,2018
MAR,f,18-59,0,2018
MAR,f,60+,0,2018
MAR,m,0-4,0,2018
MAR,m,5-11,0,2018
MAR,m,12-17,0,2018
MAR,m,18-59,5,2018
MAR,m,60+,0,2018
MAR,f,0-4,0,2018
MAR,f,5-11,0,2018
MAR,f,12-17,0,2018
MAR,f,18-59,0,2018
MAR,f,60+,0,2018
MAR,m,0-4,0,2018
MAR,m,5-11,0,2018
MAR,m,12-17,0,2018
MAR,m,18-59,5,2018
MAR,m,60+,0,2018
MDA,f,0-4,0,2018
MDA,f,5-11,0,2018
MDA,f,12-17,0,2018
MDA,f,18-59,0,2018
MDA,f,60+,0,2018
MDA,m,0-4,0,2018
MDA,m,5-11,0,2018
MDA,m,12-17,6,2018
MDA,m,18-59,0,2018
MDA,m,60+,0,2018
MDA,f,0-4,0,2018
MDA,f,5-11,0,2018
MDA,f,12-17,0,2018
MDA,f,18-59,5,2018
MDA,f,60+,0,2018
MDA,m,0-4,0,2018
MDA,m,5-11,5,2018
MDA,m,12-17,0,2018
MDA,m,18-59,8,2018
MDA,m,60+,0,2018
MDG,f,0-4,0,2018
MDG,f,5-11,0,2018
MDG,f,12-17,0,2018
MDG,f,18-59,0,2018
MDG,f,60+,0,2018
MDG,m,0-4,0,2018
MDG,m,5-11,0,2018
MDG,m,12-17,0,2018
MDG,m,18-59,5,2018
MDG,m,60+,0,2018
MKD,f,0-4,0,2018
MKD,f,5-11,5,2018
MKD,f,12-17,0,2018
MKD,f,18-59,0,2018
MKD,f,60+,0,2018
MKD,m,0-4,0,2018
MKD,m,5-11,0,2018
MKD,m,12-17,0,2018
MKD,m,18-59,0,2018
MKD,m,60+,0,2018
MLT,f,0-4,0,2018
MLT,f,5-11,0,2018
MLT,f,12-17,0,2018
MLT,f,18-59,0,2018
MLT,f,60+,0,2018
MLT,m,0-4,0,2018
MLT,m,5-11,0,2018
MLT,m,12-17,0,2018
MLT,m,18-59,0,2018
MLT,m,60+,0,2018
MNG,f,0-4,0,2018
MNG,f,5-11,0,2018
MNG,f,12-17,0,2018
MNG,f,18-59,0,2018
MNG,f,60+,0,2018
MNG,m,0-4,0,2018
MNG,m,5-11,0,2018
MNG,m,12-17,0,2018
MNG,m,18-59,5,2018
MNG,m,60+,0,2018
MRT,f,0-4,0,2018
MRT,f,5-11,0,2018
MRT,f,12-17,0,2018
MRT,f,18-59,0,2018
MRT,f,60+,0,2018
MRT,m,0-4,0,2018
MRT,m,5-11,0,2018
MRT,m,12-17,8,2018
MRT,m,18-59,0,2018
MRT,m,60+,0,2018
MYS,f,0-4,50,2018
MYS,f,5-11,74,2018
MYS,f,12-17,88,2018
MYS,f,18-59,254,2018
MYS,f,60+,13,2018
MYS,m,0-4,59,2018
MYS,m,5-11,96,2018
MYS,m,12-17,83,2018
MYS,m,18-59,345,2018
MYS,m,60+,8,2018
MYS,f,0-4,40,2018
MYS,f,5-11,52,2018
MYS,f,12-17,24,2018
MYS,f,18-59,187,2018
MYS,f,60+,6,2018
MYS,m,0-4,28,2018
MYS,m,5-11,60,2018
MYS,m,12-17,53,2018
MYS,m,18-59,191,2018
MYS,m,60+,6,2018
NGA,f,0-4,0,2018
NGA,f,5-11,0,2018
NGA,f,12-17,0,2018
NGA,f,18-59,0,2018
NGA,f,60+,0,2018
NGA,m,0-4,0,2018
NGA,m,5-11,0,2018
NGA,m,12-17,0,2018
NGA,m,18-59,5,2018
NGA,m,60+,0,2018
NLD,f,0-4,0,2018
NLD,f,5-11,0,2018
NLD,f,12-17,0,2018
NLD,f,18-59,0,2018
NLD,f,60+,0,2018
NLD,m,0-4,0,2018
NLD,m,5-11,0,2018
NLD,m,12-17,0,2018
NLD,m,18-59,0,2018
NLD,m,60+,0,2018
NLD,f,0-4,0,2018
NLD,f,5-11,0,2018
NLD,f,12-17,0,2018
NLD,f,18-59,0,2018
NLD,f,60+,0,2018
NLD,m,0-4,0,2018
NLD,m,5-11,0,2018
NLD,m,12-17,0,2018
NLD,m,18-59,0,2018
NLD,m,60+,0,2018
NOR,f,0-4,0,2018
NOR,f,5-11,0,2018
NOR,f,12-17,0,2018
NOR,f,18-59,0,2018
NOR,f,60+,0,2018
NOR,m,0-4,0,2018
NOR,m,5-11,0,2018
NOR,m,12-17,0,2018
NOR,m,18-59,0,2018
NOR,m,60+,0,2018
NOR,f,0-4,0,2018
NOR,f,5-11,0,2018
NOR,f,12-17,0,2018
NOR,f,18-59,0,2018
NOR,f,60+,0,2018
NOR,m,0-4,0,2018
NOR,m,5-11,0,2018
NOR,m,12-17,0,2018
NOR,m,18-59,0,2018
NOR,m,60+,0,2018
NPL,f,0-4,0,2018
NPL,f,5-11,5,2018
NPL,f,12-17,6,2018
NPL,f,18-59,15,2018
NPL,f,60+,0,2018
NPL,m,0-4,0,2018
NPL,m,5-11,6,2018
NPL,m,12-17,6,2018
NPL,m,18-59,17,2018
NPL,m,60+,0,2018
NRU,f,0-4,0,2018
NRU,f,5-11,0,2018
NRU,f,12-17,0,2018
NRU,f,18-59,0,2018
NRU,f,60+,0,2018
NRU,m,0-4,0,2018
NRU,m,5-11,0,2018
NRU,m,12-17,0,2018
NRU,m,18-59,0,2018
NRU,m,60+,0,2018
NRU,f,0-4,0,2018
NRU,f,5-11,0,2018
NRU,f,12-17,0,2018
NRU,f,18-59,0,2018
NRU,f,60+,0,2018
NRU,m,0-4,0,2018
NRU,m,5-11,0,2018
NRU,m,12-17,0,2018
NRU,m,18-59,0,2018
NRU,m,60+,0,2018
NZL,f,0-4,0,2018
NZL,f,5-11,0,2018
NZL,f,12-17,0,2018
NZL,f,18-59,0,2018
NZL,f,60+,0,2018
NZL,m,0-4,0,2018
NZL,m,5-11,0,2018
NZL,m,12-17,0,2018
NZL,m,18-59,0,2018
NZL,m,60+,0,2018
NZL,f,0-4,0,2018
NZL,f,5-11,0,2018
NZL,f,12-17,0,2018
NZL,f,18-59,0,2018
NZL,f,60+,0,2018
NZL,m,0-4,0,2018
NZL,m,5-11,0,2018
NZL,m,12-17,0,2018
NZL,m,18-59,0,2018
NZL,m,60+,0,2018
PAK,f,0-4,362,2018
PAK,f,5-11,540,2018
PAK,f,12-17,427,2018
PAK,f,18-59,1285,2018
PAK,f,60+,56,2018
PAK,m,0-4,329,2018
PAK,m,5-11,650,2018
PAK,m,12-17,477,2018
PAK,m,18-59,838,2018
PAK,m,60+,48,2018
PAK,f,0-4,79321,2018
PAK,f,5-11,145957,2018
PAK,f,12-17,102855,2018
PAK,f,18-59,298172,2018
PAK,f,60+,24715,2018
PAK,m,0-4,83570,2018
PAK,m,5-11,156092,2018
PAK,m,12-17,109075,2018
PAK,m,18-59,361376,2018
PAK,m,60+,42388,2018
PAN,f,0-4,0,2018
PAN,f,5-11,0,2018
PAN,f,12-17,0,2018
PAN,f,18-59,0,2018
PAN,f,60+,0,2018
PAN,m,0-4,0,2018
PAN,m,5-11,0,2018
PAN,m,12-17,0,2018
PAN,m,18-59,0,2018
PAN,m,60+,0,2018
PAN,f,0-4,0,2018
PAN,f,5-11,0,2018
PAN,f,12-17,0,2018
PAN,f,18-59,0,2018
PAN,f,60+,0,2018
PAN,m,0-4,0,2018
PAN,m,5-11,0,2018
PAN,m,12-17,0,2018
PAN,m,18-59,0,2018
PAN,m,60+,0,2018
PHL,f,0-4,0,2018
PHL,f,5-11,0,2018
PHL,f,12-17,0,2018
PHL,f,18-59,0,2018
PHL,f,60+,0,2018
PHL,m,0-4,0,2018
PHL,m,5-11,6,2018
PHL,m,12-17,0,2018
PHL,m,18-59,0,2018
PHL,m,60+,0,2018
PHL,f,0-4,0,2018
PHL,f,5-11,0,2018
PHL,f,12-17,0,2018
PHL,f,18-59,0,2018
PHL,f,60+,0,2018
PHL,m,0-4,0,2018
PHL,m,5-11,0,2018
PHL,m,12-17,0,2018
PHL,m,18-59,14,2018
PHL,m,60+,0,2018
PNG,f,0-4,0,2018
PNG,f,5-11,0,2018
PNG,f,12-17,0,2018
PNG,f,18-59,0,2018
PNG,f,60+,0,2018
PNG,m,0-4,0,2018
PNG,m,5-11,0,2018
PNG,m,12-17,0,2018
PNG,m,18-59,0,2018
PNG,m,60+,0,2018
PNG,f,0-4,0,2018
PNG,f,5-11,0,2018
PNG,f,12-17,0,2018
PNG,f,18-59,0,2018
PNG,f,60+,0,2018
PNG,m,0-4,0,2018
PNG,m,5-11,0,2018
PNG,m,12-17,0,2018
PNG,m,18-59,0,2018
PNG,m,60+,0,2018
POL,f,0-4,0,2018
POL,f,5-11,0,2018
POL,f,12-17,0,2018
POL,f,18-59,0,2018
POL,f,60+,0,2018
POL,m,0-4,0,2018
POL,m,5-11,0,2018
POL,m,12-17,0,2018
POL,m,18-59,0,2018
POL,m,60+,0,2018
POL,f,0-4,0,2018
POL,f,5-11,0,2018
POL,f,12-17,0,2018
POL,f,18-59,0,2018
POL,f,60+,0,2018
POL,m,0-4,0,2018
POL,m,5-11,0,2018
POL,m,12-17,0,2018
POL,m,18-59,0,2018
POL,m,60+,0,2018
PRT,f,0-4,0,2018
PRT,f,5-11,0,2018
PRT,f,12-17,0,2018
PRT,f,18-59,0,2018
PRT,f,60+,0,2018
PRT,m,0-4,0,2018
PRT,m,5-11,0,2018
PRT,m,12-17,0,2018
PRT,m,18-59,0,2018
PRT,m,60+,0,2018
PRT,f,0-4,0,2018
PRT,f,5-11,0,2018
PRT,f,12-17,0,2018
PRT,f,18-59,0,2018
PRT,f,60+,0,2018
PRT,m,0-4,0,2018
PRT,m,5-11,0,2018
PRT,m,12-17,0,2018
PRT,m,18-59,0,2018
PRT,m,60+,0,2018
ROU,f,0-4,0,2018
ROU,f,5-11,0,2018
ROU,f,12-17,0,2018
ROU,f,18-59,0,2018
ROU,f,60+,0,2018
ROU,m,0-4,0,2018
ROU,m,5-11,0,2018
ROU,m,12-17,0,2018
ROU,m,18-59,0,2018
ROU,m,60+,0,2018
ROU,f,0-4,0,2018
ROU,f,5-11,0,2018
ROU,f,12-17,9,2018
ROU,f,18-59,16,2018
ROU,f,60+,0,2018
ROU,m,0-4,5,2018
ROU,m,5-11,5,2018
ROU,m,12-17,15,2018
ROU,m,18-59,105,2018
ROU,m,60+,0,2018
RUS,f,0-4,0,2018
RUS,f,5-11,0,2018
RUS,f,12-17,0,2018
RUS,f,18-59,0,2018
RUS,f,60+,0,2018
RUS,m,0-4,0,2018
RUS,m,5-11,0,2018
RUS,m,12-17,0,2018
RUS,m,18-59,0,2018
RUS,m,60+,0,2018
RUS,f,0-4,0,2018
RUS,f,5-11,0,2018
RUS,f,12-17,0,2018
RUS,f,18-59,0,2018
RUS,f,60+,0,2018
RUS,m,0-4,0,2018
RUS,m,5-11,0,2018
RUS,m,12-17,0,2018
RUS,m,18-59,0,2018
RUS,m,60+,0,2018
SDN,f,0-4,0,2018
SDN,f,5-11,0,2018
SDN,f,12-17,0,2018
SDN,f,18-59,0,2018
SDN,f,60+,0,2018
SDN,m,0-4,0,2018
SDN,m,5-11,0,2018
SDN,m,12-17,0,2018
SDN,m,18-59,0,2018
SDN,m,60+,0,2018
SDN,f,0-4,0,2018
SDN,f,5-11,0,2018
SDN,f,12-17,0,2018
SDN,f,18-59,0,2018
SDN,f,60+,0,2018
SDN,m,0-4,0,2018
SDN,m,5-11,0,2018
SDN,m,12-17,0,2018
SDN,m,18-59,0,2018
SDN,m,60+,0,2018
SEN,f,0-4,0,2018
SEN,f,5-11,0,2018
SEN,f,12-17,0,2018
SEN,f,18-59,0,2018
SEN,f,60+,0,2018
SEN,m,0-4,0,2018
SEN,m,5-11,0,2018
SEN,m,12-17,0,2018
SEN,m,18-59,9,2018
SEN,m,60+,0,2018
SRB,f,0-4,0,2018
SRB,f,5-11,0,2018
SRB,f,12-17,0,2018
SRB,f,18-59,0,2018
SRB,f,60+,0,2018
SRB,m,0-4,0,2018
SRB,m,5-11,0,2018
SRB,m,12-17,0,2018
SRB,m,18-59,0,2018
SRB,m,60+,0,2018
SRB,f,0-4,0,2018
SRB,f,5-11,0,2018
SRB,f,12-17,0,2018
SRB,f,18-59,0,2018
SRB,f,60+,0,2018
SRB,m,0-4,0,2018
SRB,m,5-11,0,2018
SRB,m,12-17,0,2018
SRB,m,18-59,0,2018
SRB,m,60+,0,2018
SVK,f,0-4,0,2018
SVK,f,5-11,0,2018
SVK,f,12-17,0,2018
SVK,f,18-59,0,2018
SVK,f,60+,0,2018
SVK,m,0-4,0,2018
SVK,m,5-11,0,2018
SVK,m,12-17,0,2018
SVK,m,18-59,0,2018
SVK,m,60+,0,2018
SVN,f,0-4,0,2018
SVN,f,5-11,0,2018
SVN,f,12-17,0,2018
SVN,f,18-59,0,2018
SVN,f,60+,0,2018
SVN,m,0-4,0,2018
SVN,m,5-11,0,2018
SVN,m,12-17,0,2018
SVN,m,18-59,0,2018
SVN,m,60+,0,2018
SVN,f,0-4,0,2018
SVN,f,5-11,6,2018
SVN,f,12-17,0,2018
SVN,f,18-59,0,2018
SVN,f,60+,0,2018
SVN,m,0-4,0,2018
SVN,m,5-11,5,2018
SVN,m,12-17,10,2018
SVN,m,18-59,20,2018
SVN,m,60+,0,2018
SWE,f,0-4,0,2018
SWE,f,5-11,0,2018
SWE,f,12-17,0,2018
SWE,f,18-59,0,2018
SWE,f,60+,0,2018
SWE,m,0-4,0,2018
SWE,m,5-11,0,2018
SWE,m,12-17,0,2018
SWE,m,18-59,0,2018
SWE,m,60+,0,2018
SWE,f,0-4,0,2018
SWE,f,5-11,0,2018
SWE,f,12-17,0,2018
SWE,f,18-59,0,2018
SWE,f,60+,0,2018
SWE,m,0-4,0,2018
SWE,m,5-11,0,2018
SWE,m,12-17,0,2018
SWE,m,18-59,0,2018
SWE,m,60+,0,2018
SYR,f,0-4,0,2018
SYR,f,5-11,0,2018
SYR,f,12-17,5,2018
SYR,f,18-59,0,2018
SYR,f,60+,0,2018
SYR,m,0-4,0,2018
SYR,m,5-11,0,2018
SYR,m,12-17,0,2018
SYR,m,18-59,5,2018
SYR,m,60+,0,2018
SYR,f,0-4,57,2018
SYR,f,5-11,67,2018
SYR,f,12-17,88,2018
SYR,f,18-59,363,2018
SYR,f,60+,25,2018
SYR,m,0-4,60,2018
SYR,m,5-11,83,2018
SYR,m,12-17,89,2018
SYR,m,18-59,344,2018
SYR,m,60+,53,2018
THA,f,0-4,0,2018
THA,f,5-11,0,2018
THA,f,12-17,0,2018
THA,f,18-59,6,2018
THA,f,60+,0,2018
THA,m,0-4,0,2018
THA,m,5-11,0,2018
THA,m,12-17,0,2018
THA,m,18-59,5,2018
THA,m,60+,0,2018
THA,f,0-4,11,2018
THA,f,5-11,10,2018
THA,f,12-17,8,2018
THA,f,18-59,24,2018
THA,f,60+,0,2018
THA,m,0-4,7,2018
THA,m,5-11,5,2018
THA,m,12-17,17,2018
THA,m,18-59,54,2018
THA,m,60+,0,2018
TJK,f,0-4,0,2018
TJK,f,5-11,0,2018
TJK,f,12-17,0,2018
TJK,f,18-59,0,2018
TJK,f,60+,0,2018
TJK,m,0-4,0,2018
TJK,m,5-11,0,2018
TJK,m,12-17,0,2018
TJK,m,18-59,0,2018
TJK,m,60+,0,2018
TJK,f,0-4,0,2018
TJK,f,5-11,0,2018
TJK,f,12-17,0,2018
TJK,f,18-59,0,2018
TJK,f,60+,0,2018
TJK,m,0-4,0,2018
TJK,m,5-11,0,2018
TJK,m,12-17,0,2018
TJK,m,18-59,0,2018
TJK,m,60+,0,2018
TKM,f,0-4,0,2018
TKM,f,5-11,0,2018
TKM,f,12-17,0,2018
TKM,f,18-59,7,2018
TKM,f,60+,0,2018
TKM,m,0-4,0,2018
TKM,m,5-11,0,2018
TKM,m,12-17,0,2018
TKM,m,18-59,7,2018
TKM,m,60+,0,2018
TUR,f,0-4,6061,2018
TUR,f,5-11,8647,2018
TUR,f,12-17,5367,2018
TUR,f,18-59,23441,2018
TUR,f,60+,949,2018
TUR,m,0-4,6530,2018
TUR,m,5-11,9895,2018
TUR,m,12-17,8265,2018
TUR,m,18-59,94637,2018
TUR,m,60+,1121,2018
TUR,f,0-4,287,2018
TUR,f,5-11,509,2018
TUR,f,12-17,520,2018
TUR,f,18-59,1871,2018
TUR,f,60+,53,2018
TUR,m,0-4,300,2018
TUR,m,5-11,573,2018
TUR,m,12-17,623,2018
TUR,m,18-59,1784,2018
TUR,m,60+,86,2018
UKR,f,0-4,26,2018
UKR,f,5-11,53,2018
UKR,f,12-17,36,2018
UKR,f,18-59,240,2018
UKR,f,60+,25,2018
UKR,m,0-4,19,2018
UKR,m,5-11,52,2018
UKR,m,12-17,45,2018
UKR,m,18-59,2372,2018
UKR,m,60+,37,2018
UKR,f,0-4,0,2018
UKR,f,5-11,0,2018
UKR,f,12-17,0,2018
UKR,f,18-59,0,2018
UKR,f,60+,0,2018
UKR,m,0-4,0,2018
UKR,m,5-11,0,2018
UKR,m,12-17,0,2018
UKR,m,18-59,0,2018
UKR,m,60+,0,2018
USA,f,0-4,0,2018
USA,f,5-11,0,2018
USA,f,12-17,0,2018
USA,f,18-59,0,2018
USA,f,60+,0,2018
USA,m,0-4,0,2018
USA,m,5-11,0,2018
USA,m,12-17,0,2018
USA,m,18-59,0,2018
USA,m,60+,0,2018
USA,f,0-4,0,2018
USA,f,5-11,0,2018
USA,f,12-17,0,2018
USA,f,18-59,0,2018
USA,f,60+,0,2018
USA,m,0-4,0,2018
USA,m,5-11,0,2018
USA,m,12-17,0,2018
USA,m,18-59,0,2018
USA,m,60+,0,2018
UZB,f,0-4,0,2018
UZB,f,5-11,0,2018
UZB,f,12-17,0,2018
UZB,f,18-59,6,2018
UZB,f,60+,0,2018
UZB,m,0-4,0,2018
UZB,m,5-11,0,2018
UZB,m,12-17,0,2018
UZB,m,18-59,7,2018
UZB,m,60+,0,2018
VEN,f,0-4,0,2018
VEN,f,5-11,5,2018
VEN,f,12-17,0,2018
VEN,f,18-59,0,2018
VEN,f,60+,0,2018
VEN,m,0-4,0,2018
VEN,m,5-11,0,2018
VEN,m,12-17,0,2018
VEN,m,18-59,5,2018
VEN,m,60+,0,2018
AFG,f,0-4,45066,2019
AFG,f,5-11,47747,2019
AFG,f,12-17,35998,2019
AFG,f,18-59,79735,2019
AFG,f,60+,6796,2019
AFG,m,0-4,45372,2019
AFG,m,5-11,53644,2019
AFG,m,12-17,41211,2019
AFG,m,18-59,83677,2019
AFG,m,60+,7847,2019
ARE,f,0-4,5,2019
ARE,f,5-11,0,2019
ARE,f,12-17,0,2019
ARE,f,18-59,5,2019
ARE,f,60+,0,2019
ARE,m,0-4,0,2019
ARE,m,5-11,0,2019
ARE,m,12-17,0,2019
ARE,m,18-59,15,2019
ARE,m,60+,0,2019
ARE,f,0-4,0,2019
ARE,f,5-11,0,2019
ARE,f,12-17,5,2019
ARE,f,18-59,0,2019
ARE,f,60+,0,2019
ARE,m,0-4,0,2019
ARE,m,5-11,0,2019
ARE,m,12-17,0,2019
ARE,m,18-59,0,2019
ARE,m,60+,0,2019
ARG,f,0-4,0,2019
ARG,f,5-11,0,2019
ARG,f,12-17,0,2019
ARG,f,18-59,5,2019
ARG,f,60+,0,2019
ARG,m,0-4,0,2019
ARG,m,5-11,0,2019
ARG,m,12-17,0,2019
ARG,m,18-59,7,2019
ARG,m,60+,0,2019
ARM,f,0-4,0,2019
ARM,f,5-11,0,2019
ARM,f,12-17,0,2019
ARM,f,18-59,0,2019
ARM,f,60+,0,2019
ARM,m,0-4,0,2019
ARM,m,5-11,0,2019
ARM,m,12-17,0,2019
ARM,m,18-59,5,2019
ARM,m,60+,0,2019
AUS,f,0-4,0,2019
AUS,f,5-11,0,2019
AUS,f,12-17,0,2019
AUS,f,18-59,0,2019
AUS,f,60+,0,2019
AUS,m,0-4,0,2019
AUS,m,5-11,0,2019
AUS,m,12-17,0,2019
AUS,m,18-59,0,2019
AUS,m,60+,0,2019
AUS,f,0-4,0,2019
AUS,f,5-11,0,2019
AUS,f,12-17,0,2019
AUS,f,18-59,0,2019
AUS,f,60+,0,2019
AUS,m,0-4,0,2019
AUS,m,5-11,0,2019
AUS,m,12-17,0,2019
AUS,m,18-59,0,2019
AUS,m,60+,0,2019
AUT,f,0-4,0,2019
AUT,f,5-11,0,2019
AUT,f,12-17,0,2019
AUT,f,18-59,0,2019
AUT,f,60+,0,2019
AUT,m,0-4,0,2019
AUT,m,5-11,0,2019
AUT,m,12-17,0,2019
AUT,m,18-59,0,2019
AUT,m,60+,0,2019
AUT,f,0-4,0,2019
AUT,f,5-11,0,2019
AUT,f,12-17,0,2019
AUT,f,18-59,0,2019
AUT,f,60+,0,2019
AUT,m,0-4,0,2019
AUT,m,5-11,0,2019
AUT,m,12-17,0,2019
AUT,m,18-59,0,2019
AUT,m,60+,0,2019
AZE,f,0-4,0,2019
AZE,f,5-11,6,2019
AZE,f,12-17,7,2019
AZE,f,18-59,28,2019
AZE,f,60+,0,2019
AZE,m,0-4,0,2019
AZE,m,5-11,6,2019
AZE,m,12-17,5,2019
AZE,m,18-59,42,2019
AZE,m,60+,0,2019
AZE,f,0-4,26,2019
AZE,f,5-11,34,2019
AZE,f,12-17,25,2019
AZE,f,18-59,136,2019
AZE,f,60+,6,2019
AZE,m,0-4,29,2019
AZE,m,5-11,49,2019
AZE,m,12-17,31,2019
AZE,m,18-59,277,2019
AZE,m,60+,14,2019
BEL,f,0-4,0,2019
BEL,f,5-11,0,2019
BEL,f,12-17,0,2019
BEL,f,18-59,0,2019
BEL,f,60+,0,2019
BEL,m,0-4,0,2019
BEL,m,5-11,0,2019
BEL,m,12-17,0,2019
BEL,m,18-59,0,2019
BEL,m,60+,0,2019
BEL,f,0-4,0,2019
BEL,f,5-11,0,2019
BEL,f,12-17,0,2019
BEL,f,18-59,0,2019
BEL,f,60+,0,2019
BEL,m,0-4,0,2019
BEL,m,5-11,0,2019
BEL,m,12-17,0,2019
BEL,m,18-59,0,2019
BEL,m,60+,0,2019
BGR,f,0-4,0,2019
BGR,f,5-11,0,2019
BGR,f,12-17,0,2019
BGR,f,18-59,0,2019
BGR,f,60+,0,2019
BGR,m,0-4,0,2019
BGR,m,5-11,0,2019
BGR,m,12-17,0,2019
BGR,m,18-59,0,2019
BGR,m,60+,0,2019
BGR,f,0-4,0,2019
BGR,f,5-11,0,2019
BGR,f,12-17,0,2019
BGR,f,18-59,0,2019
BGR,f,60+,0,2019
BGR,m,0-4,0,2019
BGR,m,5-11,0,2019
BGR,m,12-17,0,2019
BGR,m,18-59,0,2019
BGR,m,60+,0,2019
BIH,f,0-4,9,2019
BIH,f,5-11,17,2019
BIH,f,12-17,0,2019
BIH,f,18-59,31,2019
BIH,f,60+,0,2019
BIH,m,0-4,11,2019
BIH,m,5-11,13,2019
BIH,m,12-17,13,2019
BIH,m,18-59,40,2019
BIH,m,60+,0,2019
BIH,f,0-4,0,2019
BIH,f,5-11,0,2019
BIH,f,12-17,0,2019
BIH,f,18-59,0,2019
BIH,f,60+,0,2019
BIH,m,0-4,0,2019
BIH,m,5-11,0,2019
BIH,m,12-17,0,2019
BIH,m,18-59,0,2019
BIH,m,60+,0,2019
BLR,f,0-4,0,2019
BLR,f,5-11,0,2019
BLR,f,12-17,0,2019
BLR,f,18-59,0,2019
BLR,f,60+,0,2019
BLR,m,0-4,0,2019
BLR,m,5-11,0,2019
BLR,m,12-17,0,2019
BLR,m,18-59,13,2019
BLR,m,60+,0,2019
BLR,f,0-4,0,2019
BLR,f,5-11,0,2019
BLR,f,12-17,0,2019
BLR,f,18-59,0,2019
BLR,f,60+,0,2019
BLR,m,0-4,0,2019
BLR,m,5-11,0,2019
BLR,m,12-17,0,2019
BLR,m,18-59,0,2019
BLR,m,60+,0,2019
BRA,f,0-4,0,2019
BRA,f,5-11,0,2019
BRA,f,12-17,0,2019
BRA,f,18-59,0,2019
BRA,f,60+,0,2019
BRA,m,0-4,0,2019
BRA,m,5-11,0,2019
BRA,m,12-17,0,2019
BRA,m,18-59,0,2019
BRA,m,60+,0,2019
BRA,f,0-4,0,2019
BRA,f,5-11,0,2019
BRA,f,12-17,0,2019
BRA,f,18-59,0,2019
BRA,f,60+,0,2019
BRA,m,0-4,0,2019
BRA,m,5-11,0,2019
BRA,m,12-17,0,2019
BRA,m,18-59,0,2019
BRA,m,60+,0,2019
CAN,f,0-4,0,2019
CAN,f,5-11,0,2019
CAN,f,12-17,0,2019
CAN,f,18-59,0,2019
CAN,f,60+,0,2019
CAN,m,0-4,0,2019
CAN,m,5-11,0,2019
CAN,m,12-17,0,2019
CAN,m,18-59,0,2019
CAN,m,60+,0,2019
CAN,f,0-4,0,2019
CAN,f,5-11,0,2019
CAN,f,12-17,0,2019
CAN,f,18-59,0,2019
CAN,f,60+,0,2019
CAN,m,0-4,0,2019
CAN,m,5-11,0,2019
CAN,m,12-17,0,2019
CAN,m,18-59,0,2019
CAN,m,60+,0,2019
CHE,f,0-4,61,2019
CHE,f,5-11,68,2019
CHE,f,12-17,47,2019
CHE,f,18-59,228,2019
CHE,f,60+,7,2019
CHE,m,0-4,61,2019
CHE,m,5-11,87,2019
CHE,m,12-17,100,2019
CHE,m,18-59,487,2019
CHE,m,60+,6,2019
CHE,f,0-4,307,2019
CHE,f,5-11,510,2019
CHE,f,12-17,372,2019
CHE,f,18-59,1539,2019
CHE,f,60+,101,2019
CHE,m,0-4,355,2019
CHE,m,5-11,542,2019
CHE,m,12-17,738,2019
CHE,m,18-59,6279,2019
CHE,m,60+,105,2019
CHL,f,0-4,0,2019
CHL,f,5-11,0,2019
CHL,f,12-17,0,2019
CHL,f,18-59,0,2019
CHL,f,60+,0,2019
CHL,m,0-4,0,2019
CHL,m,5-11,6,2019
CHL,m,12-17,0,2019
CHL,m,18-59,0,2019
CHL,m,60+,0,2019
CHL,f,0-4,0,2019
CHL,f,5-11,0,2019
CHL,f,12-17,0,2019
CHL,f,18-59,0,2019
CHL,f,60+,0,2019
CHL,m,0-4,0,2019
CHL,m,5-11,0,2019
CHL,m,12-17,0,2019
CHL,m,18-59,0,2019
CHL,m,60+,0,2019
CHN,f,0-4,0,2019
CHN,f,5-11,0,2019
CHN,f,12-17,5,2019
CHN,f,18-59,5,2019
CHN,f,60+,0,2019
CHN,m,0-4,0,2019
CHN,m,5-11,5,2019
CHN,m,12-17,0,2019
CHN,m,18-59,6,2019
CHN,m,60+,0,2019
CHN,f,0-4,0,2019
CHN,f,5-11,8,2019
CHN,f,12-17,0,2019
CHN,f,18-59,5,2019
CHN,f,60+,0,2019
CHN,m,0-4,0,2019
CHN,m,5-11,0,2019
CHN,m,12-17,0,2019
CHN,m,18-59,8,2019
CHN,m,60+,0,2019
COL,f,0-4,0,2019
COL,f,5-11,0,2019
COL,f,12-17,0,2019
COL,f,18-59,0,2019
COL,f,60+,0,2019
COL,m,0-4,0,2019
COL,m,5-11,0,2019
COL,m,12-17,0,2019
COL,m,18-59,9,2019
COL,m,60+,0,2019
CUB,f,0-4,0,2019
CUB,f,5-11,0,2019
CUB,f,12-17,5,2019
CUB,f,18-59,5,2019
CUB,f,60+,0,2019
CUB,m,0-4,0,2019
CUB,m,5-11,5,2019
CUB,m,12-17,0,2019
CUB,m,18-59,21,2019
CUB,m,60+,0,2019
CYP,f,0-4,0,2019
CYP,f,5-11,0,2019
CYP,f,12-17,0,2019
CYP,f,18-59,0,2019
CYP,f,60+,0,2019
CYP,m,0-4,0,2019
CYP,m,5-11,0,2019
CYP,m,12-17,0,2019
CYP,m,18-59,0,2019
CYP,m,60+,0,2019
CYP,f,0-4,0,2019
CYP,f,5-11,0,2019
CYP,f,12-17,0,2019
CYP,f,18-59,0,2019
CYP,f,60+,0,2019
CYP,m,0-4,0,2019
CYP,m,5-11,0,2019
CYP,m,12-17,0,2019
CYP,m,18-59,0,2019
CYP,m,60+,0,2019
CZE,f,0-4,0,2019
CZE,f,5-11,0,2019
CZE,f,12-17,0,2019
CZE,f,18-59,0,2019
CZE,f,60+,0,2019
CZE,m,0-4,0,2019
CZE,m,5-11,0,2019
CZE,m,12-17,0,2019
CZE,m,18-59,0,2019
CZE,m,60+,0,2019
CZE,f,0-4,0,2019
CZE,f,5-11,0,2019
CZE,f,12-17,0,2019
CZE,f,18-59,0,2019
CZE,f,60+,0,2019
CZE,m,0-4,0,2019
CZE,m,5-11,0,2019
CZE,m,12-17,0,2019
CZE,m,18-59,0,2019
CZE,m,60+,0,2019
DEU,f,0-4,1793,2019
DEU,f,5-11,1935,2019
DEU,f,12-17,1158,2019
DEU,f,18-59,5336,2019
DEU,f,60+,359,2019
DEU,m,0-4,1867,2019
DEU,m,5-11,2136,2019
DEU,m,12-17,2101,2019
DEU,m,18-59,30363,2019
DEU,m,60+,295,2019
DEU,f,0-4,6147,2019
DEU,f,5-11,10479,2019
DEU,f,12-17,6994,2019
DEU,f,18-59,31271,2019
DEU,f,60+,3610,2019
DEU,m,0-4,6479,2019
DEU,m,5-11,11693,2019
DEU,m,12-17,9297,2019
DEU,m,18-59,51262,2019
DEU,m,60+,3134,2019
DNK,f,0-4,0,2019
DNK,f,5-11,0,2019
DNK,f,12-17,0,2019
DNK,f,18-59,0,2019
DNK,f,60+,0,2019
DNK,m,0-4,0,2019
DNK,m,5-11,0,2019
DNK,m,12-17,0,2019
DNK,m,18-59,0,2019
DNK,m,60+,0,2019
DNK,f,0-4,0,2019
DNK,f,5-11,0,2019
DNK,f,12-17,0,2019
DNK,f,18-59,0,2019
DNK,f,60+,0,2019
DNK,m,0-4,0,2019
DNK,m,5-11,0,2019
DNK,m,12-17,0,2019
DNK,m,18-59,0,2019
DNK,m,60+,0,2019
DOM,f,0-4,0,2019
DOM,f,5-11,9,2019
DOM,f,12-17,0,2019
DOM,f,18-59,0,2019
DOM,f,60+,0,2019
DOM,m,0-4,0,2019
DOM,m,5-11,0,2019
DOM,m,12-17,0,2019
DOM,m,18-59,0,2019
DOM,m,60+,0,2019
ECU,f,0-4,0,2019
ECU,f,5-11,0,2019
ECU,f,12-17,0,2019
ECU,f,18-59,0,2019
ECU,f,60+,0,2019
ECU,m,0-4,0,2019
ECU,m,5-11,0,2019
ECU,m,12-17,0,2019
ECU,m,18-59,0,2019
ECU,m,60+,0,2019
ECU,f,0-4,0,2019
ECU,f,5-11,0,2019
ECU,f,12-17,0,2019
ECU,f,18-59,0,2019
ECU,f,60+,0,2019
ECU,m,0-4,0,2019
ECU,m,5-11,0,2019
ECU,m,12-17,0,2019
ECU,m,18-59,0,2019
ECU,m,60+,0,2019
EGY,f,0-4,0,2019
EGY,f,5-11,7,2019
EGY,f,12-17,0,2019
EGY,f,18-59,8,2019
EGY,f,60+,0,2019
EGY,m,0-4,5,2019
EGY,m,5-11,7,2019
EGY,m,12-17,0,2019
EGY,m,18-59,9,2019
EGY,m,60+,0,2019
EGY,f,0-4,0,2019
EGY,f,5-11,6,2019
EGY,f,12-17,0,2019
EGY,f,18-59,8,2019
EGY,f,60+,0,2019
EGY,m,0-4,6,2019
EGY,m,5-11,0,2019
EGY,m,12-17,0,2019
EGY,m,18-59,8,2019
EGY,m,60+,0,2019
ESP,f,0-4,0,2019
ESP,f,5-11,0,2019
ESP,f,12-17,0,2019
ESP,f,18-59,0,2019
ESP,f,60+,0,2019
ESP,m,0-4,0,2019
ESP,m,5-11,0,2019
ESP,m,12-17,0,2019
ESP,m,18-59,0,2019
ESP,m,60+,0,2019
ESP,f,0-4,0,2019
ESP,f,5-11,0,2019
ESP,f,12-17,0,2019
ESP,f,18-59,0,2019
ESP,f,60+,0,2019
ESP,m,0-4,0,2019
ESP,m,5-11,0,2019
ESP,m,12-17,0,2019
ESP,m,18-59,0,2019
ESP,m,60+,0,2019
EST,f,0-4,0,2019
EST,f,5-11,0,2019
EST,f,12-17,0,2019
EST,f,18-59,0,2019
EST,f,60+,0,2019
EST,m,0-4,0,2019
EST,m,5-11,0,2019
EST,m,12-17,0,2019
EST,m,18-59,0,2019
EST,m,60+,0,2019
FIN,f,0-4,0,2019
FIN,f,5-11,0,2019
FIN,f,12-17,0,2019
FIN,f,18-59,0,2019
FIN,f,60+,0,2019
FIN,m,0-4,0,2019
FIN,m,5-11,0,2019
FIN,m,12-17,0,2019
FIN,m,18-59,0,2019
FIN,m,60+,0,2019
FIN,f,0-4,0,2019
FIN,f,5-11,0,2019
FIN,f,12-17,0,2019
FIN,f,18-59,0,2019
FIN,f,60+,0,2019
FIN,m,0-4,0,2019
FIN,m,5-11,0,2019
FIN,m,12-17,0,2019
FIN,m,18-59,0,2019
FIN,m,60+,0,2019
FJI,f,0-4,0,2019
FJI,f,5-11,0,2019
FJI,f,12-17,0,2019
FJI,f,18-59,5,2019
FJI,f,60+,0,2019
FJI,m,0-4,0,2019
FJI,m,5-11,0,2019
FJI,m,12-17,0,2019
FJI,m,18-59,0,2019
FJI,m,60+,0,2019
FJI,f,0-4,0,2019
FJI,f,5-11,5,2019
FJI,f,12-17,0,2019
FJI,f,18-59,0,2019
FJI,f,60+,0,2019
FJI,m,0-4,0,2019
FJI,m,5-11,0,2019
FJI,m,12-17,0,2019
FJI,m,18-59,0,2019
FJI,m,60+,0,2019
FRA,f,0-4,0,2019
FRA,f,5-11,0,2019
FRA,f,12-17,0,2019
FRA,f,18-59,0,2019
FRA,f,60+,0,2019
FRA,m,0-4,0,2019
FRA,m,5-11,0,2019
FRA,m,12-17,0,2019
FRA,m,18-59,0,2019
FRA,m,60+,0,2019
FRA,f,0-4,0,2019
FRA,f,5-11,0,2019
FRA,f,12-17,0,2019
FRA,f,18-59,0,2019
FRA,f,60+,0,2019
FRA,m,0-4,0,2019
FRA,m,5-11,0,2019
FRA,m,12-17,0,2019
FRA,m,18-59,0,2019
FRA,m,60+,0,2019
GBR,f,0-4,0,2019
GBR,f,5-11,0,2019
GBR,f,12-17,0,2019
GBR,f,18-59,0,2019
GBR,f,60+,0,2019
GBR,m,0-4,0,2019
GBR,m,5-11,0,2019
GBR,m,12-17,0,2019
GBR,m,18-59,0,2019
GBR,m,60+,0,2019
GBR,f,0-4,0,2019
GBR,f,5-11,0,2019
GBR,f,12-17,0,2019
GBR,f,18-59,0,2019
GBR,f,60+,0,2019
GBR,m,0-4,0,2019
GBR,m,5-11,0,2019
GBR,m,12-17,0,2019
GBR,m,18-59,0,2019
GBR,m,60+,0,2019
GEO,f,0-4,0,2019
GEO,f,5-11,0,2019
GEO,f,12-17,0,2019
GEO,f,18-59,5,2019
GEO,f,60+,0,2019
GEO,m,0-4,6,2019
GEO,m,5-11,0,2019
GEO,m,12-17,0,2019
GEO,m,18-59,7,2019
GEO,m,60+,0,2019
GEO,f,0-4,0,2019
GEO,f,5-11,0,2019
GEO,f,12-17,0,2019
GEO,f,18-59,6,2019
GEO,f,60+,0,2019
GEO,m,0-4,0,2019
GEO,m,5-11,0,2019
GEO,m,12-17,0,2019
GEO,m,18-59,5,2019
GEO,m,60+,0,2019
GRC,f,0-4,0,2019
GRC,f,5-11,0,2019
GRC,f,12-17,0,2019
GRC,f,18-59,0,2019
GRC,f,60+,0,2019
GRC,m,0-4,0,2019
GRC,m,5-11,0,2019
GRC,m,12-17,0,2019
GRC,m,18-59,0,2019
GRC,m,60+,0,2019
GRC,f,0-4,0,2019
GRC,f,5-11,0,2019
GRC,f,12-17,0,2019
GRC,f,18-59,0,2019
GRC,f,60+,0,2019
GRC,m,0-4,0,2019
GRC,m,5-11,0,2019
GRC,m,12-17,0,2019
GRC,m,18-59,0,2019
GRC,m,60+,0,2019
HKG,f,0-4,0,2019
HKG,f,5-11,0,2019
HKG,f,12-17,0,2019
HKG,f,18-59,0,2019
HKG,f,60+,0,2019
HKG,m,0-4,0,2019
HKG,m,5-11,0,2019
HKG,m,12-17,0,2019
HKG,m,18-59,5,2019
HKG,m,60+,0,2019
HRV,f,0-4,6,2019
HRV,f,5-11,0,2019
HRV,f,12-17,0,2019
HRV,f,18-59,19,2019
HRV,f,60+,0,2019
HRV,m,0-4,0,2019
HRV,m,5-11,6,2019
HRV,m,12-17,5,2019
HRV,m,18-59,72,2019
HRV,m,60+,0,2019
HRV,f,0-4,0,2019
HRV,f,5-11,5,2019
HRV,f,12-17,0,2019
HRV,f,18-59,0,2019
HRV,f,60+,0,2019
HRV,m,0-4,0,2019
HRV,m,5-11,8,2019
HRV,m,12-17,0,2019
HRV,m,18-59,0,2019
HRV,m,60+,0,2019
HRV,f,0-4,0,2019
HRV,f,5-11,5,2019
HRV,f,12-17,6,2019
HRV,f,18-59,13,2019
HRV,f,60+,0,2019
HRV,m,0-4,0,2019
HRV,m,5-11,8,2019
HRV,m,12-17,0,2019
HRV,m,18-59,21,2019
HRV,m,60+,0,2019
HUN,f,0-4,0,2019
HUN,f,5-11,0,2019
HUN,f,12-17,0,2019
HUN,f,18-59,0,2019
HUN,f,60+,0,2019
HUN,m,0-4,0,2019
HUN,m,5-11,0,2019
HUN,m,12-17,0,2019
HUN,m,18-59,0,2019
HUN,m,60+,0,2019
HUN,f,0-4,0,2019
HUN,f,5-11,0,2019
HUN,f,12-17,0,2019
HUN,f,18-59,0,2019
HUN,f,60+,0,2019
HUN,m,0-4,0,2019
HUN,m,5-11,0,2019
HUN,m,12-17,0,2019
HUN,m,18-59,0,2019
HUN,m,60+,0,2019
IDN,f,0-4,85,2019
IDN,f,5-11,154,2019
IDN,f,12-17,113,2019
IDN,f,18-59,455,2019
IDN,f,60+,37,2019
IDN,m,0-4,85,2019
IDN,m,5-11,173,2019
IDN,m,12-17,219,2019
IDN,m,18-59,489,2019
IDN,m,60+,16,2019
IDN,f,0-4,163,2019
IDN,f,5-11,190,2019
IDN,f,12-17,147,2019
IDN,f,18-59,646,2019
IDN,f,60+,31,2019
IDN,m,0-4,192,2019
IDN,m,5-11,207,2019
IDN,m,12-17,191,2019
IDN,m,18-59,4061,2019
IDN,m,60+,38,2019
IND,f,0-4,354,2019
IND,f,5-11,643,2019
IND,f,12-17,537,2019
IND,f,18-59,2236,2019
IND,f,60+,139,2019
IND,m,0-4,372,2019
IND,m,5-11,731,2019
IND,m,12-17,599,2019
IND,m,18-59,2440,2019
IND,m,60+,168,2019
IND,f,0-4,172,2019
IND,f,5-11,490,2019
IND,f,12-17,535,2019
IND,f,18-59,2380,2019
IND,f,60+,230,2019
IND,m,0-4,210,2019
IND,m,5-11,591,2019
IND,m,12-17,549,2019
IND,m,18-59,2056,2019
IND,m,60+,257,2019
IRL,f,0-4,0,2019
IRL,f,5-11,0,2019
IRL,f,12-17,0,2019
IRL,f,18-59,8,2019
IRL,f,60+,0,2019
IRL,m,0-4,0,2019
IRL,m,5-11,0,2019
IRL,m,12-17,11,2019
IRL,m,18-59,108,2019
IRL,m,60+,0,2019
IRL,f,0-4,0,2019
IRL,f,5-11,0,2019
IRL,f,12-17,6,2019
IRL,f,18-59,13,2019
IRL,f,60+,0,2019
IRL,m,0-4,0,2019
IRL,m,5-11,6,2019
IRL,m,12-17,6,2019
IRL,m,18-59,335,2019
IRL,m,60+,0,2019
IRN,f,0-4,0,2019
IRN,f,5-11,0,2019
IRN,f,12-17,0,2019
IRN,f,18-59,0,2019
IRN,f,60+,0,2019
IRN,m,0-4,0,2019
IRN,m,5-11,0,2019
IRN,m,12-17,0,2019
IRN,m,18-59,0,2019
IRN,m,60+,0,2019
IRQ,f,0-4,0,2019
IRQ,f,5-11,7,2019
IRQ,f,12-17,9,2019
IRQ,f,18-59,10,2019
IRQ,f,60+,6,2019
IRQ,m,0-4,0,2019
IRQ,m,5-11,0,2019
IRQ,m,12-17,14,2019
IRQ,m,18-59,5,2019
IRQ,m,60+,5,2019
IRQ,f,0-4,0,2019
IRQ,f,5-11,5,2019
IRQ,f,12-17,0,2019
IRQ,f,18-59,0,2019
IRQ,f,60+,0,2019
IRQ,m,0-4,0,2019
IRQ,m,5-11,0,2019
IRQ,m,12-17,0,2019
IRQ,m,18-59,6,2019
IRQ,m,60+,0,2019
ISL,f,0-4,0,2019
ISL,f,5-11,0,2019
ISL,f,12-17,0,2019
ISL,f,18-59,0,2019
ISL,f,60+,0,2019
ISL,m,0-4,0,2019
ISL,m,5-11,0,2019
ISL,m,12-17,0,2019
ISL,m,18-59,0,2019
ISL,m,60+,0,2019
ISL,f,0-4,0,2019
ISL,f,5-11,0,2019
ISL,f,12-17,0,2019
ISL,f,18-59,0,2019
ISL,f,60+,0,2019
ISL,m,0-4,0,2019
ISL,m,5-11,0,2019
ISL,m,12-17,0,2019
ISL,m,18-59,0,2019
ISL,m,60+,0,2019
ITA,f,0-4,0,2019
ITA,f,5-11,0,2019
ITA,f,12-17,0,2019
ITA,f,18-59,0,2019
ITA,f,60+,0,2019
ITA,m,0-4,0,2019
ITA,m,5-11,0,2019
ITA,m,12-17,0,2019
ITA,m,18-59,0,2019
ITA,m,60+,0,2019
ITA,f,0-4,0,2019
ITA,f,5-11,0,2019
ITA,f,12-17,0,2019
ITA,f,18-59,0,2019
ITA,f,60+,0,2019
ITA,m,0-4,0,2019
ITA,m,5-11,0,2019
ITA,m,12-17,0,2019
ITA,m,18-59,0,2019
ITA,m,60+,0,2019
JOR,f,0-4,0,2019
JOR,f,5-11,0,2019
JOR,f,12-17,0,2019
JOR,f,18-59,0,2019
JOR,f,60+,0,2019
JOR,m,0-4,0,2019
JOR,m,5-11,0,2019
JOR,m,12-17,0,2019
JOR,m,18-59,11,2019
JOR,m,60+,0,2019
JOR,f,0-4,0,2019
JOR,f,5-11,0,2019
JOR,f,12-17,0,2019
JOR,f,18-59,0,2019
JOR,f,60+,0,2019
JOR,m,0-4,0,2019
JOR,m,5-11,0,2019
JOR,m,12-17,0,2019
JOR,m,18-59,8,2019
JOR,m,60+,0,2019
JPN,f,0-4,0,2019
JPN,f,5-11,0,2019
JPN,f,12-17,0,2019
JPN,f,18-59,0,2019
JPN,f,60+,0,2019
JPN,m,0-4,0,2019
JPN,m,5-11,0,2019
JPN,m,12-17,0,2019
JPN,m,18-59,0,2019
JPN,m,60+,0,2019
KAZ,f,0-4,13,2019
KAZ,f,5-11,9,2019
KAZ,f,12-17,7,2019
KAZ,f,18-59,45,2019
KAZ,f,60+,0,2019
KAZ,m,0-4,6,2019
KAZ,m,5-11,23,2019
KAZ,m,12-17,5,2019
KAZ,m,18-59,68,2019
KAZ,m,60+,5,2019
KAZ,f,0-4,15,2019
KAZ,f,5-11,30,2019
KAZ,f,12-17,34,2019
KAZ,f,18-59,144,2019
KAZ,f,60+,10,2019
KAZ,m,0-4,14,2019
KAZ,m,5-11,33,2019
KAZ,m,12-17,37,2019
KAZ,m,18-59,164,2019
KAZ,m,60+,10,2019
KEN,f,0-4,0,2019
KEN,f,5-11,0,2019
KEN,f,12-17,0,2019
KEN,f,18-59,0,2019
KEN,f,60+,0,2019
KEN,m,0-4,0,2019
KEN,m,5-11,0,2019
KEN,m,12-17,0,2019
KEN,m,18-59,9,2019
KEN,m,60+,0,2019
KEN,f,0-4,0,2019
KEN,f,5-11,0,2019
KEN,f,12-17,5,2019
KEN,f,18-59,0,2019
KEN,f,60+,0,2019
KEN,m,0-4,0,2019
KEN,m,5-11,0,2019
KEN,m,12-17,5,2019
KEN,m,18-59,0,2019
KEN,m,60+,0,2019
KGZ,f,0-4,5,2019
KGZ,f,5-11,8,2019
KGZ,f,12-17,7,2019
KGZ,f,18-59,24,2019
KGZ,f,60+,5,2019
KGZ,m,0-4,5,2019
KGZ,m,5-11,5,2019
KGZ,m,12-17,10,2019
KGZ,m,18-59,35,2019
KGZ,m,60+,0,2019
KGZ,f,0-4,14,2019
KGZ,f,5-11,14,2019
KGZ,f,12-17,10,2019
KGZ,f,18-59,62,2019
KGZ,f,60+,5,2019
KGZ,m,0-4,12,2019
KGZ,m,5-11,22,2019
KGZ,m,12-17,15,2019
KGZ,m,18-59,73,2019
KGZ,m,60+,0,2019
KOR,f,0-4,0,2019
KOR,f,5-11,0,2019
KOR,f,12-17,0,2019
KOR,f,18-59,0,2019
KOR,f,60+,0,2019
KOR,m,0-4,0,2019
KOR,m,5-11,0,2019
KOR,m,12-17,0,2019
KOR,m,18-59,0,2019
KOR,m,60+,0,2019
KOR,f,0-4,0,2019
KOR,f,5-11,0,2019
KOR,f,12-17,0,2019
KOR,f,18-59,0,2019
KOR,f,60+,0,2019
KOR,m,0-4,0,2019
KOR,m,5-11,0,2019
KOR,m,12-17,0,2019
KOR,m,18-59,0,2019
KOR,m,60+,0,2019
KWT,f,0-4,0,2019
KWT,f,5-11,0,2019
KWT,f,12-17,6,2019
KWT,f,18-59,5,2019
KWT,f,60+,0,2019
KWT,m,0-4,0,2019
KWT,m,5-11,0,2019
KWT,m,12-17,6,2019
KWT,m,18-59,0,2019
KWT,m,60+,0,2019
LBN,f,0-4,0,2019
LBN,f,5-11,0,2019
LBN,f,12-17,0,2019
LBN,f,18-59,0,2019
LBN,f,60+,0,2019
LBN,m,0-4,0,2019
LBN,m,5-11,0,2019
LBN,m,12-17,0,2019
LBN,m,18-59,6,2019
LBN,m,60+,0,2019
LBN,f,0-4,0,2019
LBN,f,5-11,0,2019
LBN,f,12-17,0,2019
LBN,f,18-59,5,2019
LBN,f,60+,0,2019
LBN,m,0-4,0,2019
LBN,m,5-11,5,2019
LBN,m,12-17,0,2019
LBN,m,18-59,0,2019
LBN,m,60+,8,2019
LBY,f,0-4,0,2019
LBY,f,5-11,0,2019
LBY,f,12-17,0,2019
LBY,f,18-59,5,2019
LBY,f,60+,0,2019
LBY,m,0-4,0,2019
LBY,m,5-11,0,2019
LBY,m,12-17,0,2019
LBY,m,18-59,6,2019
LBY,m,60+,0,2019
LIE,f,0-4,0,2019
LIE,f,5-11,0,2019
LIE,f,12-17,0,2019
LIE,f,18-59,0,2019
LIE,f,60+,0,2019
LIE,m,0-4,0,2019
LIE,m,5-11,5,2019
LIE,m,12-17,0,2019
LIE,m,18-59,0,2019
LIE,m,60+,0,2019
LKA,f,0-4,0,2019
LKA,f,5-11,12,2019
LKA,f,12-17,0,2019
LKA,f,18-59,9,2019
LKA,f,60+,0,2019
LKA,m,0-4,0,2019
LKA,m,5-11,5,2019
LKA,m,12-17,7,2019
LKA,m,18-59,12,2019
LKA,m,60+,0,2019
LKA,f,0-4,0,2019
LKA,f,5-11,13,2019
LKA,f,12-17,12,2019
LKA,f,18-59,37,2019
LKA,f,60+,0,2019
LKA,m,0-4,8,2019
LKA,m,5-11,17,2019
LKA,m,12-17,12,2019
LKA,m,18-59,61,2019
LKA,m,60+,0,2019
LTU,f,0-4,0,2019
LTU,f,5-11,0,2019
LTU,f,12-17,0,2019
LTU,f,18-59,0,2019
LTU,f,60+,0,2019
LTU,m,0-4,0,2019
LTU,m,5-11,0,2019
LTU,m,12-17,0,2019
LTU,m,18-59,0,2019
LTU,m,60+,0,2019
LTU,f,0-4,0,2019
LTU,f,5-11,0,2019
LTU,f,12-17,0,2019
LTU,f,18-59,0,2019
LTU,f,60+,0,2019
LTU,m,0-4,0,2019
LTU,m,5-11,0,2019
LTU,m,12-17,0,2019
LTU,m,18-59,0,2019
LTU,m,60+,0,2019
LUX,f,0-4,0,2019
LUX,f,5-11,0,2019
LUX,f,12-17,0,2019
LUX,f,18-59,0,2019
LUX,f,60+,0,2019
LUX,m,0-4,0,2019
LUX,m,5-11,0,2019
LUX,m,12-17,0,2019
LUX,m,18-59,0,2019
LUX,m,60+,0,2019
LUX,f,0-4,0,2019
LUX,f,5-11,0,2019
LUX,f,12-17,0,2019
LUX,f,18-59,0,2019
LUX,f,60+,0,2019
LUX,m,0-4,0,2019
LUX,m,5-11,0,2019
LUX,m,12-17,0,2019
LUX,m,18-59,0,2019
LUX,m,60+,0,2019
LVA,f,0-4,0,2019
LVA,f,5-11,0,2019
LVA,f,12-17,0,2019
LVA,f,18-59,0,2019
LVA,f,60+,0,2019
LVA,m,0-4,0,2019
LVA,m,5-11,0,2019
LVA,m,12-17,0,2019
LVA,m,18-59,0,2019
LVA,m,60+,0,2019
MAR,f,0-4,0,2019
MAR,f,5-11,6,2019
MAR,f,12-17,0,2019
MAR,f,18-59,0,2019
MAR,f,60+,0,2019
MAR,m,0-4,0,2019
MAR,m,5-11,0,2019
MAR,m,12-17,0,2019
MAR,m,18-59,0,2019
MAR,m,60+,0,2019
MAR,f,0-4,0,2019
MAR,f,5-11,0,2019
MAR,f,12-17,0,2019
MAR,f,18-59,0,2019
MAR,f,60+,0,2019
MAR,m,0-4,0,2019
MAR,m,5-11,0,2019
MAR,m,12-17,0,2019
MAR,m,18-59,5,2019
MAR,m,60+,0,2019
MDA,f,0-4,0,2019
MDA,f,5-11,0,2019
MDA,f,12-17,0,2019
MDA,f,18-59,6,2019
MDA,f,60+,0,2019
MDA,m,0-4,0,2019
MDA,m,5-11,8,2019
MDA,m,12-17,0,2019
MDA,m,18-59,10,2019
MDA,m,60+,0,2019
MDG,f,0-4,0,2019
MDG,f,5-11,0,2019
MDG,f,12-17,0,2019
MDG,f,18-59,5,2019
MDG,f,60+,0,2019
MDG,m,0-4,0,2019
MDG,m,5-11,0,2019
MDG,m,12-17,0,2019
MDG,m,18-59,5,2019
MDG,m,60+,0,2019
MDG,f,0-4,0,2019
MDG,f,5-11,0,2019
MDG,f,12-17,0,2019
MDG,f,18-59,0,2019
MDG,f,60+,0,2019
MDG,m,0-4,0,2019
MDG,m,5-11,0,2019
MDG,m,12-17,0,2019
MDG,m,18-59,10,2019
MDG,m,60+,0,2019
MKD,f,0-4,0,2019
MKD,f,5-11,0,2019
MKD,f,12-17,0,2019
MKD,f,18-59,0,2019
MKD,f,60+,0,2019
MKD,m,0-4,0,2019
MKD,m,5-11,0,2019
MKD,m,12-17,0,2019
MKD,m,18-59,15,2019
MKD,m,60+,0,2019
MKD,f,0-4,0,2019
MKD,f,5-11,5,2019
MKD,f,12-17,0,2019
MKD,f,18-59,0,2019
MKD,f,60+,0,2019
MKD,m,0-4,0,2019
MKD,m,5-11,0,2019
MKD,m,12-17,0,2019
MKD,m,18-59,0,2019
MKD,m,60+,0,2019
MLT,f,0-4,0,2019
MLT,f,5-11,0,2019
MLT,f,12-17,0,2019
MLT,f,18-59,0,2019
MLT,f,60+,0,2019
MLT,m,0-4,0,2019
MLT,m,5-11,0,2019
MLT,m,12-17,0,2019
MLT,m,18-59,0,2019
MLT,m,60+,0,2019
MNE,f,0-4,0,2019
MNE,f,5-11,5,2019
MNE,f,12-17,0,2019
MNE,f,18-59,5,2019
MNE,f,60+,0,2019
MNE,m,0-4,5,2019
MNE,m,5-11,0,2019
MNE,m,12-17,6,2019
MNE,m,18-59,29,2019
MNE,m,60+,0,2019
MYS,f,0-4,59,2019
MYS,f,5-11,67,2019
MYS,f,12-17,64,2019
MYS,f,18-59,276,2019
MYS,f,60+,15,2019
MYS,m,0-4,69,2019
MYS,m,5-11,82,2019
MYS,m,12-17,123,2019
MYS,m,18-59,361,2019
MYS,m,60+,10,2019
MYS,f,0-4,67,2019
MYS,f,5-11,107,2019
MYS,f,12-17,90,2019
MYS,f,18-59,347,2019
MYS,f,60+,22,2019
MYS,m,0-4,58,2019
MYS,m,5-11,126,2019
MYS,m,12-17,135,2019
MYS,m,18-59,386,2019
MYS,m,60+,14,2019
NGA,f,0-4,0,2019
NGA,f,5-11,0,2019
NGA,f,12-17,0,2019
NGA,f,18-59,0,2019
NGA,f,60+,0,2019
NGA,m,0-4,0,2019
NGA,m,5-11,0,2019
NGA,m,12-17,0,2019
NGA,m,18-59,5,2019
NGA,m,60+,0,2019
NLD,f,0-4,0,2019
NLD,f,5-11,0,2019
NLD,f,12-17,0,2019
NLD,f,18-59,0,2019
NLD,f,60+,0,2019
NLD,m,0-4,0,2019
NLD,m,5-11,0,2019
NLD,m,12-17,0,2019
NLD,m,18-59,0,2019
NLD,m,60+,0,2019
NLD,f,0-4,0,2019
NLD,f,5-11,0,2019
NLD,f,12-17,0,2019
NLD,f,18-59,0,2019
NLD,f,60+,0,2019
NLD,m,0-4,0,2019
NLD,m,5-11,0,2019
NLD,m,12-17,0,2019
NLD,m,18-59,0,2019
NLD,m,60+,0,2019
NOR,f,0-4,0,2019
NOR,f,5-11,0,2019
NOR,f,12-17,0,2019
NOR,f,18-59,0,2019
NOR,f,60+,0,2019
NOR,m,0-4,0,2019
NOR,m,5-11,0,2019
NOR,m,12-17,0,2019
NOR,m,18-59,0,2019
NOR,m,60+,0,2019
NOR,f,0-4,0,2019
NOR,f,5-11,0,2019
NOR,f,12-17,0,2019
NOR,f,18-59,0,2019
NOR,f,60+,0,2019
NOR,m,0-4,0,2019
NOR,m,5-11,0,2019
NOR,m,12-17,0,2019
NOR,m,18-59,0,2019
NOR,m,60+,0,2019
NPL,f,0-4,0,2019
NPL,f,5-11,5,2019
NPL,f,12-17,5,2019
NPL,f,18-59,15,2019
NPL,f,60+,0,2019
NPL,m,0-4,0,2019
NPL,m,5-11,5,2019
NPL,m,12-17,5,2019
NPL,m,18-59,16,2019
NPL,m,60+,0,2019
NRU,f,0-4,0,2019
NRU,f,5-11,0,2019
NRU,f,12-17,0,2019
NRU,f,18-59,0,2019
NRU,f,60+,0,2019
NRU,m,0-4,0,2019
NRU,m,5-11,0,2019
NRU,m,12-17,0,2019
NRU,m,18-59,5,2019
NRU,m,60+,0,2019
NRU,f,0-4,0,2019
NRU,f,5-11,0,2019
NRU,f,12-17,0,2019
NRU,f,18-59,0,2019
NRU,f,60+,0,2019
NRU,m,0-4,0,2019
NRU,m,5-11,0,2019
NRU,m,12-17,0,2019
NRU,m,18-59,25,2019
NRU,m,60+,0,2019
NZL,f,0-4,0,2019
NZL,f,5-11,0,2019
NZL,f,12-17,0,2019
NZL,f,18-59,0,2019
NZL,f,60+,0,2019
NZL,m,0-4,0,2019
NZL,m,5-11,0,2019
NZL,m,12-17,0,2019
NZL,m,18-59,0,2019
NZL,m,60+,0,2019
NZL,f,0-4,0,2019
NZL,f,5-11,0,2019
NZL,f,12-17,0,2019
NZL,f,18-59,0,2019
NZL,f,60+,0,2019
NZL,m,0-4,0,2019
NZL,m,5-11,0,2019
NZL,m,12-17,0,2019
NZL,m,18-59,0,2019
NZL,m,60+,0,2019
PAK,f,0-4,573,2019
PAK,f,5-11,991,2019
PAK,f,12-17,669,2019
PAK,f,18-59,2072,2019
PAK,f,60+,106,2019
PAK,m,0-4,524,2019
PAK,m,5-11,1057,2019
PAK,m,12-17,773,2019
PAK,m,18-59,1546,2019
PAK,m,60+,95,2019
PAK,f,0-4,63659,2019
PAK,f,5-11,149878,2019
PAK,f,12-17,105232,2019
PAK,f,18-59,314305,2019
PAK,f,60+,24977,2019
PAK,m,0-4,67573,2019
PAK,m,5-11,159642,2019
PAK,m,12-17,111175,2019
PAK,m,18-59,379460,2019
PAK,m,60+,43183,2019
PAN,f,0-4,0,2019
PAN,f,5-11,0,2019
PAN,f,12-17,0,2019
PAN,f,18-59,0,2019
PAN,f,60+,0,2019
PAN,m,0-4,0,2019
PAN,m,5-11,0,2019
PAN,m,12-17,0,2019
PAN,m,18-59,0,2019
PAN,m,60+,0,2019
PAN,f,0-4,0,2019
PAN,f,5-11,0,2019
PAN,f,12-17,0,2019
PAN,f,18-59,0,2019
PAN,f,60+,0,2019
PAN,m,0-4,0,2019
PAN,m,5-11,0,2019
PAN,m,12-17,0,2019
PAN,m,18-59,0,2019
PAN,m,60+,0,2019
PHL,f,0-4,0,2019
PHL,f,5-11,0,2019
PHL,f,12-17,0,2019
PHL,f,18-59,0,2019
PHL,f,60+,0,2019
PHL,m,0-4,0,2019
PHL,m,5-11,6,2019
PHL,m,12-17,0,2019
PHL,m,18-59,0,2019
PHL,m,60+,0,2019
PHL,f,0-4,0,2019
PHL,f,5-11,0,2019
PHL,f,12-17,0,2019
PHL,f,18-59,0,2019
PHL,f,60+,0,2019
PHL,m,0-4,0,2019
PHL,m,5-11,0,2019
PHL,m,12-17,0,2019
PHL,m,18-59,14,2019
PHL,m,60+,0,2019
PNG,f,0-4,0,2019
PNG,f,5-11,0,2019
PNG,f,12-17,0,2019
PNG,f,18-59,0,2019
PNG,f,60+,0,2019
PNG,m,0-4,0,2019
PNG,m,5-11,0,2019
PNG,m,12-17,0,2019
PNG,m,18-59,5,2019
PNG,m,60+,0,2019
PNG,f,0-4,0,2019
PNG,f,5-11,0,2019
PNG,f,12-17,0,2019
PNG,f,18-59,0,2019
PNG,f,60+,0,2019
PNG,m,0-4,0,2019
PNG,m,5-11,0,2019
PNG,m,12-17,0,2019
PNG,m,18-59,43,2019
PNG,m,60+,0,2019
POL,f,0-4,0,2019
POL,f,5-11,0,2019
POL,f,12-17,0,2019
POL,f,18-59,0,2019
POL,f,60+,0,2019
POL,m,0-4,0,2019
POL,m,5-11,0,2019
POL,m,12-17,0,2019
POL,m,18-59,0,2019
POL,m,60+,0,2019
POL,f,0-4,0,2019
POL,f,5-11,0,2019
POL,f,12-17,0,2019
POL,f,18-59,0,2019
POL,f,60+,0,2019
POL,m,0-4,0,2019
POL,m,5-11,0,2019
POL,m,12-17,0,2019
POL,m,18-59,0,2019
POL,m,60+,0,2019
PRT,f,0-4,0,2019
PRT,f,5-11,0,2019
PRT,f,12-17,0,2019
PRT,f,18-59,0,2019
PRT,f,60+,0,2019
PRT,m,0-4,0,2019
PRT,m,5-11,0,2019
PRT,m,12-17,0,2019
PRT,m,18-59,0,2019
PRT,m,60+,0,2019
PRT,f,0-4,0,2019
PRT,f,5-11,0,2019
PRT,f,12-17,0,2019
PRT,f,18-59,0,2019
PRT,f,60+,0,2019
PRT,m,0-4,0,2019
PRT,m,5-11,0,2019
PRT,m,12-17,0,2019
PRT,m,18-59,0,2019
PRT,m,60+,0,2019
ROU,f,0-4,0,2019
ROU,f,5-11,0,2019
ROU,f,12-17,0,2019
ROU,f,18-59,0,2019
ROU,f,60+,0,2019
ROU,m,0-4,0,2019
ROU,m,5-11,0,2019
ROU,m,12-17,0,2019
ROU,m,18-59,0,2019
ROU,m,60+,0,2019
ROU,f,0-4,0,2019
ROU,f,5-11,5,2019
ROU,f,12-17,5,2019
ROU,f,18-59,16,2019
ROU,f,60+,0,2019
ROU,m,0-4,0,2019
ROU,m,5-11,7,2019
ROU,m,12-17,12,2019
ROU,m,18-59,103,2019
ROU,m,60+,0,2019
RUS,f,0-4,0,2019
RUS,f,5-11,0,2019
RUS,f,12-17,0,2019
RUS,f,18-59,0,2019
RUS,f,60+,0,2019
RUS,m,0-4,0,2019
RUS,m,5-11,0,2019
RUS,m,12-17,0,2019
RUS,m,18-59,0,2019
RUS,m,60+,0,2019
RUS,f,0-4,0,2019
RUS,f,5-11,0,2019
RUS,f,12-17,0,2019
RUS,f,18-59,0,2019
RUS,f,60+,0,2019
RUS,m,0-4,0,2019
RUS,m,5-11,0,2019
RUS,m,12-17,0,2019
RUS,m,18-59,0,2019
RUS,m,60+,0,2019
SDN,f,0-4,0,2019
SDN,f,5-11,0,2019
SDN,f,12-17,0,2019
SDN,f,18-59,0,2019
SDN,f,60+,0,2019
SDN,m,0-4,0,2019
SDN,m,5-11,0,2019
SDN,m,12-17,0,2019
SDN,m,18-59,0,2019
SDN,m,60+,0,2019
SEN,f,0-4,0,2019
SEN,f,5-11,0,2019
SEN,f,12-17,0,2019
SEN,f,18-59,0,2019
SEN,f,60+,0,2019
SEN,m,0-4,0,2019
SEN,m,5-11,0,2019
SEN,m,12-17,0,2019
SEN,m,18-59,5,2019
SEN,m,60+,0,2019
SRB,f,0-4,0,2019
SRB,f,5-11,0,2019
SRB,f,12-17,0,2019
SRB,f,18-59,0,2019
SRB,f,60+,0,2019
SRB,m,0-4,0,2019
SRB,m,5-11,0,2019
SRB,m,12-17,0,2019
SRB,m,18-59,0,2019
SRB,m,60+,0,2019
SRB,f,0-4,0,2019
SRB,f,5-11,0,2019
SRB,f,12-17,0,2019
SRB,f,18-59,0,2019
SRB,f,60+,0,2019
SRB,m,0-4,0,2019
SRB,m,5-11,0,2019
SRB,m,12-17,0,2019
SRB,m,18-59,0,2019
SRB,m,60+,0,2019
SRB,f,0-4,0,2019
SRB,f,5-11,0,2019
SRB,f,12-17,0,2019
SRB,f,18-59,0,2019
SRB,f,60+,0,2019
SRB,m,0-4,0,2019
SRB,m,5-11,0,2019
SRB,m,12-17,0,2019
SRB,m,18-59,0,2019
SRB,m,60+,0,2019
SVK,f,0-4,0,2019
SVK,f,5-11,0,2019
SVK,f,12-17,0,2019
SVK,f,18-59,0,2019
SVK,f,60+,0,2019
SVK,m,0-4,0,2019
SVK,m,5-11,0,2019
SVK,m,12-17,0,2019
SVK,m,18-59,0,2019
SVK,m,60+,0,2019
SVN,f,0-4,0,2019
SVN,f,5-11,0,2019
SVN,f,12-17,0,2019
SVN,f,18-59,0,2019
SVN,f,60+,0,2019
SVN,m,0-4,0,2019
SVN,m,5-11,0,2019
SVN,m,12-17,0,2019
SVN,m,18-59,0,2019
SVN,m,60+,0,2019
SVN,f,0-4,0,2019
SVN,f,5-11,0,2019
SVN,f,12-17,0,2019
SVN,f,18-59,0,2019
SVN,f,60+,0,2019
SVN,m,0-4,0,2019
SVN,m,5-11,0,2019
SVN,m,12-17,0,2019
SVN,m,18-59,0,2019
SVN,m,60+,0,2019
SWE,f,0-4,0,2019
SWE,f,5-11,0,2019
SWE,f,12-17,0,2019
SWE,f,18-59,0,2019
SWE,f,60+,0,2019
SWE,m,0-4,0,2019
SWE,m,5-11,0,2019
SWE,m,12-17,0,2019
SWE,m,18-59,0,2019
SWE,m,60+,0,2019
SWE,f,0-4,0,2019
SWE,f,5-11,0,2019
SWE,f,12-17,0,2019
SWE,f,18-59,0,2019
SWE,f,60+,0,2019
SWE,m,0-4,0,2019
SWE,m,5-11,0,2019
SWE,m,12-17,0,2019
SWE,m,18-59,0,2019
SWE,m,60+,0,2019
SYR,f,0-4,9,2019
SYR,f,5-11,0,2019
SYR,f,12-17,0,2019
SYR,f,18-59,7,2019
SYR,f,60+,0,2019
SYR,m,0-4,7,2019
SYR,m,5-11,0,2019
SYR,m,12-17,0,2019
SYR,m,18-59,9,2019
SYR,m,60+,0,2019
SYR,f,0-4,44,2019
SYR,f,5-11,70,2019
SYR,f,12-17,75,2019
SYR,f,18-59,327,2019
SYR,f,60+,21,2019
SYR,m,0-4,64,2019
SYR,m,5-11,67,2019
SYR,m,12-17,82,2019
SYR,m,18-59,312,2019
SYR,m,60+,48,2019
THA,f,0-4,0,2019
THA,f,5-11,0,2019
THA,f,12-17,0,2019
THA,f,18-59,6,2019
THA,f,60+,0,2019
THA,m,0-4,0,2019
THA,m,5-11,6,2019
THA,m,12-17,0,2019
THA,m,18-59,6,2019
THA,m,60+,0,2019
THA,f,0-4,8,2019
THA,f,5-11,11,2019
THA,f,12-17,8,2019
THA,f,18-59,27,2019
THA,f,60+,0,2019
THA,m,0-4,5,2019
THA,m,5-11,5,2019
THA,m,12-17,10,2019
THA,m,18-59,60,2019
THA,m,60+,0,2019
TJK,f,0-4,0,2019
TJK,f,5-11,0,2019
TJK,f,12-17,0,2019
TJK,f,18-59,0,2019
TJK,f,60+,0,2019
TJK,m,0-4,0,2019
TJK,m,5-11,0,2019
TJK,m,12-17,0,2019
TJK,m,18-59,0,2019
TJK,m,60+,0,2019
TJK,f,0-4,0,2019
TJK,f,5-11,0,2019
TJK,f,12-17,0,2019
TJK,f,18-59,0,2019
TJK,f,60+,0,2019
TJK,m,0-4,0,2019
TJK,m,5-11,0,2019
TJK,m,12-17,0,2019
TJK,m,18-59,0,2019
TJK,m,60+,0,2019
TKM,f,0-4,0,2019
TKM,f,5-11,0,2019
TKM,f,12-17,0,2019
TKM,f,18-59,7,2019
TKM,f,60+,0,2019
TKM,m,0-4,0,2019
TKM,m,5-11,0,2019
TKM,m,12-17,0,2019
TKM,m,18-59,7,2019
TKM,m,60+,0,2019
TUR,f,0-4,6043,2019
TUR,f,5-11,9165,2019
TUR,f,12-17,5731,2019
TUR,f,18-59,25142,2019
TUR,f,60+,1089,2019
TUR,m,0-4,6547,2019
TUR,m,5-11,10397,2019
TUR,m,12-17,7405,2019
TUR,m,18-59,43607,2019
TUR,m,60+,1277,2019
TUR,f,0-4,0,2019
TUR,f,5-11,0,2019
TUR,f,12-17,0,2019
TUR,f,18-59,0,2019
TUR,f,60+,0,2019
TUR,m,0-4,0,2019
TUR,m,5-11,0,2019
TUR,m,12-17,0,2019
TUR,m,18-59,0,2019
TUR,m,60+,0,2019
UKR,f,0-4,27,2019
UKR,f,5-11,30,2019
UKR,f,12-17,30,2019
UKR,f,18-59,125,2019
UKR,f,60+,7,2019
UKR,m,0-4,22,2019
UKR,m,5-11,34,2019
UKR,m,12-17,26,2019
UKR,m,18-59,334,2019
UKR,m,60+,6,2019
UKR,f,0-4,0,2019
UKR,f,5-11,0,2019
UKR,f,12-17,0,2019
UKR,f,18-59,0,2019
UKR,f,60+,0,2019
UKR,m,0-4,0,2019
UKR,m,5-11,0,2019
UKR,m,12-17,0,2019
UKR,m,18-59,0,2019
UKR,m,60+,0,2019
URY,f,0-4,0,2019
URY,f,5-11,0,2019
URY,f,12-17,0,2019
URY,f,18-59,0,2019
URY,f,60+,0,2019
URY,m,0-4,0,2019
URY,m,5-11,0,2019
URY,m,12-17,0,2019
URY,m,18-59,5,2019
URY,m,60+,0,2019
USA,f,0-4,0,2019
USA,f,5-11,0,2019
USA,f,12-17,0,2019
USA,f,18-59,0,2019
USA,f,60+,0,2019
USA,m,0-4,0,2019
USA,m,5-11,0,2019
USA,m,12-17,0,2019
USA,m,18-59,0,2019
USA,m,60+,0,2019
USA,f,0-4,0,2019
USA,f,5-11,0,2019
USA,f,12-17,0,2019
USA,f,18-59,0,2019
USA,f,60+,0,2019
USA,m,0-4,0,2019
USA,m,5-11,0,2019
USA,m,12-17,0,2019
USA,m,18-59,0,2019
USA,m,60+,0,2019
UZB,f,0-4,0,2019
UZB,f,5-11,0,2019
UZB,f,12-17,0,2019
UZB,f,18-59,6,2019
UZB,f,60+,0,2019
UZB,m,0-4,0,2019
UZB,m,5-11,0,2019
UZB,m,12-17,0,2019
UZB,m,18-59,7,2019
UZB,m,60+,0,2019
VEN,f,0-4,0,2019
VEN,f,5-11,5,2019
VEN,f,12-17,0,2019
VEN,f,18-59,0,2019
VEN,f,60+,0,2019
VEN,m,0-4,0,2019
VEN,m,5-11,0,2019
VEN,m,12-17,0,2019
VEN,m,18-59,5,2019
VEN,m,60+,0,2019
ZAF,f,0-4,0,2019
ZAF,f,5-11,0,2019
ZAF,f,12-17,0,2019
ZAF,f,18-59,0,2019
ZAF,f,60+,0,2019
ZAF,m,0-4,0,2019
ZAF,m,5-11,0,2019
ZAF,m,12-17,0,2019
ZAF,m,18-59,0,2019
ZAF,m,60+,0,2019
AFG,f,0-4,28418,2010
AFG,f,5-11,126095,2010
AFG,f,12-17,69091,2010
AFG,f,18-59,176831,2010
AFG,f,60+,9962,2010
AFG,m,0-4,28706,2010
AFG,m,5-11,130910,2010
AFG,m,12-17,76620,2010
AFG,m,18-59,176224,2010
AFG,m,60+,15393,2010
ARE,f,0-4,0,2010
ARE,f,5-11,0,2010
ARE,f,12-17,8,2010
ARE,f,18-59,0,2010
ARE,f,60+,0,2010
ARE,m,0-4,0,2010
ARE,m,5-11,0,2010
ARE,m,12-17,8,2010
ARE,m,18-59,0,2010
ARE,m,60+,0,2010
ARE,f,0-4,0,2010
ARE,f,5-11,0,2010
ARE,f,12-17,0,2010
ARE,f,18-59,0,2010
ARE,f,60+,0,2010
ARE,m,0-4,5,2010
ARE,m,5-11,0,2010
ARE,m,12-17,0,2010
ARE,m,18-59,0,2010
ARE,m,60+,0,2010
AUS,f,0-4,0,2010
AUS,f,5-11,0,2010
AUS,f,12-17,0,2010
AUS,f,18-59,0,2010
AUS,f,60+,0,2010
AUS,m,0-4,0,2010
AUS,m,5-11,0,2010
AUS,m,12-17,0,2010
AUS,m,18-59,0,2010
AUS,m,60+,0,2010
AUS,f,0-4,0,2010
AUS,f,5-11,0,2010
AUS,f,12-17,0,2010
AUS,f,18-59,0,2010
AUS,f,60+,0,2010
AUS,m,0-4,0,2010
AUS,m,5-11,0,2010
AUS,m,12-17,0,2010
AUS,m,18-59,0,2010
AUS,m,60+,0,2010
AUT,f,0-4,0,2010
AUT,f,5-11,0,2010
AUT,f,12-17,0,2010
AUT,f,18-59,0,2010
AUT,f,60+,0,2010
AUT,m,0-4,0,2010
AUT,m,5-11,0,2010
AUT,m,12-17,0,2010
AUT,m,18-59,0,2010
AUT,m,60+,0,2010
AUT,f,0-4,0,2010
AUT,f,5-11,0,2010
AUT,f,12-17,0,2010
AUT,f,18-59,0,2010
AUT,f,60+,0,2010
AUT,m,0-4,0,2010
AUT,m,5-11,0,2010
AUT,m,12-17,0,2010
AUT,m,18-59,0,2010
AUT,m,60+,0,2010
AZE,f,0-4,31,2010
AZE,f,5-11,45,2010
AZE,f,12-17,31,2010
AZE,f,18-59,128,2010
AZE,f,60+,11,2010
AZE,m,0-4,37,2010
AZE,m,5-11,42,2010
AZE,m,12-17,42,2010
AZE,m,18-59,341,2010
AZE,m,60+,10,2010
BEL,f,0-4,0,2010
BEL,f,5-11,0,2010
BEL,f,12-17,0,2010
BEL,f,18-59,0,2010
BEL,f,60+,0,2010
BEL,m,0-4,0,2010
BEL,m,5-11,0,2010
BEL,m,12-17,0,2010
BEL,m,18-59,0,2010
BEL,m,60+,0,2010
BGR,f,0-4,0,2010
BGR,f,5-11,0,2010
BGR,f,12-17,0,2010
BGR,f,18-59,0,2010
BGR,f,60+,0,2010
BGR,m,0-4,0,2010
BGR,m,5-11,0,2010
BGR,m,12-17,0,2010
BGR,m,18-59,0,2010
BGR,m,60+,0,2010
BGR,f,0-4,0,2010
BGR,f,5-11,0,2010
BGR,f,12-17,0,2010
BGR,f,18-59,0,2010
BGR,f,60+,0,2010
BGR,m,0-4,0,2010
BGR,m,5-11,0,2010
BGR,m,12-17,0,2010
BGR,m,18-59,0,2010
BGR,m,60+,0,2010
BIH,f,0-4,0,2010
BIH,f,5-11,0,2010
BIH,f,12-17,0,2010
BIH,f,18-59,0,2010
BIH,f,60+,0,2010
BIH,m,0-4,0,2010
BIH,m,5-11,0,2010
BIH,m,12-17,5,2010
BIH,m,18-59,6,2010
BIH,m,60+,0,2010
BLR,f,0-4,0,2010
BLR,f,5-11,5,2010
BLR,f,12-17,6,2010
BLR,f,18-59,13,2010
BLR,f,60+,0,2010
BLR,m,0-4,12,2010
BLR,m,5-11,5,2010
BLR,m,12-17,0,2010
BLR,m,18-59,14,2010
BLR,m,60+,0,2010
BLR,f,0-4,8,2010
BLR,f,5-11,33,2010
BLR,f,12-17,37,2010
BLR,f,18-59,76,2010
BLR,f,60+,8,2010
BLR,m,0-4,18,2010
BLR,m,5-11,20,2010
BLR,m,12-17,24,2010
BLR,m,18-59,188,2010
BLR,m,60+,5,2010
BRA,f,0-4,0,2010
BRA,f,5-11,0,2010
BRA,f,12-17,0,2010
BRA,f,18-59,0,2010
BRA,f,60+,0,2010
BRA,m,0-4,0,2010
BRA,m,5-11,0,2010
BRA,m,12-17,7,2010
BRA,m,18-59,15,2010
BRA,m,60+,0,2010
CAN,f,0-4,32,2010
CAN,f,5-11,43,2010
CAN,f,12-17,33,2010
CAN,f,18-59,132,2010
CAN,f,60+,20,2010
CAN,m,0-4,25,2010
CAN,m,5-11,31,2010
CAN,m,12-17,42,2010
CAN,m,18-59,224,2010
CAN,m,60+,10,2010
CAN,f,0-4,0,2010
CAN,f,5-11,0,2010
CAN,f,12-17,0,2010
CAN,f,18-59,0,2010
CAN,f,60+,0,2010
CAN,m,0-4,0,2010
CAN,m,5-11,0,2010
CAN,m,12-17,0,2010
CAN,m,18-59,0,2010
CAN,m,60+,0,2010
CHE,f,0-4,28,2010
CHE,f,5-11,35,2010
CHE,f,12-17,16,2010
CHE,f,18-59,116,2010
CHE,f,60+,0,2010
CHE,m,0-4,33,2010
CHE,m,5-11,45,2010
CHE,m,12-17,76,2010
CHE,m,18-59,569,2010
CHE,m,60+,5,2010
CHE,f,0-4,49,2010
CHE,f,5-11,82,2010
CHE,f,12-17,75,2010
CHE,f,18-59,208,2010
CHE,f,60+,22,2010
CHE,m,0-4,59,2010
CHE,m,5-11,80,2010
CHE,m,12-17,94,2010
CHE,m,18-59,487,2010
CHE,m,60+,21,2010
CHL,f,0-4,0,2010
CHL,f,5-11,0,2010
CHL,f,12-17,0,2010
CHL,f,18-59,0,2010
CHL,f,60+,0,2010
CHL,m,0-4,0,2010
CHL,m,5-11,0,2010
CHL,m,12-17,0,2010
CHL,m,18-59,0,2010
CHL,m,60+,0,2010
CHN,f,0-4,0,2010
CHN,f,5-11,0,2010
CHN,f,12-17,0,2010
CHN,f,18-59,0,2010
CHN,f,60+,0,2010
CHN,m,0-4,0,2010
CHN,m,5-11,0,2010
CHN,m,12-17,7,2010
CHN,m,18-59,0,2010
CHN,m,60+,0,2010
COL,f,0-4,0,2010
COL,f,5-11,0,2010
COL,f,12-17,0,2010
COL,f,18-59,0,2010
COL,f,60+,0,2010
COL,m,0-4,0,2010
COL,m,5-11,0,2010
COL,m,12-17,0,2010
COL,m,18-59,5,2010
COL,m,60+,0,2010
CYM,f,0-4,0,2010
CYM,f,5-11,0,2010
CYM,f,12-17,0,2010
CYM,f,18-59,0,2010
CYM,f,60+,0,2010
CYM,m,0-4,0,2010
CYM,m,5-11,0,2010
CYM,m,12-17,0,2010
CYM,m,18-59,5,2010
CYM,m,60+,0,2010
CYP,f,0-4,0,2010
CYP,f,5-11,0,2010
CYP,f,12-17,0,2010
CYP,f,18-59,0,2010
CYP,f,60+,0,2010
CYP,m,0-4,0,2010
CYP,m,5-11,0,2010
CYP,m,12-17,0,2010
CYP,m,18-59,0,2010
CYP,m,60+,0,2010
CYP,f,0-4,0,2010
CYP,f,5-11,0,2010
CYP,f,12-17,0,2010
CYP,f,18-59,0,2010
CYP,f,60+,0,2010
CYP,m,0-4,0,2010
CYP,m,5-11,0,2010
CYP,m,12-17,0,2010
CYP,m,18-59,0,2010
CYP,m,60+,0,2010
CZE,f,0-4,0,2010
CZE,f,5-11,0,2010
CZE,f,12-17,0,2010
CZE,f,18-59,0,2010
CZE,f,60+,0,2010
CZE,m,0-4,0,2010
CZE,m,5-11,0,2010
CZE,m,12-17,0,2010
CZE,m,18-59,0,2010
CZE,m,60+,0,2010
CZE,f,0-4,0,2010
CZE,f,5-11,0,2010
CZE,f,12-17,0,2010
CZE,f,18-59,0,2010
CZE,f,60+,0,2010
CZE,m,0-4,0,2010
CZE,m,5-11,0,2010
CZE,m,12-17,0,2010
CZE,m,18-59,0,2010
CZE,m,60+,0,2010
DEU,f,0-4,248,2010
DEU,f,5-11,323,2010
DEU,f,12-17,322,2010
DEU,f,18-59,1161,2010
DEU,f,60+,107,2010
DEU,m,0-4,273,2010
DEU,m,5-11,370,2010
DEU,m,12-17,1152,2010
DEU,m,18-59,2961,2010
DEU,m,60+,107,2010
DEU,f,0-4,0,2010
DEU,f,5-11,0,2010
DEU,f,12-17,0,2010
DEU,f,18-59,0,2010
DEU,f,60+,0,2010
DEU,m,0-4,0,2010
DEU,m,5-11,0,2010
DEU,m,12-17,0,2010
DEU,m,18-59,0,2010
DEU,m,60+,0,2010
DEU,f,0-4,326,2010
DEU,f,5-11,1208,2010
DEU,f,12-17,1660,2010
DEU,f,18-59,8455,2010
DEU,f,60+,2353,2010
DEU,m,0-4,332,2010
DEU,m,5-11,1296,2010
DEU,m,12-17,2138,2010
DEU,m,18-59,11031,2010
DEU,m,60+,1605,2010
DNK,f,0-4,0,2010
DNK,f,5-11,0,2010
DNK,f,12-17,0,2010
DNK,f,18-59,0,2010
DNK,f,60+,0,2010
DNK,m,0-4,0,2010
DNK,m,5-11,0,2010
DNK,m,12-17,0,2010
DNK,m,18-59,0,2010
DNK,m,60+,0,2010
DNK,f,0-4,0,2010
DNK,f,5-11,0,2010
DNK,f,12-17,0,2010
DNK,f,18-59,0,2010
DNK,f,60+,0,2010
DNK,m,0-4,0,2010
DNK,m,5-11,0,2010
DNK,m,12-17,0,2010
DNK,m,18-59,0,2010
DNK,m,60+,0,2010
ECU,f,0-4,0,2010
ECU,f,5-11,0,2010
ECU,f,12-17,0,2010
ECU,f,18-59,0,2010
ECU,f,60+,0,2010
ECU,m,0-4,0,2010
ECU,m,5-11,0,2010
ECU,m,12-17,0,2010
ECU,m,18-59,24,2010
ECU,m,60+,0,2010
ECU,f,0-4,0,2010
ECU,f,5-11,0,2010
ECU,f,12-17,12,2010
ECU,f,18-59,37,2010
ECU,f,60+,0,2010
ECU,m,0-4,5,2010
ECU,m,5-11,5,2010
ECU,m,12-17,5,2010
ECU,m,18-59,45,2010
ECU,m,60+,5,2010
ESP,f,0-4,0,2010
ESP,f,5-11,0,2010
ESP,f,12-17,0,2010
ESP,f,18-59,0,2010
ESP,f,60+,0,2010
ESP,m,0-4,0,2010
ESP,m,5-11,0,2010
ESP,m,12-17,0,2010
ESP,m,18-59,0,2010
ESP,m,60+,0,2010
ESP,f,0-4,0,2010
ESP,f,5-11,0,2010
ESP,f,12-17,0,2010
ESP,f,18-59,0,2010
ESP,f,60+,0,2010
ESP,m,0-4,0,2010
ESP,m,5-11,0,2010
ESP,m,12-17,0,2010
ESP,m,18-59,0,2010
ESP,m,60+,0,2010
EST,f,0-4,0,2010
EST,f,5-11,0,2010
EST,f,12-17,0,2010
EST,f,18-59,0,2010
EST,f,60+,0,2010
EST,m,0-4,0,2010
EST,m,5-11,0,2010
EST,m,12-17,0,2010
EST,m,18-59,12,2010
EST,m,60+,0,2010
FIN,f,0-4,0,2010
FIN,f,5-11,0,2010
FIN,f,12-17,0,2010
FIN,f,18-59,0,2010
FIN,f,60+,0,2010
FIN,m,0-4,0,2010
FIN,m,5-11,0,2010
FIN,m,12-17,0,2010
FIN,m,18-59,0,2010
FIN,m,60+,0,2010
FIN,f,0-4,0,2010
FIN,f,5-11,0,2010
FIN,f,12-17,0,2010
FIN,f,18-59,0,2010
FIN,f,60+,0,2010
FIN,m,0-4,0,2010
FIN,m,5-11,0,2010
FIN,m,12-17,0,2010
FIN,m,18-59,0,2010
FIN,m,60+,0,2010
FJI,f,0-4,0,2010
FJI,f,5-11,0,2010
FJI,f,12-17,0,2010
FJI,f,18-59,5,2010
FJI,f,60+,0,2010
FJI,m,0-4,0,2010
FJI,m,5-11,0,2010
FJI,m,12-17,0,2010
FJI,m,18-59,0,2010
FJI,m,60+,0,2010
FRA,f,0-4,0,2010
FRA,f,5-11,0,2010
FRA,f,12-17,0,2010
FRA,f,18-59,0,2010
FRA,f,60+,0,2010
FRA,m,0-4,0,2010
FRA,m,5-11,0,2010
FRA,m,12-17,0,2010
FRA,m,18-59,0,2010
FRA,m,60+,0,2010
GBR,f,0-4,0,2010
GBR,f,5-11,0,2010
GBR,f,12-17,0,2010
GBR,f,18-59,0,2010
GBR,f,60+,0,2010
GBR,m,0-4,0,2010
GBR,m,5-11,0,2010
GBR,m,12-17,0,2010
GBR,m,18-59,0,2010
GBR,m,60+,0,2010
GEO,f,0-4,0,2010
GEO,f,5-11,0,2010
GEO,f,12-17,0,2010
GEO,f,18-59,0,2010
GEO,f,60+,0,2010
GEO,m,0-4,0,2010
GEO,m,5-11,0,2010
GEO,m,12-17,5,2010
GEO,m,18-59,0,2010
GEO,m,60+,0,2010
GRC,f,0-4,0,2010
GRC,f,5-11,0,2010
GRC,f,12-17,0,2010
GRC,f,18-59,0,2010
GRC,f,60+,0,2010
GRC,m,0-4,0,2010
GRC,m,5-11,0,2010
GRC,m,12-17,0,2010
GRC,m,18-59,0,2010
GRC,m,60+,0,2010
GRC,f,0-4,0,2010
GRC,f,5-11,0,2010
GRC,f,12-17,0,2010
GRC,f,18-59,0,2010
GRC,f,60+,0,2010
GRC,m,0-4,0,2010
GRC,m,5-11,0,2010
GRC,m,12-17,0,2010
GRC,m,18-59,0,2010
GRC,m,60+,0,2010
HKG,f,0-4,0,2010
HKG,f,5-11,0,2010
HKG,f,12-17,0,2010
HKG,f,18-59,0,2010
HKG,f,60+,0,2010
HKG,m,0-4,0,2010
HKG,m,5-11,0,2010
HKG,m,12-17,0,2010
HKG,m,18-59,6,2010
HKG,m,60+,0,2010
HKG,f,0-4,0,2010
HKG,f,5-11,0,2010
HKG,f,12-17,0,2010
HKG,f,18-59,0,2010
HKG,f,60+,0,2010
HKG,m,0-4,0,2010
HKG,m,5-11,0,2010
HKG,m,12-17,0,2010
HKG,m,18-59,6,2010
HKG,m,60+,0,2010
HRV,f,0-4,0,2010
HRV,f,5-11,5,2010
HRV,f,12-17,0,2010
HRV,f,18-59,0,2010
HRV,f,60+,0,2010
HRV,m,0-4,0,2010
HRV,m,5-11,0,2010
HRV,m,12-17,0,2010
HRV,m,18-59,11,2010
HRV,m,60+,0,2010
HRV,f,0-4,0,2010
HRV,f,5-11,0,2010
HRV,f,12-17,0,2010
HRV,f,18-59,0,2010
HRV,f,60+,0,2010
HRV,m,0-4,0,2010
HRV,m,5-11,0,2010
HRV,m,12-17,5,2010
HRV,m,18-59,0,2010
HRV,m,60+,0,2010
HUN,f,0-4,0,2010
HUN,f,5-11,0,2010
HUN,f,12-17,0,2010
HUN,f,18-59,0,2010
HUN,f,60+,0,2010
HUN,m,0-4,0,2010
HUN,m,5-11,0,2010
HUN,m,12-17,0,2010
HUN,m,18-59,0,2010
HUN,m,60+,0,2010
HUN,f,0-4,0,2010
HUN,f,5-11,0,2010
HUN,f,12-17,0,2010
HUN,f,18-59,0,2010
HUN,f,60+,0,2010
HUN,m,0-4,0,2010
HUN,m,5-11,0,2010
HUN,m,12-17,0,2010
HUN,m,18-59,0,2010
HUN,m,60+,0,2010
IDN,f,0-4,6,2010
IDN,f,5-11,17,2010
IDN,f,12-17,5,2010
IDN,f,18-59,27,2010
IDN,f,60+,0,2010
IDN,m,0-4,5,2010
IDN,m,5-11,15,2010
IDN,m,12-17,190,2010
IDN,m,18-59,936,2010
IDN,m,60+,6,2010
IDN,f,0-4,7,2010
IDN,f,5-11,10,2010
IDN,f,12-17,6,2010
IDN,f,18-59,21,2010
IDN,f,60+,0,2010
IDN,m,0-4,5,2010
IDN,m,5-11,19,2010
IDN,m,12-17,33,2010
IDN,m,18-59,158,2010
IDN,m,60+,0,2010
IND,f,0-4,17,2010
IND,f,5-11,19,2010
IND,f,12-17,18,2010
IND,f,18-59,56,2010
IND,f,60+,5,2010
IND,m,0-4,13,2010
IND,m,5-11,18,2010
IND,m,12-17,9,2010
IND,m,18-59,63,2010
IND,m,60+,5,2010
IND,f,0-4,260,2010
IND,f,5-11,536,2010
IND,f,12-17,713,2010
IND,f,18-59,2416,2010
IND,f,60+,286,2010
IND,m,0-4,273,2010
IND,m,5-11,470,2010
IND,m,12-17,572,2010
IND,m,18-59,3244,2010
IND,m,60+,324,2010
IRL,f,0-4,0,2010
IRL,f,5-11,0,2010
IRL,f,12-17,0,2010
IRL,f,18-59,0,2010
IRL,f,60+,0,2010
IRL,m,0-4,0,2010
IRL,m,5-11,0,2010
IRL,m,12-17,0,2010
IRL,m,18-59,0,2010
IRL,m,60+,0,2010
IRL,f,0-4,0,2010
IRL,f,5-11,0,2010
IRL,f,12-17,0,2010
IRL,f,18-59,0,2010
IRL,f,60+,0,2010
IRL,m,0-4,0,2010
IRL,m,5-11,0,2010
IRL,m,12-17,0,2010
IRL,m,18-59,0,2010
IRL,m,60+,0,2010
IRN,f,0-4,0,2010
IRN,f,5-11,129,2010
IRN,f,12-17,156,2010
IRN,f,18-59,437,2010
IRN,f,60+,23,2010
IRN,m,0-4,0,2010
IRN,m,5-11,147,2010
IRN,m,12-17,175,2010
IRN,m,18-59,534,2010
IRN,m,60+,38,2010
IRN,f,0-4,0,2010
IRN,f,5-11,0,2010
IRN,f,12-17,0,2010
IRN,f,18-59,0,2010
IRN,f,60+,0,2010
IRN,m,0-4,0,2010
IRN,m,5-11,0,2010
IRN,m,12-17,0,2010
IRN,m,18-59,0,2010
IRN,m,60+,0,2010
ISL,f,0-4,0,2010
ISL,f,5-11,0,2010
ISL,f,12-17,0,2010
ISL,f,18-59,0,2010
ISL,f,60+,0,2010
ISL,m,0-4,0,2010
ISL,m,5-11,0,2010
ISL,m,12-17,0,2010
ISL,m,18-59,0,2010
ISL,m,60+,0,2010
ITA,f,0-4,0,2010
ITA,f,5-11,0,2010
ITA,f,12-17,0,2010
ITA,f,18-59,0,2010
ITA,f,60+,0,2010
ITA,m,0-4,0,2010
ITA,m,5-11,0,2010
ITA,m,12-17,0,2010
ITA,m,18-59,0,2010
ITA,m,60+,0,2010
ITA,f,0-4,0,2010
ITA,f,5-11,0,2010
ITA,f,12-17,0,2010
ITA,f,18-59,0,2010
ITA,f,60+,0,2010
ITA,m,0-4,0,2010
ITA,m,5-11,0,2010
ITA,m,12-17,0,2010
ITA,m,18-59,0,2010
ITA,m,60+,0,2010
JOR,f,0-4,0,2010
JOR,f,5-11,0,2010
JOR,f,12-17,9,2010
JOR,f,18-59,0,2010
JOR,f,60+,0,2010
JOR,m,0-4,0,2010
JOR,m,5-11,6,2010
JOR,m,12-17,8,2010
JOR,m,18-59,13,2010
JOR,m,60+,0,2010
JOR,f,0-4,0,2010
JOR,f,5-11,5,2010
JOR,f,12-17,0,2010
JOR,f,18-59,5,2010
JOR,f,60+,0,2010
JOR,m,0-4,0,2010
JOR,m,5-11,0,2010
JOR,m,12-17,0,2010
JOR,m,18-59,5,2010
JOR,m,60+,0,2010
JPN,f,0-4,0,2010
JPN,f,5-11,0,2010
JPN,f,12-17,0,2010
JPN,f,18-59,0,2010
JPN,f,60+,0,2010
JPN,m,0-4,0,2010
JPN,m,5-11,0,2010
JPN,m,12-17,0,2010
JPN,m,18-59,0,2010
JPN,m,60+,0,2010
KAZ,f,0-4,0,2010
KAZ,f,5-11,0,2010
KAZ,f,12-17,0,2010
KAZ,f,18-59,0,2010
KAZ,f,60+,0,2010
KAZ,m,0-4,0,2010
KAZ,m,5-11,0,2010
KAZ,m,12-17,0,2010
KAZ,m,18-59,0,2010
KAZ,m,60+,0,2010
KAZ,f,0-4,0,2010
KAZ,f,5-11,0,2010
KAZ,f,12-17,0,2010
KAZ,f,18-59,0,2010
KAZ,f,60+,0,2010
KAZ,m,0-4,0,2010
KAZ,m,5-11,0,2010
KAZ,m,12-17,0,2010
KAZ,m,18-59,0,2010
KAZ,m,60+,0,2010
KGZ,f,0-4,16,2010
KGZ,f,5-11,22,2010
KGZ,f,12-17,18,2010
KGZ,f,18-59,50,2010
KGZ,f,60+,0,2010
KGZ,m,0-4,16,2010
KGZ,m,5-11,19,2010
KGZ,m,12-17,18,2010
KGZ,m,18-59,73,2010
KGZ,m,60+,0,2010
KGZ,f,0-4,11,2010
KGZ,f,5-11,40,2010
KGZ,f,12-17,21,2010
KGZ,f,18-59,87,2010
KGZ,f,60+,7,2010
KGZ,m,0-4,12,2010
KGZ,m,5-11,25,2010
KGZ,m,12-17,24,2010
KGZ,m,18-59,182,2010
KGZ,m,60+,6,2010
KOR,f,0-4,0,2010
KOR,f,5-11,0,2010
KOR,f,12-17,0,2010
KOR,f,18-59,0,2010
KOR,f,60+,0,2010
KOR,m,0-4,0,2010
KOR,m,5-11,0,2010
KOR,m,12-17,0,2010
KOR,m,18-59,16,2010
KOR,m,60+,0,2010
KOR,f,0-4,0,2010
KOR,f,5-11,0,2010
KOR,f,12-17,0,2010
KOR,f,18-59,0,2010
KOR,f,60+,0,2010
KOR,m,0-4,0,2010
KOR,m,5-11,0,2010
KOR,m,12-17,0,2010
KOR,m,18-59,7,2010
KOR,m,60+,0,2010
KWT,f,0-4,0,2010
KWT,f,5-11,0,2010
KWT,f,12-17,10,2010
KWT,f,18-59,5,2010
KWT,f,60+,16,2010
KWT,m,0-4,5,2010
KWT,m,5-11,0,2010
KWT,m,12-17,6,2010
KWT,m,18-59,8,2010
KWT,m,60+,45,2010
LBN,f,0-4,0,2010
LBN,f,5-11,0,2010
LBN,f,12-17,0,2010
LBN,f,18-59,0,2010
LBN,f,60+,0,2010
LBN,m,0-4,0,2010
LBN,m,5-11,0,2010
LBN,m,12-17,0,2010
LBN,m,18-59,6,2010
LBN,m,60+,0,2010
LBN,f,0-4,0,2010
LBN,f,5-11,0,2010
LBN,f,12-17,0,2010
LBN,f,18-59,0,2010
LBN,f,60+,0,2010
LBN,m,0-4,0,2010
LBN,m,5-11,0,2010
LBN,m,12-17,0,2010
LBN,m,18-59,9,2010
LBN,m,60+,0,2010
LTU,f,0-4,0,2010
LTU,f,5-11,7,2010
LTU,f,12-17,0,2010
LTU,f,18-59,0,2010
LTU,f,60+,0,2010
LTU,m,0-4,0,2010
LTU,m,5-11,0,2010
LTU,m,12-17,0,2010
LTU,m,18-59,0,2010
LTU,m,60+,0,2010
LUX,f,0-4,0,2010
LUX,f,5-11,0,2010
LUX,f,12-17,0,2010
LUX,f,18-59,0,2010
LUX,f,60+,0,2010
LUX,m,0-4,0,2010
LUX,m,5-11,0,2010
LUX,m,12-17,0,2010
LUX,m,18-59,0,2010
LUX,m,60+,0,2010
LVA,f,0-4,0,2010
LVA,f,5-11,0,2010
LVA,f,12-17,6,2010
LVA,f,18-59,0,2010
LVA,f,60+,0,2010
LVA,m,0-4,0,2010
LVA,m,5-11,0,2010
LVA,m,12-17,10,2010
LVA,m,18-59,6,2010
LVA,m,60+,0,2010
LVA,f,0-4,7,2010
LVA,f,5-11,0,2010
LVA,f,12-17,0,2010
LVA,f,18-59,0,2010
LVA,f,60+,0,2010
LVA,m,0-4,0,2010
LVA,m,5-11,5,2010
LVA,m,12-17,0,2010
LVA,m,18-59,7,2010
LVA,m,60+,0,2010
MAR,f,0-4,0,2010
MAR,f,5-11,0,2010
MAR,f,12-17,0,2010
MAR,f,18-59,0,2010
MAR,f,60+,0,2010
MAR,m,0-4,0,2010
MAR,m,5-11,0,2010
MAR,m,12-17,0,2010
MAR,m,18-59,8,2010
MAR,m,60+,0,2010
MDA,f,0-4,0,2010
MDA,f,5-11,0,2010
MDA,f,12-17,0,2010
MDA,f,18-59,0,2010
MDA,f,60+,0,2010
MDA,m,0-4,0,2010
MDA,m,5-11,0,2010
MDA,m,12-17,0,2010
MDA,m,18-59,8,2010
MDA,m,60+,0,2010
MDA,f,0-4,0,2010
MDA,f,5-11,0,2010
MDA,f,12-17,0,2010
MDA,f,18-59,5,2010
MDA,f,60+,0,2010
MDA,m,0-4,0,2010
MDA,m,5-11,0,2010
MDA,m,12-17,0,2010
MDA,m,18-59,8,2010
MDA,m,60+,0,2010
MKD,f,0-4,8,2010
MKD,f,5-11,0,2010
MKD,f,12-17,0,2010
MKD,f,18-59,5,2010
MKD,f,60+,0,2010
MKD,m,0-4,0,2010
MKD,m,5-11,0,2010
MKD,m,12-17,6,2010
MKD,m,18-59,10,2010
MKD,m,60+,0,2010
MLT,f,0-4,0,2010
MLT,f,5-11,0,2010
MLT,f,12-17,0,2010
MLT,f,18-59,0,2010
MLT,f,60+,0,2010
MLT,m,0-4,0,2010
MLT,m,5-11,0,2010
MLT,m,12-17,0,2010
MLT,m,18-59,0,2010
MLT,m,60+,0,2010
MYS,f,0-4,5,2010
MYS,f,5-11,5,2010
MYS,f,12-17,0,2010
MYS,f,18-59,10,2010
MYS,f,60+,0,2010
MYS,m,0-4,0,2010
MYS,m,5-11,5,2010
MYS,m,12-17,6,2010
MYS,m,18-59,45,2010
MYS,m,60+,0,2010
MYS,f,0-4,22,2010
MYS,f,5-11,42,2010
MYS,f,12-17,25,2010
MYS,f,18-59,111,2010
MYS,f,60+,0,2010
MYS,m,0-4,16,2010
MYS,m,5-11,29,2010
MYS,m,12-17,36,2010
MYS,m,18-59,144,2010
MYS,m,60+,5,2010
NLD,f,0-4,0,2010
NLD,f,5-11,0,2010
NLD,f,12-17,0,2010
NLD,f,18-59,0,2010
NLD,f,60+,0,2010
NLD,m,0-4,0,2010
NLD,m,5-11,0,2010
NLD,m,12-17,0,2010
NLD,m,18-59,0,2010
NLD,m,60+,0,2010
NLD,f,0-4,0,2010
NLD,f,5-11,0,2010
NLD,f,12-17,0,2010
NLD,f,18-59,0,2010
NLD,f,60+,0,2010
NLD,m,0-4,0,2010
NLD,m,5-11,0,2010
NLD,m,12-17,0,2010
NLD,m,18-59,0,2010
NLD,m,60+,0,2010
NOR,f,0-4,0,2010
NOR,f,5-11,0,2010
NOR,f,12-17,0,2010
NOR,f,18-59,0,2010
NOR,f,60+,0,2010
NOR,m,0-4,0,2010
NOR,m,5-11,0,2010
NOR,m,12-17,0,2010
NOR,m,18-59,0,2010
NOR,m,60+,0,2010
NOR,f,0-4,0,2010
NOR,f,5-11,0,2010
NOR,f,12-17,0,2010
NOR,f,18-59,0,2010
NOR,f,60+,0,2010
NOR,m,0-4,0,2010
NOR,m,5-11,0,2010
NOR,m,12-17,0,2010
NOR,m,18-59,0,2010
NOR,m,60+,0,2010
NZL,f,0-4,0,2010
NZL,f,5-11,0,2010
NZL,f,12-17,0,2010
NZL,f,18-59,0,2010
NZL,f,60+,0,2010
NZL,m,0-4,0,2010
NZL,m,5-11,0,2010
NZL,m,12-17,0,2010
NZL,m,18-59,0,2010
NZL,m,60+,0,2010
NZL,f,0-4,0,2010
NZL,f,5-11,0,2010
NZL,f,12-17,0,2010
NZL,f,18-59,0,2010
NZL,f,60+,0,2010
NZL,m,0-4,0,2010
NZL,m,5-11,0,2010
NZL,m,12-17,0,2010
NZL,m,18-59,0,2010
NZL,m,60+,0,2010
PAK,f,0-4,64,2010
PAK,f,5-11,179,2010
PAK,f,12-17,211,2010
PAK,f,18-59,556,2010
PAK,f,60+,26,2010
PAK,m,0-4,83,2010
PAK,m,5-11,218,2010
PAK,m,12-17,212,2010
PAK,m,18-59,373,2010
PAK,m,60+,24,2010
PAK,f,0-4,121141,2010
PAK,f,5-11,215640,2010
PAK,f,12-17,136563,2010
PAK,f,18-59,387758,2010
PAK,f,60+,22770,2010
PAK,m,0-4,127760,2010
PAK,m,5-11,226483,2010
PAK,m,12-17,159785,2010
PAK,m,18-59,457242,2010
PAK,m,60+,44700,2010
PAN,f,0-4,0,2010
PAN,f,5-11,0,2010
PAN,f,12-17,0,2010
PAN,f,18-59,0,2010
PAN,f,60+,0,2010
PAN,m,0-4,0,2010
PAN,m,5-11,0,2010
PAN,m,12-17,0,2010
PAN,m,18-59,5,2010
PAN,m,60+,0,2010
POL,f,0-4,0,2010
POL,f,5-11,0,2010
POL,f,12-17,0,2010
POL,f,18-59,0,2010
POL,f,60+,0,2010
POL,m,0-4,0,2010
POL,m,5-11,0,2010
POL,m,12-17,0,2010
POL,m,18-59,0,2010
POL,m,60+,0,2010
POL,f,0-4,0,2010
POL,f,5-11,0,2010
POL,f,12-17,0,2010
POL,f,18-59,0,2010
POL,f,60+,0,2010
POL,m,0-4,0,2010
POL,m,5-11,0,2010
POL,m,12-17,0,2010
POL,m,18-59,0,2010
POL,m,60+,0,2010
PRT,f,0-4,0,2010
PRT,f,5-11,0,2010
PRT,f,12-17,0,2010
PRT,f,18-59,0,2010
PRT,f,60+,0,2010
PRT,m,0-4,0,2010
PRT,m,5-11,0,2010
PRT,m,12-17,0,2010
PRT,m,18-59,0,2010
PRT,m,60+,0,2010
ROU,f,0-4,0,2010
ROU,f,5-11,0,2010
ROU,f,12-17,0,2010
ROU,f,18-59,0,2010
ROU,f,60+,0,2010
ROU,m,0-4,0,2010
ROU,m,5-11,0,2010
ROU,m,12-17,0,2010
ROU,m,18-59,0,2010
ROU,m,60+,0,2010
ROU,f,0-4,0,2010
ROU,f,5-11,0,2010
ROU,f,12-17,0,2010
ROU,f,18-59,0,2010
ROU,f,60+,0,2010
ROU,m,0-4,0,2010
ROU,m,5-11,0,2010
ROU,m,12-17,0,2010
ROU,m,18-59,0,2010
ROU,m,60+,0,2010
RUS,f,0-4,0,2010
RUS,f,5-11,0,2010
RUS,f,12-17,0,2010
RUS,f,18-59,0,2010
RUS,f,60+,0,2010
RUS,m,0-4,0,2010
RUS,m,5-11,0,2010
RUS,m,12-17,0,2010
RUS,m,18-59,0,2010
RUS,m,60+,0,2010
RUS,f,0-4,0,2010
RUS,f,5-11,0,2010
RUS,f,12-17,0,2010
RUS,f,18-59,0,2010
RUS,f,60+,0,2010
RUS,m,0-4,0,2010
RUS,m,5-11,0,2010
RUS,m,12-17,0,2010
RUS,m,18-59,0,2010
RUS,m,60+,0,2010
SRB,f,0-4,8,2010
SRB,f,5-11,0,2010
SRB,f,12-17,5,2010
SRB,f,18-59,10,2010
SRB,f,60+,0,2010
SRB,m,0-4,12,2010
SRB,m,5-11,16,2010
SRB,m,12-17,14,2010
SRB,m,18-59,35,2010
SRB,m,60+,0,2010
SVK,f,0-4,0,2010
SVK,f,5-11,5,2010
SVK,f,12-17,0,2010
SVK,f,18-59,0,2010
SVK,f,60+,0,2010
SVK,m,0-4,0,2010
SVK,m,5-11,0,2010
SVK,m,12-17,0,2010
SVK,m,18-59,52,2010
SVK,m,60+,0,2010
SVN,f,0-4,0,2010
SVN,f,5-11,0,2010
SVN,f,12-17,0,2010
SVN,f,18-59,0,2010
SVN,f,60+,0,2010
SVN,m,0-4,0,2010
SVN,m,5-11,0,2010
SVN,m,12-17,0,2010
SVN,m,18-59,0,2010
SVN,m,60+,0,2010
SVN,f,0-4,0,2010
SVN,f,5-11,0,2010
SVN,f,12-17,0,2010
SVN,f,18-59,0,2010
SVN,f,60+,0,2010
SVN,m,0-4,0,2010
SVN,m,5-11,0,2010
SVN,m,12-17,0,2010
SVN,m,18-59,0,2010
SVN,m,60+,0,2010
SWE,f,0-4,0,2010
SWE,f,5-11,0,2010
SWE,f,12-17,0,2010
SWE,f,18-59,0,2010
SWE,f,60+,0,2010
SWE,m,0-4,0,2010
SWE,m,5-11,0,2010
SWE,m,12-17,0,2010
SWE,m,18-59,0,2010
SWE,m,60+,0,2010
SWE,f,0-4,0,2010
SWE,f,5-11,0,2010
SWE,f,12-17,0,2010
SWE,f,18-59,0,2010
SWE,f,60+,0,2010
SWE,m,0-4,0,2010
SWE,m,5-11,0,2010
SWE,m,12-17,0,2010
SWE,m,18-59,0,2010
SWE,m,60+,0,2010
SYR,f,0-4,31,2010
SYR,f,5-11,38,2010
SYR,f,12-17,41,2010
SYR,f,18-59,138,2010
SYR,f,60+,10,2010
SYR,m,0-4,24,2010
SYR,m,5-11,41,2010
SYR,m,12-17,56,2010
SYR,m,18-59,150,2010
SYR,m,60+,0,2010
SYR,f,0-4,81,2010
SYR,f,5-11,122,2010
SYR,f,12-17,148,2010
SYR,f,18-59,378,2010
SYR,f,60+,29,2010
SYR,m,0-4,89,2010
SYR,m,5-11,147,2010
SYR,m,12-17,180,2010
SYR,m,18-59,403,2010
SYR,m,60+,0,2010
TJK,f,0-4,0,2010
TJK,f,5-11,5,2010
TJK,f,12-17,7,2010
TJK,f,18-59,10,2010
TJK,f,60+,0,2010
TJK,m,0-4,0,2010
TJK,m,5-11,0,2010
TJK,m,12-17,9,2010
TJK,m,18-59,10,2010
TJK,m,60+,0,2010
TJK,f,0-4,0,2010
TJK,f,5-11,8,2010
TJK,f,12-17,10,2010
TJK,f,18-59,12,2010
TJK,f,60+,0,2010
TJK,m,0-4,0,2010
TJK,m,5-11,8,2010
TJK,m,12-17,0,2010
TJK,m,18-59,10,2010
TJK,m,60+,0,2010
TKM,f,0-4,0,2010
TKM,f,5-11,0,2010
TKM,f,12-17,6,2010
TKM,f,18-59,6,2010
TKM,f,60+,0,2010
TKM,m,0-4,0,2010
TKM,m,5-11,0,2010
TKM,m,12-17,0,2010
TKM,m,18-59,18,2010
TKM,m,60+,0,2010
TUR,f,0-4,65,2010
TUR,f,5-11,130,2010
TUR,f,12-17,161,2010
TUR,f,18-59,446,2010
TUR,f,60+,5,2010
TUR,m,0-4,70,2010
TUR,m,5-11,175,2010
TUR,m,12-17,191,2010
TUR,m,18-59,701,2010
TUR,m,60+,12,2010
TUR,f,0-4,43,2010
TUR,f,5-11,104,2010
TUR,f,12-17,128,2010
TUR,f,18-59,400,2010
TUR,f,60+,5,2010
TUR,m,0-4,39,2010
TUR,m,5-11,133,2010
TUR,m,12-17,148,2010
TUR,m,18-59,485,2010
TUR,m,60+,6,2010
UKR,f,0-4,0,2010
UKR,f,5-11,10,2010
UKR,f,12-17,28,2010
UKR,f,18-59,94,2010
UKR,f,60+,6,2010
UKR,m,0-4,11,2010
UKR,m,5-11,12,2010
UKR,m,12-17,70,2010
UKR,m,18-59,536,2010
UKR,m,60+,5,2010
UKR,f,0-4,0,2010
UKR,f,5-11,0,2010
UKR,f,12-17,0,2010
UKR,f,18-59,0,2010
UKR,f,60+,0,2010
UKR,m,0-4,0,2010
UKR,m,5-11,0,2010
UKR,m,12-17,0,2010
UKR,m,18-59,0,2010
UKR,m,60+,0,2010
USA,f,0-4,0,2010
USA,f,5-11,0,2010
USA,f,12-17,0,2010
USA,f,18-59,0,2010
USA,f,60+,0,2010
USA,m,0-4,0,2010
USA,m,5-11,0,2010
USA,m,12-17,0,2010
USA,m,18-59,0,2010
USA,m,60+,0,2010
USA,f,0-4,0,2010
USA,f,5-11,0,2010
USA,f,12-17,0,2010
USA,f,18-59,0,2010
USA,f,60+,0,2010
USA,m,0-4,0,2010
USA,m,5-11,0,2010
USA,m,12-17,0,2010
USA,m,18-59,0,2010
USA,m,60+,0,2010
UZB,f,0-4,10,2010
UZB,f,5-11,8,2010
UZB,f,12-17,28,2010
UZB,f,18-59,82,2010
UZB,f,60+,6,2010
UZB,m,0-4,10,2010
UZB,m,5-11,17,2010
UZB,m,12-17,24,2010
UZB,m,18-59,114,2010
UZB,m,60+,5,2010
VEN,f,0-4,0,2010
VEN,f,5-11,0,2010
VEN,f,12-17,0,2010
VEN,f,18-59,0,2010
VEN,f,60+,0,2010
VEN,m,0-4,0,2010
VEN,m,5-11,0,2010
VEN,m,12-17,0,2010
VEN,m,18-59,5,2010
VEN,m,60+,0,2010
ZAF,f,0-4,0,2010
ZAF,f,5-11,0,2010
ZAF,f,12-17,0,2010
ZAF,f,18-59,0,2010
ZAF,f,60+,0,2010
ZAF,m,0-4,0,2010
ZAF,m,5-11,0,2010
ZAF,m,12-17,0,2010
ZAF,m,18-59,0,2010
ZAF,m,60+,0,2010
AFG,f,0-4,38198,2011
AFG,f,5-11,139782,2011
AFG,f,12-17,77583,2011
AFG,f,18-59,201025,2011
AFG,f,60+,11077,2011
AFG,m,0-4,38717,2011
AFG,m,5-11,144739,2011
AFG,m,12-17,85416,2011
AFG,m,18-59,198061,2011
AFG,m,60+,16569,2011
ARE,f,0-4,0,2011
ARE,f,5-11,6,2011
ARE,f,12-17,0,2011
ARE,f,18-59,0,2011
ARE,f,60+,0,2011
ARE,m,0-4,0,2011
ARE,m,5-11,0,2011
ARE,m,12-17,0,2011
ARE,m,18-59,0,2011
ARE,m,60+,0,2011
AUS,f,0-4,0,2011
AUS,f,5-11,0,2011
AUS,f,12-17,0,2011
AUS,f,18-59,0,2011
AUS,f,60+,0,2011
AUS,m,0-4,0,2011
AUS,m,5-11,0,2011
AUS,m,12-17,0,2011
AUS,m,18-59,0,2011
AUS,m,60+,0,2011
AUS,f,0-4,0,2011
AUS,f,5-11,0,2011
AUS,f,12-17,0,2011
AUS,f,18-59,0,2011
AUS,f,60+,0,2011
AUS,m,0-4,0,2011
AUS,m,5-11,0,2011
AUS,m,12-17,0,2011
AUS,m,18-59,0,2011
AUS,m,60+,0,2011
AUT,f,0-4,0,2011
AUT,f,5-11,0,2011
AUT,f,12-17,0,2011
AUT,f,18-59,0,2011
AUT,f,60+,0,2011
AUT,m,0-4,0,2011
AUT,m,5-11,0,2011
AUT,m,12-17,0,2011
AUT,m,18-59,0,2011
AUT,m,60+,0,2011
AUT,f,0-4,0,2011
AUT,f,5-11,0,2011
AUT,f,12-17,0,2011
AUT,f,18-59,0,2011
AUT,f,60+,0,2011
AUT,m,0-4,0,2011
AUT,m,5-11,0,2011
AUT,m,12-17,0,2011
AUT,m,18-59,0,2011
AUT,m,60+,0,2011
AZE,f,0-4,0,2011
AZE,f,5-11,0,2011
AZE,f,12-17,0,2011
AZE,f,18-59,0,2011
AZE,f,60+,0,2011
AZE,m,0-4,0,2011
AZE,m,5-11,7,2011
AZE,m,12-17,0,2011
AZE,m,18-59,0,2011
AZE,m,60+,0,2011
AZE,f,0-4,23,2011
AZE,f,5-11,49,2011
AZE,f,12-17,32,2011
AZE,f,18-59,127,2011
AZE,f,60+,10,2011
AZE,m,0-4,38,2011
AZE,m,5-11,38,2011
AZE,m,12-17,38,2011
AZE,m,18-59,342,2011
AZE,m,60+,9,2011
BEL,f,0-4,0,2011
BEL,f,5-11,0,2011
BEL,f,12-17,0,2011
BEL,f,18-59,0,2011
BEL,f,60+,0,2011
BEL,m,0-4,0,2011
BEL,m,5-11,0,2011
BEL,m,12-17,0,2011
BEL,m,18-59,0,2011
BEL,m,60+,0,2011
BEL,f,0-4,0,2011
BEL,f,5-11,0,2011
BEL,f,12-17,0,2011
BEL,f,18-59,0,2011
BEL,f,60+,0,2011
BEL,m,0-4,0,2011
BEL,m,5-11,0,2011
BEL,m,12-17,0,2011
BEL,m,18-59,0,2011
BEL,m,60+,0,2011
BGR,f,0-4,0,2011
BGR,f,5-11,0,2011
BGR,f,12-17,0,2011
BGR,f,18-59,14,2011
BGR,f,60+,0,2011
BGR,m,0-4,0,2011
BGR,m,5-11,8,2011
BGR,m,12-17,25,2011
BGR,m,18-59,45,2011
BGR,m,60+,0,2011
BGR,f,0-4,0,2011
BGR,f,5-11,0,2011
BGR,f,12-17,0,2011
BGR,f,18-59,0,2011
BGR,f,60+,0,2011
BGR,m,0-4,0,2011
BGR,m,5-11,0,2011
BGR,m,12-17,0,2011
BGR,m,18-59,0,2011
BGR,m,60+,0,2011
BLR,f,0-4,0,2011
BLR,f,5-11,0,2011
BLR,f,12-17,7,2011
BLR,f,18-59,10,2011
BLR,f,60+,0,2011
BLR,m,0-4,0,2011
BLR,m,5-11,0,2011
BLR,m,12-17,13,2011
BLR,m,18-59,6,2011
BLR,m,60+,0,2011
BLR,f,0-4,9,2011
BLR,f,5-11,35,2011
BLR,f,12-17,35,2011
BLR,f,18-59,80,2011
BLR,f,60+,9,2011
BLR,m,0-4,16,2011
BLR,m,5-11,27,2011
BLR,m,12-17,21,2011
BLR,m,18-59,187,2011
BLR,m,60+,5,2011
BRA,f,0-4,0,2011
BRA,f,5-11,0,2011
BRA,f,12-17,0,2011
BRA,f,18-59,0,2011
BRA,f,60+,0,2011
BRA,m,0-4,0,2011
BRA,m,5-11,0,2011
BRA,m,12-17,8,2011
BRA,m,18-59,16,2011
BRA,m,60+,0,2011
CAN,f,0-4,22,2011
CAN,f,5-11,31,2011
CAN,f,12-17,19,2011
CAN,f,18-59,110,2011
CAN,f,60+,10,2011
CAN,m,0-4,23,2011
CAN,m,5-11,30,2011
CAN,m,12-17,28,2011
CAN,m,18-59,164,2011
CAN,m,60+,13,2011
CAN,f,0-4,67,2011
CAN,f,5-11,132,2011
CAN,f,12-17,165,2011
CAN,f,18-59,484,2011
CAN,f,60+,47,2011
CAN,m,0-4,59,2011
CAN,m,5-11,132,2011
CAN,m,12-17,169,2011
CAN,m,18-59,648,2011
CAN,m,60+,24,2011
CHE,f,0-4,53,2011
CHE,f,5-11,63,2011
CHE,f,12-17,47,2011
CHE,f,18-59,205,2011
CHE,f,60+,8,2011
CHE,m,0-4,61,2011
CHE,m,5-11,73,2011
CHE,m,12-17,105,2011
CHE,m,18-59,746,2011
CHE,m,60+,8,2011
CHE,f,0-4,61,2011
CHE,f,5-11,89,2011
CHE,f,12-17,76,2011
CHE,f,18-59,236,2011
CHE,f,60+,23,2011
CHE,m,0-4,51,2011
CHE,m,5-11,99,2011
CHE,m,12-17,109,2011
CHE,m,18-59,652,2011
CHE,m,60+,20,2011
CHL,f,0-4,0,2011
CHL,f,5-11,0,2011
CHL,f,12-17,0,2011
CHL,f,18-59,0,2011
CHL,f,60+,0,2011
CHL,m,0-4,0,2011
CHL,m,5-11,0,2011
CHL,m,12-17,0,2011
CHL,m,18-59,0,2011
CHL,m,60+,0,2011
CHN,f,0-4,0,2011
CHN,f,5-11,0,2011
CHN,f,12-17,0,2011
CHN,f,18-59,0,2011
CHN,f,60+,0,2011
CHN,m,0-4,0,2011
CHN,m,5-11,0,2011
CHN,m,12-17,0,2011
CHN,m,18-59,7,2011
CHN,m,60+,0,2011
CIV,f,0-4,5,2011
CIV,f,5-11,0,2011
CIV,f,12-17,0,2011
CIV,f,18-59,5,2011
CIV,f,60+,0,2011
CIV,m,0-4,0,2011
CIV,m,5-11,0,2011
CIV,m,12-17,0,2011
CIV,m,18-59,8,2011
CIV,m,60+,0,2011
COL,f,0-4,0,2011
COL,f,5-11,0,2011
COL,f,12-17,0,2011
COL,f,18-59,0,2011
COL,f,60+,0,2011
COL,m,0-4,0,2011
COL,m,5-11,0,2011
COL,m,12-17,7,2011
COL,m,18-59,0,2011
COL,m,60+,0,2011
CYP,f,0-4,0,2011
CYP,f,5-11,0,2011
CYP,f,12-17,0,2011
CYP,f,18-59,0,2011
CYP,f,60+,0,2011
CYP,m,0-4,0,2011
CYP,m,5-11,0,2011
CYP,m,12-17,0,2011
CYP,m,18-59,0,2011
CYP,m,60+,0,2011
CYP,f,0-4,0,2011
CYP,f,5-11,0,2011
CYP,f,12-17,0,2011
CYP,f,18-59,0,2011
CYP,f,60+,0,2011
CYP,m,0-4,0,2011
CYP,m,5-11,0,2011
CYP,m,12-17,0,2011
CYP,m,18-59,0,2011
CYP,m,60+,0,2011
CZE,f,0-4,0,2011
CZE,f,5-11,0,2011
CZE,f,12-17,0,2011
CZE,f,18-59,0,2011
CZE,f,60+,0,2011
CZE,m,0-4,0,2011
CZE,m,5-11,0,2011
CZE,m,12-17,0,2011
CZE,m,18-59,0,2011
CZE,m,60+,0,2011
DEU,f,0-4,380,2011
DEU,f,5-11,494,2011
DEU,f,12-17,508,2011
DEU,f,18-59,1838,2011
DEU,f,60+,144,2011
DEU,m,0-4,413,2011
DEU,m,5-11,603,2011
DEU,m,12-17,1649,2011
DEU,m,18-59,4909,2011
DEU,m,60+,149,2011
DEU,f,0-4,0,2011
DEU,f,5-11,0,2011
DEU,f,12-17,0,2011
DEU,f,18-59,0,2011
DEU,f,60+,0,2011
DEU,m,0-4,0,2011
DEU,m,5-11,0,2011
DEU,m,12-17,0,2011
DEU,m,18-59,0,2011
DEU,m,60+,0,2011
DEU,f,0-4,339,2011
DEU,f,5-11,1197,2011
DEU,f,12-17,1564,2011
DEU,f,18-59,8404,2011
DEU,f,60+,2355,2011
DEU,m,0-4,347,2011
DEU,m,5-11,1292,2011
DEU,m,12-17,2078,2011
DEU,m,18-59,11173,2011
DEU,m,60+,1676,2011
DNK,f,0-4,0,2011
DNK,f,5-11,0,2011
DNK,f,12-17,0,2011
DNK,f,18-59,0,2011
DNK,f,60+,0,2011
DNK,m,0-4,0,2011
DNK,m,5-11,0,2011
DNK,m,12-17,0,2011
DNK,m,18-59,0,2011
DNK,m,60+,0,2011
DNK,f,0-4,0,2011
DNK,f,5-11,0,2011
DNK,f,12-17,0,2011
DNK,f,18-59,0,2011
DNK,f,60+,0,2011
DNK,m,0-4,0,2011
DNK,m,5-11,0,2011
DNK,m,12-17,0,2011
DNK,m,18-59,0,2011
DNK,m,60+,0,2011
DZA,f,0-4,0,2011
DZA,f,5-11,0,2011
DZA,f,12-17,0,2011
DZA,f,18-59,0,2011
DZA,f,60+,0,2011
DZA,m,0-4,0,2011
DZA,m,5-11,5,2011
DZA,m,12-17,0,2011
DZA,m,18-59,0,2011
DZA,m,60+,0,2011
ECU,f,0-4,0,2011
ECU,f,5-11,0,2011
ECU,f,12-17,0,2011
ECU,f,18-59,5,2011
ECU,f,60+,0,2011
ECU,m,0-4,0,2011
ECU,m,5-11,0,2011
ECU,m,12-17,0,2011
ECU,m,18-59,0,2011
ECU,m,60+,0,2011
ECU,f,0-4,0,2011
ECU,f,5-11,0,2011
ECU,f,12-17,10,2011
ECU,f,18-59,35,2011
ECU,f,60+,5,2011
ECU,m,0-4,0,2011
ECU,m,5-11,7,2011
ECU,m,12-17,6,2011
ECU,m,18-59,45,2011
ECU,m,60+,6,2011
EGY,f,0-4,0,2011
EGY,f,5-11,0,2011
EGY,f,12-17,0,2011
EGY,f,18-59,0,2011
EGY,f,60+,0,2011
EGY,m,0-4,0,2011
EGY,m,5-11,0,2011
EGY,m,12-17,0,2011
EGY,m,18-59,5,2011
EGY,m,60+,0,2011
ESP,f,0-4,0,2011
ESP,f,5-11,0,2011
ESP,f,12-17,0,2011
ESP,f,18-59,0,2011
ESP,f,60+,0,2011
ESP,m,0-4,0,2011
ESP,m,5-11,0,2011
ESP,m,12-17,0,2011
ESP,m,18-59,0,2011
ESP,m,60+,0,2011
EST,f,0-4,0,2011
EST,f,5-11,0,2011
EST,f,12-17,0,2011
EST,f,18-59,0,2011
EST,f,60+,0,2011
EST,m,0-4,0,2011
EST,m,5-11,0,2011
EST,m,12-17,0,2011
EST,m,18-59,13,2011
EST,m,60+,0,2011
FIN,f,0-4,0,2011
FIN,f,5-11,0,2011
FIN,f,12-17,0,2011
FIN,f,18-59,0,2011
FIN,f,60+,0,2011
FIN,m,0-4,0,2011
FIN,m,5-11,0,2011
FIN,m,12-17,0,2011
FIN,m,18-59,0,2011
FIN,m,60+,0,2011
FIN,f,0-4,0,2011
FIN,f,5-11,0,2011
FIN,f,12-17,0,2011
FIN,f,18-59,0,2011
FIN,f,60+,0,2011
FIN,m,0-4,0,2011
FIN,m,5-11,0,2011
FIN,m,12-17,0,2011
FIN,m,18-59,0,2011
FIN,m,60+,0,2011
FJI,f,0-4,0,2011
FJI,f,5-11,0,2011
FJI,f,12-17,0,2011
FJI,f,18-59,5,2011
FJI,f,60+,0,2011
FJI,m,0-4,0,2011
FJI,m,5-11,0,2011
FJI,m,12-17,0,2011
FJI,m,18-59,0,2011
FJI,m,60+,0,2011
FRA,f,0-4,0,2011
FRA,f,5-11,0,2011
FRA,f,12-17,0,2011
FRA,f,18-59,0,2011
FRA,f,60+,0,2011
FRA,m,0-4,0,2011
FRA,m,5-11,0,2011
FRA,m,12-17,0,2011
FRA,m,18-59,0,2011
FRA,m,60+,0,2011
GBR,f,0-4,0,2011
GBR,f,5-11,0,2011
GBR,f,12-17,0,2011
GBR,f,18-59,0,2011
GBR,f,60+,0,2011
GBR,m,0-4,0,2011
GBR,m,5-11,0,2011
GBR,m,12-17,0,2011
GBR,m,18-59,0,2011
GBR,m,60+,0,2011
GBR,f,0-4,0,2011
GBR,f,5-11,0,2011
GBR,f,12-17,0,2011
GBR,f,18-59,0,2011
GBR,f,60+,0,2011
GBR,m,0-4,0,2011
GBR,m,5-11,0,2011
GBR,m,12-17,0,2011
GBR,m,18-59,0,2011
GBR,m,60+,0,2011
GRC,f,0-4,0,2011
GRC,f,5-11,0,2011
GRC,f,12-17,0,2011
GRC,f,18-59,0,2011
GRC,f,60+,0,2011
GRC,m,0-4,0,2011
GRC,m,5-11,0,2011
GRC,m,12-17,0,2011
GRC,m,18-59,0,2011
GRC,m,60+,0,2011
HKG,f,0-4,0,2011
HKG,f,5-11,0,2011
HKG,f,12-17,0,2011
HKG,f,18-59,0,2011
HKG,f,60+,0,2011
HKG,m,0-4,0,2011
HKG,m,5-11,0,2011
HKG,m,12-17,0,2011
HKG,m,18-59,5,2011
HKG,m,60+,0,2011
HKG,f,0-4,0,2011
HKG,f,5-11,0,2011
HKG,f,12-17,0,2011
HKG,f,18-59,0,2011
HKG,f,60+,0,2011
HKG,m,0-4,0,2011
HKG,m,5-11,0,2011
HKG,m,12-17,0,2011
HKG,m,18-59,7,2011
HKG,m,60+,0,2011
HRV,f,0-4,0,2011
HRV,f,5-11,0,2011
HRV,f,12-17,0,2011
HRV,f,18-59,0,2011
HRV,f,60+,0,2011
HRV,m,0-4,0,2011
HRV,m,5-11,0,2011
HRV,m,12-17,0,2011
HRV,m,18-59,10,2011
HRV,m,60+,0,2011
HRV,f,0-4,5,2011
HRV,f,5-11,0,2011
HRV,f,12-17,0,2011
HRV,f,18-59,0,2011
HRV,f,60+,0,2011
HRV,m,0-4,0,2011
HRV,m,5-11,0,2011
HRV,m,12-17,5,2011
HRV,m,18-59,6,2011
HRV,m,60+,0,2011
HUN,f,0-4,0,2011
HUN,f,5-11,0,2011
HUN,f,12-17,0,2011
HUN,f,18-59,0,2011
HUN,f,60+,0,2011
HUN,m,0-4,0,2011
HUN,m,5-11,0,2011
HUN,m,12-17,0,2011
HUN,m,18-59,0,2011
HUN,m,60+,0,2011
IDN,f,0-4,18,2011
IDN,f,5-11,24,2011
IDN,f,12-17,20,2011
IDN,f,18-59,74,2011
IDN,f,60+,0,2011
IDN,m,0-4,19,2011
IDN,m,5-11,36,2011
IDN,m,12-17,419,2011
IDN,m,18-59,1016,2011
IDN,m,60+,23,2011
IDN,f,0-4,5,2011
IDN,f,5-11,14,2011
IDN,f,12-17,5,2011
IDN,f,18-59,26,2011
IDN,f,60+,0,2011
IDN,m,0-4,0,2011
IDN,m,5-11,15,2011
IDN,m,12-17,78,2011
IDN,m,18-59,333,2011
IDN,m,60+,0,2011
IND,f,0-4,34,2011
IND,f,5-11,60,2011
IND,f,12-17,45,2011
IND,f,18-59,160,2011
IND,f,60+,15,2011
IND,m,0-4,22,2011
IND,m,5-11,60,2011
IND,m,12-17,45,2011
IND,m,18-59,165,2011
IND,m,60+,13,2011
IND,f,0-4,251,2011
IND,f,5-11,487,2011
IND,f,12-17,512,2011
IND,f,18-59,3295,2011
IND,f,60+,331,2011
IND,m,0-4,249,2011
IND,m,5-11,537,2011
IND,m,12-17,667,2011
IND,m,18-59,2527,2011
IND,m,60+,305,2011
IRL,f,0-4,0,2011
IRL,f,5-11,0,2011
IRL,f,12-17,0,2011
IRL,f,18-59,0,2011
IRL,f,60+,0,2011
IRL,m,0-4,0,2011
IRL,m,5-11,0,2011
IRL,m,12-17,0,2011
IRL,m,18-59,0,2011
IRL,m,60+,0,2011
IRL,f,0-4,0,2011
IRL,f,5-11,0,2011
IRL,f,12-17,0,2011
IRL,f,18-59,0,2011
IRL,f,60+,0,2011
IRL,m,0-4,0,2011
IRL,m,5-11,0,2011
IRL,m,12-17,0,2011
IRL,m,18-59,0,2011
IRL,m,60+,0,2011
IRN,f,0-4,0,2011
IRN,f,5-11,17,2011
IRN,f,12-17,43,2011
IRN,f,18-59,93,2011
IRN,f,60+,5,2011
IRN,m,0-4,12,2011
IRN,m,5-11,21,2011
IRN,m,12-17,79,2011
IRN,m,18-59,146,2011
IRN,m,60+,5,2011
IRN,f,0-4,0,2011
IRN,f,5-11,0,2011
IRN,f,12-17,0,2011
IRN,f,18-59,0,2011
IRN,f,60+,0,2011
IRN,m,0-4,0,2011
IRN,m,5-11,0,2011
IRN,m,12-17,0,2011
IRN,m,18-59,0,2011
IRN,m,60+,0,2011
ISL,f,0-4,0,2011
ISL,f,5-11,0,2011
ISL,f,12-17,0,2011
ISL,f,18-59,0,2011
ISL,f,60+,0,2011
ISL,m,0-4,0,2011
ISL,m,5-11,0,2011
ISL,m,12-17,0,2011
ISL,m,18-59,5,2011
ISL,m,60+,0,2011
ISL,f,0-4,0,2011
ISL,f,5-11,0,2011
ISL,f,12-17,0,2011
ISL,f,18-59,0,2011
ISL,f,60+,0,2011
ISL,m,0-4,0,2011
ISL,m,5-11,0,2011
ISL,m,12-17,0,2011
ISL,m,18-59,6,2011
ISL,m,60+,0,2011
ITA,f,0-4,0,2011
ITA,f,5-11,0,2011
ITA,f,12-17,0,2011
ITA,f,18-59,0,2011
ITA,f,60+,0,2011
ITA,m,0-4,0,2011
ITA,m,5-11,0,2011
ITA,m,12-17,0,2011
ITA,m,18-59,0,2011
ITA,m,60+,0,2011
JOR,f,0-4,0,2011
JOR,f,5-11,0,2011
JOR,f,12-17,0,2011
JOR,f,18-59,0,2011
JOR,f,60+,0,2011
JOR,m,0-4,0,2011
JOR,m,5-11,7,2011
JOR,m,12-17,0,2011
JOR,m,18-59,5,2011
JOR,m,60+,0,2011
JOR,f,0-4,0,2011
JOR,f,5-11,10,2011
JOR,f,12-17,0,2011
JOR,f,18-59,0,2011
JOR,f,60+,0,2011
JOR,m,0-4,0,2011
JOR,m,5-11,0,2011
JOR,m,12-17,0,2011
JOR,m,18-59,5,2011
JOR,m,60+,0,2011
JPN,f,0-4,0,2011
JPN,f,5-11,0,2011
JPN,f,12-17,0,2011
JPN,f,18-59,0,2011
JPN,f,60+,0,2011
JPN,m,0-4,0,2011
JPN,m,5-11,0,2011
JPN,m,12-17,0,2011
JPN,m,18-59,0,2011
JPN,m,60+,0,2011
JPN,f,0-4,0,2011
JPN,f,5-11,0,2011
JPN,f,12-17,0,2011
JPN,f,18-59,0,2011
JPN,f,60+,0,2011
JPN,m,0-4,0,2011
JPN,m,5-11,0,2011
JPN,m,12-17,0,2011
JPN,m,18-59,0,2011
JPN,m,60+,0,2011
KAZ,f,0-4,0,2011
KAZ,f,5-11,7,2011
KAZ,f,12-17,0,2011
KAZ,f,18-59,11,2011
KAZ,f,60+,0,2011
KAZ,m,0-4,0,2011
KAZ,m,5-11,5,2011
KAZ,m,12-17,0,2011
KAZ,m,18-59,8,2011
KAZ,m,60+,0,2011
KAZ,f,0-4,28,2011
KAZ,f,5-11,38,2011
KAZ,f,12-17,40,2011
KAZ,f,18-59,151,2011
KAZ,f,60+,0,2011
KAZ,m,0-4,31,2011
KAZ,m,5-11,46,2011
KAZ,m,12-17,24,2011
KAZ,m,18-59,192,2011
KAZ,m,60+,6,2011
KGZ,f,0-4,5,2011
KGZ,f,5-11,10,2011
KGZ,f,12-17,12,2011
KGZ,f,18-59,30,2011
KGZ,f,60+,0,2011
KGZ,m,0-4,10,2011
KGZ,m,5-11,13,2011
KGZ,m,12-17,5,2011
KGZ,m,18-59,45,2011
KGZ,m,60+,0,2011
KGZ,f,0-4,11,2011
KGZ,f,5-11,45,2011
KGZ,f,12-17,26,2011
KGZ,f,18-59,90,2011
KGZ,f,60+,5,2011
KGZ,m,0-4,18,2011
KGZ,m,5-11,23,2011
KGZ,m,12-17,32,2011
KGZ,m,18-59,163,2011
KGZ,m,60+,5,2011
KOR,f,0-4,0,2011
KOR,f,5-11,0,2011
KOR,f,12-17,0,2011
KOR,f,18-59,0,2011
KOR,f,60+,0,2011
KOR,m,0-4,0,2011
KOR,m,5-11,0,2011
KOR,m,12-17,0,2011
KOR,m,18-59,65,2011
KOR,m,60+,0,2011
KOR,f,0-4,0,2011
KOR,f,5-11,0,2011
KOR,f,12-17,0,2011
KOR,f,18-59,0,2011
KOR,f,60+,0,2011
KOR,m,0-4,0,2011
KOR,m,5-11,0,2011
KOR,m,12-17,0,2011
KOR,m,18-59,9,2011
KOR,m,60+,0,2011
LBN,f,0-4,0,2011
LBN,f,5-11,0,2011
LBN,f,12-17,0,2011
LBN,f,18-59,0,2011
LBN,f,60+,0,2011
LBN,m,0-4,0,2011
LBN,m,5-11,7,2011
LBN,m,12-17,0,2011
LBN,m,18-59,7,2011
LBN,m,60+,0,2011
LBN,f,0-4,0,2011
LBN,f,5-11,0,2011
LBN,f,12-17,0,2011
LBN,f,18-59,0,2011
LBN,f,60+,0,2011
LBN,m,0-4,0,2011
LBN,m,5-11,0,2011
LBN,m,12-17,0,2011
LBN,m,18-59,5,2011
LBN,m,60+,0,2011
LKA,f,0-4,0,2011
LKA,f,5-11,0,2011
LKA,f,12-17,6,2011
LKA,f,18-59,0,2011
LKA,f,60+,0,2011
LKA,m,0-4,0,2011
LKA,m,5-11,0,2011
LKA,m,12-17,0,2011
LKA,m,18-59,0,2011
LKA,m,60+,0,2011
LTU,f,0-4,5,2011
LTU,f,5-11,0,2011
LTU,f,12-17,0,2011
LTU,f,18-59,0,2011
LTU,f,60+,0,2011
LTU,m,0-4,0,2011
LTU,m,5-11,0,2011
LTU,m,12-17,5,2011
LTU,m,18-59,9,2011
LTU,m,60+,0,2011
LTU,f,0-4,0,2011
LTU,f,5-11,0,2011
LTU,f,12-17,0,2011
LTU,f,18-59,0,2011
LTU,f,60+,0,2011
LTU,m,0-4,0,2011
LTU,m,5-11,0,2011
LTU,m,12-17,5,2011
LTU,m,18-59,11,2011
LTU,m,60+,0,2011
LVA,f,0-4,0,2011
LVA,f,5-11,0,2011
LVA,f,12-17,0,2011
LVA,f,18-59,0,2011
LVA,f,60+,0,2011
LVA,m,0-4,0,2011
LVA,m,5-11,0,2011
LVA,m,12-17,0,2011
LVA,m,18-59,0,2011
LVA,m,60+,0,2011
LVA,f,0-4,7,2011
LVA,f,5-11,0,2011
LVA,f,12-17,0,2011
LVA,f,18-59,0,2011
LVA,f,60+,0,2011
LVA,m,0-4,0,2011
LVA,m,5-11,5,2011
LVA,m,12-17,0,2011
LVA,m,18-59,7,2011
LVA,m,60+,0,2011
MAR,f,0-4,0,2011
MAR,f,5-11,0,2011
MAR,f,12-17,0,2011
MAR,f,18-59,0,2011
MAR,f,60+,0,2011
MAR,m,0-4,0,2011
MAR,m,5-11,0,2011
MAR,m,12-17,0,2011
MAR,m,18-59,8,2011
MAR,m,60+,0,2011
MDA,f,0-4,0,2011
MDA,f,5-11,0,2011
MDA,f,12-17,0,2011
MDA,f,18-59,5,2011
MDA,f,60+,0,2011
MDA,m,0-4,0,2011
MDA,m,5-11,0,2011
MDA,m,12-17,0,2011
MDA,m,18-59,16,2011
MDA,m,60+,0,2011
MEX,f,0-4,0,2011
MEX,f,5-11,0,2011
MEX,f,12-17,0,2011
MEX,f,18-59,0,2011
MEX,f,60+,0,2011
MEX,m,0-4,0,2011
MEX,m,5-11,0,2011
MEX,m,12-17,0,2011
MEX,m,18-59,0,2011
MEX,m,60+,0,2011
MKD,f,0-4,10,2011
MKD,f,5-11,13,2011
MKD,f,12-17,12,2011
MKD,f,18-59,24,2011
MKD,f,60+,0,2011
MKD,m,0-4,11,2011
MKD,m,5-11,21,2011
MKD,m,12-17,21,2011
MKD,m,18-59,95,2011
MKD,m,60+,0,2011
MYS,f,0-4,0,2011
MYS,f,5-11,6,2011
MYS,f,12-17,5,2011
MYS,f,18-59,13,2011
MYS,f,60+,0,2011
MYS,m,0-4,5,2011
MYS,m,5-11,6,2011
MYS,m,12-17,8,2011
MYS,m,18-59,52,2011
MYS,m,60+,0,2011
MYS,f,0-4,14,2011
MYS,f,5-11,36,2011
MYS,f,12-17,21,2011
MYS,f,18-59,89,2011
MYS,f,60+,0,2011
MYS,m,0-4,14,2011
MYS,m,5-11,18,2011
MYS,m,12-17,24,2011
MYS,m,18-59,120,2011
MYS,m,60+,5,2011
NLD,f,0-4,0,2011
NLD,f,5-11,0,2011
NLD,f,12-17,0,2011
NLD,f,18-59,0,2011
NLD,f,60+,0,2011
NLD,m,0-4,0,2011
NLD,m,5-11,0,2011
NLD,m,12-17,0,2011
NLD,m,18-59,0,2011
NLD,m,60+,0,2011
NLD,f,0-4,0,2011
NLD,f,5-11,0,2011
NLD,f,12-17,0,2011
NLD,f,18-59,0,2011
NLD,f,60+,0,2011
NLD,m,0-4,0,2011
NLD,m,5-11,0,2011
NLD,m,12-17,0,2011
NLD,m,18-59,0,2011
NLD,m,60+,0,2011
NOR,f,0-4,0,2011
NOR,f,5-11,0,2011
NOR,f,12-17,0,2011
NOR,f,18-59,0,2011
NOR,f,60+,0,2011
NOR,m,0-4,0,2011
NOR,m,5-11,0,2011
NOR,m,12-17,0,2011
NOR,m,18-59,0,2011
NOR,m,60+,0,2011
NOR,f,0-4,0,2011
NOR,f,5-11,0,2011
NOR,f,12-17,0,2011
NOR,f,18-59,0,2011
NOR,f,60+,0,2011
NOR,m,0-4,0,2011
NOR,m,5-11,0,2011
NOR,m,12-17,0,2011
NOR,m,18-59,0,2011
NOR,m,60+,0,2011
NZL,f,0-4,0,2011
NZL,f,5-11,0,2011
NZL,f,12-17,0,2011
NZL,f,18-59,0,2011
NZL,f,60+,0,2011
NZL,m,0-4,0,2011
NZL,m,5-11,0,2011
NZL,m,12-17,0,2011
NZL,m,18-59,0,2011
NZL,m,60+,0,2011
NZL,f,0-4,0,2011
NZL,f,5-11,0,2011
NZL,f,12-17,0,2011
NZL,f,18-59,0,2011
NZL,f,60+,0,2011
NZL,m,0-4,0,2011
NZL,m,5-11,0,2011
NZL,m,12-17,0,2011
NZL,m,18-59,0,2011
NZL,m,60+,0,2011
PAK,f,0-4,38,2011
PAK,f,5-11,144,2011
PAK,f,12-17,161,2011
PAK,f,18-59,477,2011
PAK,f,60+,25,2011
PAK,m,0-4,35,2011
PAK,m,5-11,176,2011
PAK,m,12-17,190,2011
PAK,m,18-59,278,2011
PAK,m,60+,19,2011
PAK,f,0-4,133307,2011
PAK,f,5-11,185475,2011
PAK,f,12-17,126590,2011
PAK,f,18-59,335856,2011
PAK,f,60+,21225,2011
PAK,m,0-4,141589,2011
PAK,m,5-11,196307,2011
PAK,m,12-17,149297,2011
PAK,m,18-59,370846,2011
PAK,m,60+,41453,2011
PAN,f,0-4,0,2011
PAN,f,5-11,0,2011
PAN,f,12-17,0,2011
PAN,f,18-59,0,2011
PAN,f,60+,0,2011
PAN,m,0-4,0,2011
PAN,m,5-11,0,2011
PAN,m,12-17,0,2011
PAN,m,18-59,5,2011
PAN,m,60+,0,2011
POL,f,0-4,0,2011
POL,f,5-11,0,2011
POL,f,12-17,0,2011
POL,f,18-59,0,2011
POL,f,60+,0,2011
POL,m,0-4,0,2011
POL,m,5-11,0,2011
POL,m,12-17,0,2011
POL,m,18-59,0,2011
POL,m,60+,0,2011
POL,f,0-4,0,2011
POL,f,5-11,0,2011
POL,f,12-17,0,2011
POL,f,18-59,0,2011
POL,f,60+,0,2011
POL,m,0-4,0,2011
POL,m,5-11,0,2011
POL,m,12-17,0,2011
POL,m,18-59,0,2011
POL,m,60+,0,2011
PRT,f,0-4,0,2011
PRT,f,5-11,0,2011
PRT,f,12-17,0,2011
PRT,f,18-59,0,2011
PRT,f,60+,0,2011
PRT,m,0-4,0,2011
PRT,m,5-11,0,2011
PRT,m,12-17,0,2011
PRT,m,18-59,0,2011
PRT,m,60+,0,2011
PRT,f,0-4,0,2011
PRT,f,5-11,0,2011
PRT,f,12-17,0,2011
PRT,f,18-59,0,2011
PRT,f,60+,0,2011
PRT,m,0-4,0,2011
PRT,m,5-11,0,2011
PRT,m,12-17,0,2011
PRT,m,18-59,0,2011
PRT,m,60+,0,2011
ROU,f,0-4,0,2011
ROU,f,5-11,0,2011
ROU,f,12-17,0,2011
ROU,f,18-59,0,2011
ROU,f,60+,0,2011
ROU,m,0-4,0,2011
ROU,m,5-11,0,2011
ROU,m,12-17,0,2011
ROU,m,18-59,7,2011
ROU,m,60+,0,2011
ROU,f,0-4,0,2011
ROU,f,5-11,0,2011
ROU,f,12-17,0,2011
ROU,f,18-59,0,2011
ROU,f,60+,0,2011
ROU,m,0-4,0,2011
ROU,m,5-11,0,2011
ROU,m,12-17,0,2011
ROU,m,18-59,0,2011
ROU,m,60+,0,2011
RUS,f,0-4,0,2011
RUS,f,5-11,0,2011
RUS,f,12-17,0,2011
RUS,f,18-59,0,2011
RUS,f,60+,0,2011
RUS,m,0-4,0,2011
RUS,m,5-11,0,2011
RUS,m,12-17,0,2011
RUS,m,18-59,0,2011
RUS,m,60+,0,2011
RUS,f,0-4,0,2011
RUS,f,5-11,0,2011
RUS,f,12-17,0,2011
RUS,f,18-59,0,2011
RUS,f,60+,0,2011
RUS,m,0-4,0,2011
RUS,m,5-11,0,2011
RUS,m,12-17,0,2011
RUS,m,18-59,0,2011
RUS,m,60+,0,2011
SAU,f,0-4,0,2011
SAU,f,5-11,7,2011
SAU,f,12-17,0,2011
SAU,f,18-59,0,2011
SAU,f,60+,0,2011
SAU,m,0-4,0,2011
SAU,m,5-11,0,2011
SAU,m,12-17,0,2011
SAU,m,18-59,0,2011
SAU,m,60+,0,2011
SRB,f,0-4,0,2011
SRB,f,5-11,0,2011
SRB,f,12-17,8,2011
SRB,f,18-59,17,2011
SRB,f,60+,0,2011
SRB,m,0-4,0,2011
SRB,m,5-11,16,2011
SRB,m,12-17,8,2011
SRB,m,18-59,125,2011
SRB,m,60+,0,2011
SVK,f,0-4,0,2011
SVK,f,5-11,0,2011
SVK,f,12-17,6,2011
SVK,f,18-59,0,2011
SVK,f,60+,0,2011
SVK,m,0-4,0,2011
SVK,m,5-11,0,2011
SVK,m,12-17,0,2011
SVK,m,18-59,0,2011
SVK,m,60+,0,2011
SVK,f,0-4,6,2011
SVK,f,5-11,5,2011
SVK,f,12-17,0,2011
SVK,f,18-59,5,2011
SVK,f,60+,0,2011
SVK,m,0-4,5,2011
SVK,m,5-11,0,2011
SVK,m,12-17,0,2011
SVK,m,18-59,69,2011
SVK,m,60+,0,2011
SVN,f,0-4,0,2011
SVN,f,5-11,0,2011
SVN,f,12-17,0,2011
SVN,f,18-59,0,2011
SVN,f,60+,0,2011
SVN,m,0-4,0,2011
SVN,m,5-11,0,2011
SVN,m,12-17,7,2011
SVN,m,18-59,16,2011
SVN,m,60+,0,2011
SVN,f,0-4,0,2011
SVN,f,5-11,0,2011
SVN,f,12-17,0,2011
SVN,f,18-59,0,2011
SVN,f,60+,0,2011
SVN,m,0-4,0,2011
SVN,m,5-11,0,2011
SVN,m,12-17,0,2011
SVN,m,18-59,0,2011
SVN,m,60+,0,2011
SWE,f,0-4,0,2011
SWE,f,5-11,0,2011
SWE,f,12-17,0,2011
SWE,f,18-59,0,2011
SWE,f,60+,0,2011
SWE,m,0-4,0,2011
SWE,m,5-11,0,2011
SWE,m,12-17,0,2011
SWE,m,18-59,0,2011
SWE,m,60+,0,2011
SWE,f,0-4,0,2011
SWE,f,5-11,0,2011
SWE,f,12-17,0,2011
SWE,f,18-59,0,2011
SWE,f,60+,0,2011
SWE,m,0-4,0,2011
SWE,m,5-11,0,2011
SWE,m,12-17,0,2011
SWE,m,18-59,0,2011
SWE,m,60+,0,2011
SYR,f,0-4,5,2011
SYR,f,5-11,17,2011
SYR,f,12-17,5,2011
SYR,f,18-59,45,2011
SYR,f,60+,0,2011
SYR,m,0-4,5,2011
SYR,m,5-11,10,2011
SYR,m,12-17,14,2011
SYR,m,18-59,62,2011
SYR,m,60+,5,2011
SYR,f,0-4,86,2011
SYR,f,5-11,141,2011
SYR,f,12-17,166,2011
SYR,f,18-59,450,2011
SYR,f,60+,27,2011
SYR,m,0-4,82,2011
SYR,m,5-11,167,2011
SYR,m,12-17,179,2011
SYR,m,18-59,451,2011
SYR,m,60+,42,2011
TJK,f,0-4,0,2011
TJK,f,5-11,6,2011
TJK,f,12-17,5,2011
TJK,f,18-59,16,2011
TJK,f,60+,0,2011
TJK,m,0-4,5,2011
TJK,m,5-11,9,2011
TJK,m,12-17,13,2011
TJK,m,18-59,16,2011
TJK,m,60+,5,2011
TJK,f,0-4,5,2011
TJK,f,5-11,9,2011
TJK,f,12-17,9,2011
TJK,f,18-59,19,2011
TJK,f,60+,0,2011
TJK,m,0-4,5,2011
TJK,m,5-11,8,2011
TJK,m,12-17,5,2011
TJK,m,18-59,15,2011
TJK,m,60+,0,2011
TKM,f,0-4,0,2011
TKM,f,5-11,0,2011
TKM,f,12-17,6,2011
TKM,f,18-59,6,2011
TKM,f,60+,0,2011
TKM,m,0-4,0,2011
TKM,m,5-11,0,2011
TKM,m,12-17,0,2011
TKM,m,18-59,19,2011
TKM,m,60+,0,2011
TUR,f,0-4,121,2011
TUR,f,5-11,175,2011
TUR,f,12-17,210,2011
TUR,f,18-59,511,2011
TUR,f,60+,15,2011
TUR,m,0-4,91,2011
TUR,m,5-11,260,2011
TUR,m,12-17,313,2011
TUR,m,18-59,685,2011
TUR,m,60+,14,2011
TUR,f,0-4,87,2011
TUR,f,5-11,228,2011
TUR,f,12-17,228,2011
TUR,f,18-59,653,2011
TUR,f,60+,5,2011
TUR,m,0-4,92,2011
TUR,m,5-11,254,2011
TUR,m,12-17,313,2011
TUR,m,18-59,803,2011
TUR,m,60+,19,2011
UKR,f,0-4,16,2011
UKR,f,5-11,9,2011
UKR,f,12-17,15,2011
UKR,f,18-59,97,2011
UKR,f,60+,5,2011
UKR,m,0-4,15,2011
UKR,m,5-11,31,2011
UKR,m,12-17,65,2011
UKR,m,18-59,504,2011
UKR,m,60+,6,2011
UKR,f,0-4,0,2011
UKR,f,5-11,0,2011
UKR,f,12-17,9,2011
UKR,f,18-59,19,2011
UKR,f,60+,0,2011
UKR,m,0-4,0,2011
UKR,m,5-11,5,2011
UKR,m,12-17,5,2011
UKR,m,18-59,35,2011
UKR,m,60+,0,2011
USA,f,0-4,0,2011
USA,f,5-11,0,2011
USA,f,12-17,0,2011
USA,f,18-59,0,2011
USA,f,60+,0,2011
USA,m,0-4,0,2011
USA,m,5-11,0,2011
USA,m,12-17,0,2011
USA,m,18-59,0,2011
USA,m,60+,0,2011
USA,f,0-4,0,2011
USA,f,5-11,0,2011
USA,f,12-17,0,2011
USA,f,18-59,0,2011
USA,f,60+,0,2011
USA,m,0-4,0,2011
USA,m,5-11,0,2011
USA,m,12-17,0,2011
USA,m,18-59,0,2011
USA,m,60+,0,2011
UZB,f,0-4,9,2011
UZB,f,5-11,9,2011
UZB,f,12-17,14,2011
UZB,f,18-59,55,2011
UZB,f,60+,5,2011
UZB,m,0-4,6,2011
UZB,m,5-11,8,2011
UZB,m,12-17,21,2011
UZB,m,18-59,79,2011
UZB,m,60+,5,2011
VEN,f,0-4,0,2011
VEN,f,5-11,0,2011
VEN,f,12-17,0,2011
VEN,f,18-59,0,2011
VEN,f,60+,0,2011
VEN,m,0-4,0,2011
VEN,m,5-11,0,2011
VEN,m,12-17,0,2011
VEN,m,18-59,5,2011
VEN,m,60+,0,2011
ZAF,f,0-4,0,2011
ZAF,f,5-11,0,2011
ZAF,f,12-17,0,2011
ZAF,f,18-59,0,2011
ZAF,f,60+,0,2011
ZAF,m,0-4,0,2011
ZAF,m,5-11,0,2011
ZAF,m,12-17,0,2011
ZAF,m,18-59,0,2011
ZAF,m,60+,0,2011
AFG,f,0-4,43971,2012
AFG,f,5-11,124015,2012
AFG,f,12-17,69956,2012
AFG,f,18-59,182150,2012
AFG,f,60+,9064,2012
AFG,m,0-4,44945,2012
AFG,m,5-11,128972,2012
AFG,m,12-17,77256,2012
AFG,m,18-59,183869,2012
AFG,m,60+,15178,2012
ARE,f,0-4,0,2012
ARE,f,5-11,0,2012
ARE,f,12-17,0,2012
ARE,f,18-59,6,2012
ARE,f,60+,0,2012
ARE,m,0-4,0,2012
ARE,m,5-11,0,2012
ARE,m,12-17,0,2012
ARE,m,18-59,0,2012
ARE,m,60+,0,2012
AUS,f,0-4,0,2012
AUS,f,5-11,0,2012
AUS,f,12-17,0,2012
AUS,f,18-59,0,2012
AUS,f,60+,0,2012
AUS,m,0-4,0,2012
AUS,m,5-11,0,2012
AUS,m,12-17,0,2012
AUS,m,18-59,0,2012
AUS,m,60+,0,2012
AUS,f,0-4,0,2012
AUS,f,5-11,0,2012
AUS,f,12-17,0,2012
AUS,f,18-59,0,2012
AUS,f,60+,0,2012
AUS,m,0-4,0,2012
AUS,m,5-11,0,2012
AUS,m,12-17,0,2012
AUS,m,18-59,0,2012
AUS,m,60+,0,2012
AUT,f,0-4,0,2012
AUT,f,5-11,0,2012
AUT,f,12-17,0,2012
AUT,f,18-59,0,2012
AUT,f,60+,0,2012
AUT,m,0-4,0,2012
AUT,m,5-11,0,2012
AUT,m,12-17,0,2012
AUT,m,18-59,0,2012
AUT,m,60+,0,2012
AUT,f,0-4,0,2012
AUT,f,5-11,0,2012
AUT,f,12-17,0,2012
AUT,f,18-59,0,2012
AUT,f,60+,0,2012
AUT,m,0-4,0,2012
AUT,m,5-11,0,2012
AUT,m,12-17,0,2012
AUT,m,18-59,0,2012
AUT,m,60+,0,2012
AZE,f,0-4,0,2012
AZE,f,5-11,0,2012
AZE,f,12-17,5,2012
AZE,f,18-59,6,2012
AZE,f,60+,0,2012
AZE,m,0-4,0,2012
AZE,m,5-11,0,2012
AZE,m,12-17,5,2012
AZE,m,18-59,6,2012
AZE,m,60+,0,2012
AZE,f,0-4,24,2012
AZE,f,5-11,32,2012
AZE,f,12-17,28,2012
AZE,f,18-59,96,2012
AZE,f,60+,10,2012
AZE,m,0-4,28,2012
AZE,m,5-11,30,2012
AZE,m,12-17,28,2012
AZE,m,18-59,289,2012
AZE,m,60+,11,2012
BEL,f,0-4,0,2012
BEL,f,5-11,0,2012
BEL,f,12-17,0,2012
BEL,f,18-59,0,2012
BEL,f,60+,0,2012
BEL,m,0-4,0,2012
BEL,m,5-11,0,2012
BEL,m,12-17,0,2012
BEL,m,18-59,0,2012
BEL,m,60+,0,2012
BEL,f,0-4,0,2012
BEL,f,5-11,0,2012
BEL,f,12-17,0,2012
BEL,f,18-59,0,2012
BEL,f,60+,0,2012
BEL,m,0-4,0,2012
BEL,m,5-11,0,2012
BEL,m,12-17,0,2012
BEL,m,18-59,0,2012
BEL,m,60+,0,2012
BGR,f,0-4,0,2012
BGR,f,5-11,0,2012
BGR,f,12-17,0,2012
BGR,f,18-59,0,2012
BGR,f,60+,0,2012
BGR,m,0-4,0,2012
BGR,m,5-11,0,2012
BGR,m,12-17,0,2012
BGR,m,18-59,0,2012
BGR,m,60+,0,2012
BLR,f,0-4,10,2012
BLR,f,5-11,5,2012
BLR,f,12-17,0,2012
BLR,f,18-59,0,2012
BLR,f,60+,0,2012
BLR,m,0-4,0,2012
BLR,m,5-11,5,2012
BLR,m,12-17,5,2012
BLR,m,18-59,15,2012
BLR,m,60+,0,2012
BLR,f,0-4,8,2012
BLR,f,5-11,32,2012
BLR,f,12-17,37,2012
BLR,f,18-59,75,2012
BLR,f,60+,9,2012
BLR,m,0-4,14,2012
BLR,m,5-11,28,2012
BLR,m,12-17,21,2012
BLR,m,18-59,180,2012
BLR,m,60+,5,2012
BRA,f,0-4,0,2012
BRA,f,5-11,0,2012
BRA,f,12-17,0,2012
BRA,f,18-59,5,2012
BRA,f,60+,0,2012
BRA,m,0-4,0,2012
BRA,m,5-11,0,2012
BRA,m,12-17,9,2012
BRA,m,18-59,14,2012
BRA,m,60+,0,2012
CAN,f,0-4,19,2012
CAN,f,5-11,24,2012
CAN,f,12-17,10,2012
CAN,f,18-59,92,2012
CAN,f,60+,9,2012
CAN,m,0-4,13,2012
CAN,m,5-11,20,2012
CAN,m,12-17,28,2012
CAN,m,18-59,186,2012
CAN,m,60+,10,2012
CAN,f,0-4,12,2012
CAN,f,5-11,23,2012
CAN,f,12-17,13,2012
CAN,f,18-59,73,2012
CAN,f,60+,6,2012
CAN,m,0-4,19,2012
CAN,m,5-11,21,2012
CAN,m,12-17,24,2012
CAN,m,18-59,105,2012
CAN,m,60+,6,2012
CHE,f,0-4,96,2012
CHE,f,5-11,134,2012
CHE,f,12-17,71,2012
CHE,f,18-59,338,2012
CHE,f,60+,13,2012
CHE,m,0-4,108,2012
CHE,m,5-11,141,2012
CHE,m,12-17,152,2012
CHE,m,18-59,1160,2012
CHE,m,60+,15,2012
CHE,f,0-4,57,2012
CHE,f,5-11,91,2012
CHE,f,12-17,66,2012
CHE,f,18-59,249,2012
CHE,f,60+,16,2012
CHE,m,0-4,50,2012
CHE,m,5-11,102,2012
CHE,m,12-17,106,2012
CHE,m,18-59,641,2012
CHE,m,60+,22,2012
CHL,f,0-4,0,2012
CHL,f,5-11,0,2012
CHL,f,12-17,0,2012
CHL,f,18-59,0,2012
CHL,f,60+,0,2012
CHL,m,0-4,0,2012
CHL,m,5-11,0,2012
CHL,m,12-17,0,2012
CHL,m,18-59,0,2012
CHL,m,60+,0,2012
CHN,f,0-4,0,2012
CHN,f,5-11,0,2012
CHN,f,12-17,0,2012
CHN,f,18-59,0,2012
CHN,f,60+,0,2012
CHN,m,0-4,0,2012
CHN,m,5-11,0,2012
CHN,m,12-17,0,2012
CHN,m,18-59,7,2012
CHN,m,60+,0,2012
CIV,f,0-4,0,2012
CIV,f,5-11,0,2012
CIV,f,12-17,0,2012
CIV,f,18-59,8,2012
CIV,f,60+,0,2012
CIV,m,0-4,0,2012
CIV,m,5-11,0,2012
CIV,m,12-17,0,2012
CIV,m,18-59,5,2012
CIV,m,60+,0,2012
CYP,f,0-4,0,2012
CYP,f,5-11,0,2012
CYP,f,12-17,0,2012
CYP,f,18-59,0,2012
CYP,f,60+,0,2012
CYP,m,0-4,0,2012
CYP,m,5-11,0,2012
CYP,m,12-17,0,2012
CYP,m,18-59,0,2012
CYP,m,60+,0,2012
CYP,f,0-4,0,2012
CYP,f,5-11,0,2012
CYP,f,12-17,0,2012
CYP,f,18-59,0,2012
CYP,f,60+,0,2012
CYP,m,0-4,0,2012
CYP,m,5-11,0,2012
CYP,m,12-17,0,2012
CYP,m,18-59,0,2012
CYP,m,60+,0,2012
CZE,f,0-4,0,2012
CZE,f,5-11,0,2012
CZE,f,12-17,0,2012
CZE,f,18-59,0,2012
CZE,f,60+,0,2012
CZE,m,0-4,0,2012
CZE,m,5-11,0,2012
CZE,m,12-17,0,2012
CZE,m,18-59,0,2012
CZE,m,60+,0,2012
CZE,f,0-4,0,2012
CZE,f,5-11,0,2012
CZE,f,12-17,0,2012
CZE,f,18-59,0,2012
CZE,f,60+,0,2012
CZE,m,0-4,0,2012
CZE,m,5-11,0,2012
CZE,m,12-17,0,2012
CZE,m,18-59,0,2012
CZE,m,60+,0,2012
DEU,f,0-4,520,2012
DEU,f,5-11,640,2012
DEU,f,12-17,633,2012
DEU,f,18-59,2421,2012
DEU,f,60+,211,2012
DEU,m,0-4,608,2012
DEU,m,5-11,764,2012
DEU,m,12-17,1915,2012
DEU,m,18-59,6440,2012
DEU,m,60+,205,2012
DEU,f,0-4,382,2012
DEU,f,5-11,1240,2012
DEU,f,12-17,1501,2012
DEU,f,18-59,8583,2012
DEU,f,60+,2455,2012
DEU,m,0-4,432,2012
DEU,m,5-11,1320,2012
DEU,m,12-17,1960,2012
DEU,m,18-59,12102,2012
DEU,m,60+,1771,2012
DNK,f,0-4,0,2012
DNK,f,5-11,0,2012
DNK,f,12-17,0,2012
DNK,f,18-59,0,2012
DNK,f,60+,0,2012
DNK,m,0-4,0,2012
DNK,m,5-11,0,2012
DNK,m,12-17,0,2012
DNK,m,18-59,0,2012
DNK,m,60+,0,2012
DNK,f,0-4,0,2012
DNK,f,5-11,0,2012
DNK,f,12-17,0,2012
DNK,f,18-59,0,2012
DNK,f,60+,0,2012
DNK,m,0-4,0,2012
DNK,m,5-11,0,2012
DNK,m,12-17,0,2012
DNK,m,18-59,0,2012
DNK,m,60+,0,2012
ECU,f,0-4,0,2012
ECU,f,5-11,0,2012
ECU,f,12-17,0,2012
ECU,f,18-59,0,2012
ECU,f,60+,0,2012
ECU,m,0-4,0,2012
ECU,m,5-11,0,2012
ECU,m,12-17,0,2012
ECU,m,18-59,5,2012
ECU,m,60+,0,2012
ECU,f,0-4,0,2012
ECU,f,5-11,0,2012
ECU,f,12-17,7,2012
ECU,f,18-59,38,2012
ECU,f,60+,5,2012
ECU,m,0-4,0,2012
ECU,m,5-11,8,2012
ECU,m,12-17,5,2012
ECU,m,18-59,44,2012
ECU,m,60+,6,2012
EGY,f,0-4,0,2012
EGY,f,5-11,0,2012
EGY,f,12-17,0,2012
EGY,f,18-59,0,2012
EGY,f,60+,0,2012
EGY,m,0-4,0,2012
EGY,m,5-11,9,2012
EGY,m,12-17,0,2012
EGY,m,18-59,0,2012
EGY,m,60+,0,2012
ESP,f,0-4,0,2012
ESP,f,5-11,0,2012
ESP,f,12-17,0,2012
ESP,f,18-59,0,2012
ESP,f,60+,0,2012
ESP,m,0-4,0,2012
ESP,m,5-11,0,2012
ESP,m,12-17,0,2012
ESP,m,18-59,0,2012
ESP,m,60+,0,2012
ESP,f,0-4,0,2012
ESP,f,5-11,0,2012
ESP,f,12-17,0,2012
ESP,f,18-59,0,2012
ESP,f,60+,0,2012
ESP,m,0-4,0,2012
ESP,m,5-11,0,2012
ESP,m,12-17,0,2012
ESP,m,18-59,0,2012
ESP,m,60+,0,2012
EST,f,0-4,0,2012
EST,f,5-11,0,2012
EST,f,12-17,0,2012
EST,f,18-59,0,2012
EST,f,60+,0,2012
EST,m,0-4,0,2012
EST,m,5-11,0,2012
EST,m,12-17,0,2012
EST,m,18-59,14,2012
EST,m,60+,0,2012
FIN,f,0-4,0,2012
FIN,f,5-11,0,2012
FIN,f,12-17,0,2012
FIN,f,18-59,0,2012
FIN,f,60+,0,2012
FIN,m,0-4,0,2012
FIN,m,5-11,0,2012
FIN,m,12-17,0,2012
FIN,m,18-59,0,2012
FIN,m,60+,0,2012
FIN,f,0-4,0,2012
FIN,f,5-11,0,2012
FIN,f,12-17,0,2012
FIN,f,18-59,0,2012
FIN,f,60+,0,2012
FIN,m,0-4,0,2012
FIN,m,5-11,0,2012
FIN,m,12-17,0,2012
FIN,m,18-59,0,2012
FIN,m,60+,0,2012
FJI,f,0-4,0,2012
FJI,f,5-11,0,2012
FJI,f,12-17,0,2012
FJI,f,18-59,7,2012
FJI,f,60+,0,2012
FJI,m,0-4,0,2012
FJI,m,5-11,0,2012
FJI,m,12-17,0,2012
FJI,m,18-59,0,2012
FJI,m,60+,0,2012
FRA,f,0-4,0,2012
FRA,f,5-11,0,2012
FRA,f,12-17,0,2012
FRA,f,18-59,0,2012
FRA,f,60+,0,2012
FRA,m,0-4,0,2012
FRA,m,5-11,0,2012
FRA,m,12-17,0,2012
FRA,m,18-59,0,2012
FRA,m,60+,0,2012
FRA,f,0-4,0,2012
FRA,f,5-11,0,2012
FRA,f,12-17,0,2012
FRA,f,18-59,0,2012
FRA,f,60+,0,2012
FRA,m,0-4,0,2012
FRA,m,5-11,0,2012
FRA,m,12-17,0,2012
FRA,m,18-59,0,2012
FRA,m,60+,0,2012
GBR,f,0-4,0,2012
GBR,f,5-11,0,2012
GBR,f,12-17,0,2012
GBR,f,18-59,0,2012
GBR,f,60+,0,2012
GBR,m,0-4,0,2012
GBR,m,5-11,0,2012
GBR,m,12-17,0,2012
GBR,m,18-59,0,2012
GBR,m,60+,0,2012
GBR,f,0-4,0,2012
GBR,f,5-11,0,2012
GBR,f,12-17,0,2012
GBR,f,18-59,0,2012
GBR,f,60+,0,2012
GBR,m,0-4,0,2012
GBR,m,5-11,0,2012
GBR,m,12-17,0,2012
GBR,m,18-59,0,2012
GBR,m,60+,0,2012
GEO,f,0-4,0,2012
GEO,f,5-11,0,2012
GEO,f,12-17,0,2012
GEO,f,18-59,0,2012
GEO,f,60+,0,2012
GEO,m,0-4,0,2012
GEO,m,5-11,0,2012
GEO,m,12-17,5,2012
GEO,m,18-59,0,2012
GEO,m,60+,0,2012
GRC,f,0-4,0,2012
GRC,f,5-11,0,2012
GRC,f,12-17,0,2012
GRC,f,18-59,0,2012
GRC,f,60+,0,2012
GRC,m,0-4,0,2012
GRC,m,5-11,0,2012
GRC,m,12-17,0,2012
GRC,m,18-59,0,2012
GRC,m,60+,0,2012
HKG,f,0-4,0,2012
HKG,f,5-11,0,2012
HKG,f,12-17,0,2012
HKG,f,18-59,0,2012
HKG,f,60+,0,2012
HKG,m,0-4,0,2012
HKG,m,5-11,0,2012
HKG,m,12-17,0,2012
HKG,m,18-59,5,2012
HKG,m,60+,0,2012
HKG,f,0-4,0,2012
HKG,f,5-11,0,2012
HKG,f,12-17,0,2012
HKG,f,18-59,0,2012
HKG,f,60+,0,2012
HKG,m,0-4,0,2012
HKG,m,5-11,0,2012
HKG,m,12-17,0,2012
HKG,m,18-59,7,2012
HKG,m,60+,0,2012
HRV,f,0-4,5,2012
HRV,f,5-11,7,2012
HRV,f,12-17,5,2012
HRV,f,18-59,17,2012
HRV,f,60+,0,2012
HRV,m,0-4,10,2012
HRV,m,5-11,11,2012
HRV,m,12-17,11,2012
HRV,m,18-59,62,2012
HRV,m,60+,0,2012
HRV,f,0-4,0,2012
HRV,f,5-11,5,2012
HRV,f,12-17,0,2012
HRV,f,18-59,0,2012
HRV,f,60+,0,2012
HRV,m,0-4,0,2012
HRV,m,5-11,0,2012
HRV,m,12-17,5,2012
HRV,m,18-59,9,2012
HRV,m,60+,0,2012
HUN,f,0-4,0,2012
HUN,f,5-11,0,2012
HUN,f,12-17,0,2012
HUN,f,18-59,0,2012
HUN,f,60+,0,2012
HUN,m,0-4,0,2012
HUN,m,5-11,0,2012
HUN,m,12-17,0,2012
HUN,m,18-59,0,2012
HUN,m,60+,0,2012
IDN,f,0-4,16,2012
IDN,f,5-11,20,2012
IDN,f,12-17,138,2012
IDN,f,18-59,36,2012
IDN,f,60+,0,2012
IDN,m,0-4,10,2012
IDN,m,5-11,413,2012
IDN,m,12-17,2271,2012
IDN,m,18-59,57,2012
IDN,m,60+,34,2012
IDN,f,0-4,8,2012
IDN,f,5-11,5,2012
IDN,f,12-17,35,2012
IDN,f,18-59,10,2012
IDN,f,60+,0,2012
IDN,m,0-4,5,2012
IDN,m,5-11,99,2012
IDN,m,12-17,690,2012
IDN,m,18-59,17,2012
IDN,m,60+,21,2012
IND,f,0-4,21,2012
IND,f,5-11,51,2012
IND,f,12-17,45,2012
IND,f,18-59,149,2012
IND,f,60+,5,2012
IND,m,0-4,33,2012
IND,m,5-11,57,2012
IND,m,12-17,43,2012
IND,m,18-59,155,2012
IND,m,60+,12,2012
IND,f,0-4,212,2012
IND,f,5-11,562,2012
IND,f,12-17,473,2012
IND,f,18-59,3513,2012
IND,f,60+,373,2012
IND,m,0-4,250,2012
IND,m,5-11,581,2012
IND,m,12-17,600,2012
IND,m,18-59,2742,2012
IND,m,60+,327,2012
IRL,f,0-4,0,2012
IRL,f,5-11,0,2012
IRL,f,12-17,0,2012
IRL,f,18-59,0,2012
IRL,f,60+,0,2012
IRL,m,0-4,0,2012
IRL,m,5-11,0,2012
IRL,m,12-17,0,2012
IRL,m,18-59,0,2012
IRL,m,60+,0,2012
IRL,f,0-4,0,2012
IRL,f,5-11,0,2012
IRL,f,12-17,0,2012
IRL,f,18-59,0,2012
IRL,f,60+,0,2012
IRL,m,0-4,0,2012
IRL,m,5-11,0,2012
IRL,m,12-17,0,2012
IRL,m,18-59,0,2012
IRL,m,60+,0,2012
IRN,f,0-4,0,2012
IRN,f,5-11,5,2012
IRN,f,12-17,0,2012
IRN,f,18-59,0,2012
IRN,f,60+,0,2012
IRN,m,0-4,0,2012
IRN,m,5-11,0,2012
IRN,m,12-17,0,2012
IRN,m,18-59,8,2012
IRN,m,60+,0,2012
IRN,f,0-4,1853,2012
IRN,f,5-11,2523,2012
IRN,f,12-17,2707,2012
IRN,f,18-59,6129,2012
IRN,f,60+,609,2012
IRN,m,0-4,1931,2012
IRN,m,5-11,2495,2012
IRN,m,12-17,2880,2012
IRN,m,18-59,6294,2012
IRN,m,60+,842,2012
IRQ,f,0-4,0,2012
IRQ,f,5-11,9,2012
IRQ,f,12-17,0,2012
IRQ,f,18-59,0,2012
IRQ,f,60+,6,2012
IRQ,m,0-4,0,2012
IRQ,m,5-11,0,2012
IRQ,m,12-17,9,2012
IRQ,m,18-59,9,2012
IRQ,m,60+,0,2012
ISL,f,0-4,0,2012
ISL,f,5-11,0,2012
ISL,f,12-17,0,2012
ISL,f,18-59,0,2012
ISL,f,60+,0,2012
ISL,m,0-4,0,2012
ISL,m,5-11,0,2012
ISL,m,12-17,0,2012
ISL,m,18-59,6,2012
ISL,m,60+,0,2012
ISL,f,0-4,0,2012
ISL,f,5-11,0,2012
ISL,f,12-17,0,2012
ISL,f,18-59,0,2012
ISL,f,60+,0,2012
ISL,m,0-4,0,2012
ISL,m,5-11,0,2012
ISL,m,12-17,0,2012
ISL,m,18-59,6,2012
ISL,m,60+,0,2012
ITA,f,0-4,0,2012
ITA,f,5-11,0,2012
ITA,f,12-17,0,2012
ITA,f,18-59,0,2012
ITA,f,60+,0,2012
ITA,m,0-4,0,2012
ITA,m,5-11,0,2012
ITA,m,12-17,0,2012
ITA,m,18-59,0,2012
ITA,m,60+,0,2012
ITA,f,0-4,0,2012
ITA,f,5-11,0,2012
ITA,f,12-17,0,2012
ITA,f,18-59,0,2012
ITA,f,60+,0,2012
ITA,m,0-4,0,2012
ITA,m,5-11,0,2012
ITA,m,12-17,0,2012
ITA,m,18-59,0,2012
ITA,m,60+,0,2012
JOR,f,0-4,0,2012
JOR,f,5-11,0,2012
JOR,f,12-17,0,2012
JOR,f,18-59,0,2012
JOR,f,60+,0,2012
JOR,m,0-4,0,2012
JOR,m,5-11,0,2012
JOR,m,12-17,7,2012
JOR,m,18-59,5,2012
JOR,m,60+,0,2012
JOR,f,0-4,0,2012
JOR,f,5-11,5,2012
JOR,f,12-17,0,2012
JOR,f,18-59,0,2012
JOR,f,60+,0,2012
JOR,m,0-4,0,2012
JOR,m,5-11,0,2012
JOR,m,12-17,0,2012
JOR,m,18-59,7,2012
JOR,m,60+,0,2012
JPN,f,0-4,0,2012
JPN,f,5-11,0,2012
JPN,f,12-17,0,2012
JPN,f,18-59,0,2012
JPN,f,60+,0,2012
JPN,m,0-4,0,2012
JPN,m,5-11,0,2012
JPN,m,12-17,0,2012
JPN,m,18-59,0,2012
JPN,m,60+,0,2012
KAZ,f,0-4,6,2012
KAZ,f,5-11,0,2012
KAZ,f,12-17,0,2012
KAZ,f,18-59,10,2012
KAZ,f,60+,0,2012
KAZ,m,0-4,0,2012
KAZ,m,5-11,6,2012
KAZ,m,12-17,0,2012
KAZ,m,18-59,13,2012
KAZ,m,60+,0,2012
KAZ,f,0-4,27,2012
KAZ,f,5-11,36,2012
KAZ,f,12-17,33,2012
KAZ,f,18-59,146,2012
KAZ,f,60+,5,2012
KAZ,m,0-4,24,2012
KAZ,m,5-11,38,2012
KAZ,m,12-17,29,2012
KAZ,m,18-59,181,2012
KAZ,m,60+,6,2012
KGZ,f,0-4,5,2012
KGZ,f,5-11,9,2012
KGZ,f,12-17,12,2012
KGZ,f,18-59,40,2012
KGZ,f,60+,0,2012
KGZ,m,0-4,7,2012
KGZ,m,5-11,14,2012
KGZ,m,12-17,12,2012
KGZ,m,18-59,51,2012
KGZ,m,60+,0,2012
KGZ,f,0-4,5,2012
KGZ,f,5-11,40,2012
KGZ,f,12-17,22,2012
KGZ,f,18-59,93,2012
KGZ,f,60+,5,2012
KGZ,m,0-4,11,2012
KGZ,m,5-11,19,2012
KGZ,m,12-17,29,2012
KGZ,m,18-59,148,2012
KGZ,m,60+,5,2012
KOR,f,0-4,0,2012
KOR,f,5-11,0,2012
KOR,f,12-17,0,2012
KOR,f,18-59,0,2012
KOR,f,60+,0,2012
KOR,m,0-4,0,2012
KOR,m,5-11,0,2012
KOR,m,12-17,0,2012
KOR,m,18-59,22,2012
KOR,m,60+,0,2012
KOR,f,0-4,0,2012
KOR,f,5-11,0,2012
KOR,f,12-17,0,2012
KOR,f,18-59,0,2012
KOR,f,60+,0,2012
KOR,m,0-4,0,2012
KOR,m,5-11,0,2012
KOR,m,12-17,0,2012
KOR,m,18-59,10,2012
KOR,m,60+,0,2012
LBN,f,0-4,0,2012
LBN,f,5-11,0,2012
LBN,f,12-17,0,2012
LBN,f,18-59,0,2012
LBN,f,60+,0,2012
LBN,m,0-4,0,2012
LBN,m,5-11,9,2012
LBN,m,12-17,0,2012
LBN,m,18-59,7,2012
LBN,m,60+,0,2012
LBN,f,0-4,0,2012
LBN,f,5-11,0,2012
LBN,f,12-17,0,2012
LBN,f,18-59,0,2012
LBN,f,60+,0,2012
LBN,m,0-4,0,2012
LBN,m,5-11,0,2012
LBN,m,12-17,0,2012
LBN,m,18-59,12,2012
LBN,m,60+,0,2012
LKA,f,0-4,0,2012
LKA,f,5-11,0,2012
LKA,f,12-17,5,2012
LKA,f,18-59,0,2012
LKA,f,60+,0,2012
LKA,m,0-4,0,2012
LKA,m,5-11,0,2012
LKA,m,12-17,0,2012
LKA,m,18-59,0,2012
LKA,m,60+,0,2012
LTU,f,0-4,0,2012
LTU,f,5-11,0,2012
LTU,f,12-17,0,2012
LTU,f,18-59,0,2012
LTU,f,60+,0,2012
LTU,m,0-4,0,2012
LTU,m,5-11,0,2012
LTU,m,12-17,0,2012
LTU,m,18-59,0,2012
LTU,m,60+,0,2012
LTU,f,0-4,10,2012
LTU,f,5-11,0,2012
LTU,f,12-17,0,2012
LTU,f,18-59,5,2012
LTU,f,60+,0,2012
LTU,m,0-4,0,2012
LTU,m,5-11,0,2012
LTU,m,12-17,6,2012
LTU,m,18-59,23,2012
LTU,m,60+,0,2012
LVA,f,0-4,0,2012
LVA,f,5-11,0,2012
LVA,f,12-17,0,2012
LVA,f,18-59,0,2012
LVA,f,60+,0,2012
LVA,m,0-4,0,2012
LVA,m,5-11,0,2012
LVA,m,12-17,0,2012
LVA,m,18-59,5,2012
LVA,m,60+,0,2012
LVA,f,0-4,7,2012
LVA,f,5-11,0,2012
LVA,f,12-17,0,2012
LVA,f,18-59,0,2012
LVA,f,60+,0,2012
LVA,m,0-4,0,2012
LVA,m,5-11,5,2012
LVA,m,12-17,0,2012
LVA,m,18-59,9,2012
LVA,m,60+,0,2012
MDA,f,0-4,0,2012
MDA,f,5-11,0,2012
MDA,f,12-17,0,2012
MDA,f,18-59,5,2012
MDA,f,60+,0,2012
MDA,m,0-4,0,2012
MDA,m,5-11,0,2012
MDA,m,12-17,0,2012
MDA,m,18-59,9,2012
MDA,m,60+,0,2012
MEX,f,0-4,0,2012
MEX,f,5-11,0,2012
MEX,f,12-17,0,2012
MEX,f,18-59,0,2012
MEX,f,60+,0,2012
MEX,m,0-4,0,2012
MEX,m,5-11,0,2012
MEX,m,12-17,0,2012
MEX,m,18-59,0,2012
MEX,m,60+,0,2012
MKD,f,0-4,7,2012
MKD,f,5-11,14,2012
MKD,f,12-17,11,2012
MKD,f,18-59,15,2012
MKD,f,60+,0,2012
MKD,m,0-4,7,2012
MKD,m,5-11,22,2012
MKD,m,12-17,32,2012
MKD,m,18-59,108,2012
MKD,m,60+,0,2012
MNG,f,0-4,0,2012
MNG,f,5-11,0,2012
MNG,f,12-17,0,2012
MNG,f,18-59,0,2012
MNG,f,60+,0,2012
MNG,m,0-4,0,2012
MNG,m,5-11,0,2012
MNG,m,12-17,0,2012
MNG,m,18-59,5,2012
MNG,m,60+,0,2012
MYS,f,0-4,6,2012
MYS,f,5-11,9,2012
MYS,f,12-17,6,2012
MYS,f,18-59,22,2012
MYS,f,60+,0,2012
MYS,m,0-4,0,2012
MYS,m,5-11,8,2012
MYS,m,12-17,9,2012
MYS,m,18-59,55,2012
MYS,m,60+,0,2012
MYS,f,0-4,13,2012
MYS,f,5-11,30,2012
MYS,f,12-17,25,2012
MYS,f,18-59,85,2012
MYS,f,60+,5,2012
MYS,m,0-4,13,2012
MYS,m,5-11,21,2012
MYS,m,12-17,23,2012
MYS,m,18-59,129,2012
MYS,m,60+,5,2012
NLD,f,0-4,0,2012
NLD,f,5-11,0,2012
NLD,f,12-17,0,2012
NLD,f,18-59,0,2012
NLD,f,60+,0,2012
NLD,m,0-4,0,2012
NLD,m,5-11,0,2012
NLD,m,12-17,0,2012
NLD,m,18-59,0,2012
NLD,m,60+,0,2012
NLD,f,0-4,0,2012
NLD,f,5-11,0,2012
NLD,f,12-17,0,2012
NLD,f,18-59,0,2012
NLD,f,60+,0,2012
NLD,m,0-4,0,2012
NLD,m,5-11,0,2012
NLD,m,12-17,0,2012
NLD,m,18-59,0,2012
NLD,m,60+,0,2012
NOR,f,0-4,0,2012
NOR,f,5-11,0,2012
NOR,f,12-17,0,2012
NOR,f,18-59,0,2012
NOR,f,60+,0,2012
NOR,m,0-4,0,2012
NOR,m,5-11,0,2012
NOR,m,12-17,0,2012
NOR,m,18-59,0,2012
NOR,m,60+,0,2012
NOR,f,0-4,0,2012
NOR,f,5-11,0,2012
NOR,f,12-17,0,2012
NOR,f,18-59,0,2012
NOR,f,60+,0,2012
NOR,m,0-4,0,2012
NOR,m,5-11,0,2012
NOR,m,12-17,0,2012
NOR,m,18-59,0,2012
NOR,m,60+,0,2012
NRU,f,0-4,0,2012
NRU,f,5-11,0,2012
NRU,f,12-17,0,2012
NRU,f,18-59,0,2012
NRU,f,60+,0,2012
NRU,m,0-4,0,2012
NRU,m,5-11,0,2012
NRU,m,12-17,0,2012
NRU,m,18-59,66,2012
NRU,m,60+,0,2012
NZL,f,0-4,0,2012
NZL,f,5-11,0,2012
NZL,f,12-17,0,2012
NZL,f,18-59,0,2012
NZL,f,60+,0,2012
NZL,m,0-4,0,2012
NZL,m,5-11,0,2012
NZL,m,12-17,0,2012
NZL,m,18-59,0,2012
NZL,m,60+,0,2012
NZL,f,0-4,0,2012
NZL,f,5-11,0,2012
NZL,f,12-17,0,2012
NZL,f,18-59,0,2012
NZL,f,60+,0,2012
NZL,m,0-4,0,2012
NZL,m,5-11,0,2012
NZL,m,12-17,0,2012
NZL,m,18-59,0,2012
NZL,m,60+,0,2012
PAK,f,0-4,165,2012
PAK,f,5-11,337,2012
PAK,f,12-17,299,2012
PAK,f,18-59,821,2012
PAK,f,60+,43,2012
PAK,m,0-4,180,2012
PAK,m,5-11,377,2012
PAK,m,12-17,367,2012
PAK,m,18-59,590,2012
PAK,m,60+,41,2012
PAK,f,0-4,100102,2012
PAK,f,5-11,183165,2012
PAK,f,12-17,123261,2012
PAK,f,18-59,341175,2012
PAK,f,60+,20961,2012
PAK,m,0-4,105902,2012
PAK,m,5-11,192107,2012
PAK,m,12-17,143552,2012
PAK,m,18-59,386622,2012
PAK,m,60+,40893,2012
PHL,f,0-4,0,2012
PHL,f,5-11,0,2012
PHL,f,12-17,0,2012
PHL,f,18-59,0,2012
PHL,f,60+,0,2012
PHL,m,0-4,0,2012
PHL,m,5-11,0,2012
PHL,m,12-17,0,2012
PHL,m,18-59,5,2012
PHL,m,60+,0,2012
PNG,f,0-4,0,2012
PNG,f,5-11,0,2012
PNG,f,12-17,0,2012
PNG,f,18-59,0,2012
PNG,f,60+,0,2012
PNG,m,0-4,0,2012
PNG,m,5-11,0,2012
PNG,m,12-17,0,2012
PNG,m,18-59,0,2012
PNG,m,60+,0,2012
POL,f,0-4,0,2012
POL,f,5-11,0,2012
POL,f,12-17,0,2012
POL,f,18-59,0,2012
POL,f,60+,0,2012
POL,m,0-4,0,2012
POL,m,5-11,0,2012
POL,m,12-17,0,2012
POL,m,18-59,0,2012
POL,m,60+,0,2012
POL,f,0-4,0,2012
POL,f,5-11,0,2012
POL,f,12-17,0,2012
POL,f,18-59,0,2012
POL,f,60+,0,2012
POL,m,0-4,0,2012
POL,m,5-11,0,2012
POL,m,12-17,0,2012
POL,m,18-59,0,2012
POL,m,60+,0,2012
PRT,f,0-4,0,2012
PRT,f,5-11,0,2012
PRT,f,12-17,0,2012
PRT,f,18-59,0,2012
PRT,f,60+,0,2012
PRT,m,0-4,0,2012
PRT,m,5-11,0,2012
PRT,m,12-17,0,2012
PRT,m,18-59,0,2012
PRT,m,60+,0,2012
PRT,f,0-4,0,2012
PRT,f,5-11,0,2012
PRT,f,12-17,0,2012
PRT,f,18-59,0,2012
PRT,f,60+,0,2012
PRT,m,0-4,0,2012
PRT,m,5-11,0,2012
PRT,m,12-17,0,2012
PRT,m,18-59,0,2012
PRT,m,60+,0,2012
ROU,f,0-4,0,2012
ROU,f,5-11,0,2012
ROU,f,12-17,0,2012
ROU,f,18-59,0,2012
ROU,f,60+,0,2012
ROU,m,0-4,0,2012
ROU,m,5-11,0,2012
ROU,m,12-17,0,2012
ROU,m,18-59,24,2012
ROU,m,60+,0,2012
RUS,f,0-4,0,2012
RUS,f,5-11,0,2012
RUS,f,12-17,0,2012
RUS,f,18-59,0,2012
RUS,f,60+,0,2012
RUS,m,0-4,0,2012
RUS,m,5-11,0,2012
RUS,m,12-17,0,2012
RUS,m,18-59,0,2012
RUS,m,60+,0,2012
RUS,f,0-4,0,2012
RUS,f,5-11,0,2012
RUS,f,12-17,0,2012
RUS,f,18-59,0,2012
RUS,f,60+,0,2012
RUS,m,0-4,0,2012
RUS,m,5-11,0,2012
RUS,m,12-17,0,2012
RUS,m,18-59,0,2012
RUS,m,60+,0,2012
RUS,f,0-4,0,2012
RUS,f,5-11,0,2012
RUS,f,12-17,0,2012
RUS,f,18-59,0,2012
RUS,f,60+,0,2012
RUS,m,0-4,0,2012
RUS,m,5-11,0,2012
RUS,m,12-17,0,2012
RUS,m,18-59,0,2012
RUS,m,60+,0,2012
SAU,f,0-4,0,2012
SAU,f,5-11,7,2012
SAU,f,12-17,0,2012
SAU,f,18-59,0,2012
SAU,f,60+,0,2012
SAU,m,0-4,0,2012
SAU,m,5-11,0,2012
SAU,m,12-17,0,2012
SAU,m,18-59,0,2012
SAU,m,60+,0,2012
SRB,f,0-4,5,2012
SRB,f,5-11,9,2012
SRB,f,12-17,5,2012
SRB,f,18-59,14,2012
SRB,f,60+,0,2012
SRB,m,0-4,5,2012
SRB,m,5-11,8,2012
SRB,m,12-17,5,2012
SRB,m,18-59,30,2012
SRB,m,60+,0,2012
SVK,f,0-4,5,2012
SVK,f,5-11,5,2012
SVK,f,12-17,0,2012
SVK,f,18-59,6,2012
SVK,f,60+,0,2012
SVK,m,0-4,5,2012
SVK,m,5-11,0,2012
SVK,m,12-17,0,2012
SVK,m,18-59,68,2012
SVK,m,60+,0,2012
SVN,f,0-4,0,2012
SVN,f,5-11,0,2012
SVN,f,12-17,0,2012
SVN,f,18-59,0,2012
SVN,f,60+,0,2012
SVN,m,0-4,0,2012
SVN,m,5-11,0,2012
SVN,m,12-17,5,2012
SVN,m,18-59,13,2012
SVN,m,60+,0,2012
SVN,f,0-4,0,2012
SVN,f,5-11,0,2012
SVN,f,12-17,0,2012
SVN,f,18-59,0,2012
SVN,f,60+,0,2012
SVN,m,0-4,0,2012
SVN,m,5-11,0,2012
SVN,m,12-17,13,2012
SVN,m,18-59,5,2012
SVN,m,60+,0,2012
SWE,f,0-4,0,2012
SWE,f,5-11,0,2012
SWE,f,12-17,0,2012
SWE,f,18-59,0,2012
SWE,f,60+,0,2012
SWE,m,0-4,0,2012
SWE,m,5-11,0,2012
SWE,m,12-17,0,2012
SWE,m,18-59,0,2012
SWE,m,60+,0,2012
SWE,f,0-4,0,2012
SWE,f,5-11,0,2012
SWE,f,12-17,0,2012
SWE,f,18-59,0,2012
SWE,f,60+,0,2012
SWE,m,0-4,0,2012
SWE,m,5-11,0,2012
SWE,m,12-17,0,2012
SWE,m,18-59,0,2012
SWE,m,60+,0,2012
SYR,f,0-4,8,2012
SYR,f,5-11,10,2012
SYR,f,12-17,14,2012
SYR,f,18-59,53,2012
SYR,f,60+,5,2012
SYR,m,0-4,12,2012
SYR,m,5-11,11,2012
SYR,m,12-17,8,2012
SYR,m,18-59,66,2012
SYR,m,60+,5,2012
SYR,f,0-4,74,2012
SYR,f,5-11,138,2012
SYR,f,12-17,141,2012
SYR,f,18-59,480,2012
SYR,f,60+,27,2012
SYR,m,0-4,75,2012
SYR,m,5-11,149,2012
SYR,m,12-17,149,2012
SYR,m,18-59,456,2012
SYR,m,60+,48,2012
THA,f,0-4,0,2012
THA,f,5-11,0,2012
THA,f,12-17,0,2012
THA,f,18-59,8,2012
THA,f,60+,0,2012
THA,m,0-4,0,2012
THA,m,5-11,0,2012
THA,m,12-17,0,2012
THA,m,18-59,0,2012
THA,m,60+,0,2012
TJK,f,0-4,0,2012
TJK,f,5-11,0,2012
TJK,f,12-17,0,2012
TJK,f,18-59,0,2012
TJK,f,60+,0,2012
TJK,m,0-4,0,2012
TJK,m,5-11,0,2012
TJK,m,12-17,0,2012
TJK,m,18-59,0,2012
TJK,m,60+,0,2012
TJK,f,0-4,0,2012
TJK,f,5-11,9,2012
TJK,f,12-17,11,2012
TJK,f,18-59,11,2012
TJK,f,60+,0,2012
TJK,m,0-4,0,2012
TJK,m,5-11,5,2012
TJK,m,12-17,7,2012
TJK,m,18-59,10,2012
TJK,m,60+,0,2012
TKM,f,0-4,0,2012
TKM,f,5-11,0,2012
TKM,f,12-17,0,2012
TKM,f,18-59,10,2012
TKM,f,60+,0,2012
TKM,m,0-4,0,2012
TKM,m,5-11,0,2012
TKM,m,12-17,0,2012
TKM,m,18-59,9,2012
TKM,m,60+,0,2012
TUR,f,0-4,195,2012
TUR,f,5-11,365,2012
TUR,f,12-17,343,2012
TUR,f,18-59,1008,2012
TUR,f,60+,15,2012
TUR,m,0-4,218,2012
TUR,m,5-11,470,2012
TUR,m,12-17,722,2012
TUR,m,18-59,1478,2012
TUR,m,60+,31,2012
TUR,f,0-4,118,2012
TUR,f,5-11,291,2012
TUR,f,12-17,312,2012
TUR,f,18-59,872,2012
TUR,f,60+,10,2012
TUR,m,0-4,124,2012
TUR,m,5-11,334,2012
TUR,m,12-17,388,2012
TUR,m,18-59,1048,2012
TUR,m,60+,20,2012
UKR,f,0-4,0,2012
UKR,f,5-11,0,2012
UKR,f,12-17,0,2012
UKR,f,18-59,0,2012
UKR,f,60+,0,2012
UKR,m,0-4,0,2012
UKR,m,5-11,0,2012
UKR,m,12-17,0,2012
UKR,m,18-59,0,2012
UKR,m,60+,0,2012
UKR,f,0-4,0,2012
UKR,f,5-11,0,2012
UKR,f,12-17,0,2012
UKR,f,18-59,0,2012
UKR,f,60+,0,2012
UKR,m,0-4,0,2012
UKR,m,5-11,0,2012
UKR,m,12-17,0,2012
UKR,m,18-59,0,2012
UKR,m,60+,0,2012
USA,f,0-4,0,2012
USA,f,5-11,0,2012
USA,f,12-17,0,2012
USA,f,18-59,0,2012
USA,f,60+,0,2012
USA,m,0-4,0,2012
USA,m,5-11,0,2012
USA,m,12-17,0,2012
USA,m,18-59,0,2012
USA,m,60+,0,2012
USA,f,0-4,0,2012
USA,f,5-11,0,2012
USA,f,12-17,0,2012
USA,f,18-59,0,2012
USA,f,60+,0,2012
USA,m,0-4,0,2012
USA,m,5-11,0,2012
USA,m,12-17,0,2012
USA,m,18-59,0,2012
USA,m,60+,0,2012
UZB,f,0-4,5,2012
UZB,f,5-11,9,2012
UZB,f,12-17,11,2012
UZB,f,18-59,47,2012
UZB,f,60+,5,2012
UZB,m,0-4,5,2012
UZB,m,5-11,5,2012
UZB,m,12-17,11,2012
UZB,m,18-59,66,2012
UZB,m,60+,9,2012
VEN,f,0-4,0,2012
VEN,f,5-11,0,2012
VEN,f,12-17,0,2012
VEN,f,18-59,0,2012
VEN,f,60+,0,2012
VEN,m,0-4,0,2012
VEN,m,5-11,0,2012
VEN,m,12-17,0,2012
VEN,m,18-59,5,2012
VEN,m,60+,0,2012
ZAF,f,0-4,0,2012
ZAF,f,5-11,0,2012
ZAF,f,12-17,0,2012
ZAF,f,18-59,0,2012
ZAF,f,60+,0,2012
ZAF,m,0-4,0,2012
ZAF,m,5-11,0,2012
ZAF,m,12-17,0,2012
ZAF,m,18-59,0,2012
ZAF,m,60+,0,2012
AFG,f,0-4,8313,2013
AFG,f,5-11,33580,2013
AFG,f,12-17,25119,2013
AFG,f,18-59,66849,2013
AFG,f,60+,3803,2013
AFG,m,0-4,8349,2013
AFG,m,5-11,35306,2013
AFG,m,12-17,26467,2013
AFG,m,18-59,61086,2013
AFG,m,60+,6614,2013
AUS,f,0-4,0,2013
AUS,f,5-11,0,2013
AUS,f,12-17,0,2013
AUS,f,18-59,0,2013
AUS,f,60+,0,2013
AUS,m,0-4,0,2013
AUS,m,5-11,0,2013
AUS,m,12-17,0,2013
AUS,m,18-59,0,2013
AUS,m,60+,0,2013
AUS,f,0-4,0,2013
AUS,f,5-11,0,2013
AUS,f,12-17,0,2013
AUS,f,18-59,0,2013
AUS,f,60+,0,2013
AUS,m,0-4,0,2013
AUS,m,5-11,0,2013
AUS,m,12-17,0,2013
AUS,m,18-59,0,2013
AUS,m,60+,0,2013
AUT,f,0-4,0,2013
AUT,f,5-11,0,2013
AUT,f,12-17,0,2013
AUT,f,18-59,0,2013
AUT,f,60+,0,2013
AUT,m,0-4,0,2013
AUT,m,5-11,0,2013
AUT,m,12-17,0,2013
AUT,m,18-59,0,2013
AUT,m,60+,0,2013
AUT,f,0-4,0,2013
AUT,f,5-11,0,2013
AUT,f,12-17,0,2013
AUT,f,18-59,0,2013
AUT,f,60+,0,2013
AUT,m,0-4,0,2013
AUT,m,5-11,0,2013
AUT,m,12-17,0,2013
AUT,m,18-59,0,2013
AUT,m,60+,0,2013
AZE,f,0-4,0,2013
AZE,f,5-11,0,2013
AZE,f,12-17,8,2013
AZE,f,18-59,7,2013
AZE,f,60+,0,2013
AZE,m,0-4,0,2013
AZE,m,5-11,6,2013
AZE,m,12-17,0,2013
AZE,m,18-59,5,2013
AZE,m,60+,0,2013
AZE,f,0-4,21,2013
AZE,f,5-11,36,2013
AZE,f,12-17,27,2013
AZE,f,18-59,112,2013
AZE,f,60+,7,2013
AZE,m,0-4,25,2013
AZE,m,5-11,34,2013
AZE,m,12-17,26,2013
AZE,m,18-59,304,2013
AZE,m,60+,11,2013
BEL,f,0-4,0,2013
BEL,f,5-11,0,2013
BEL,f,12-17,0,2013
BEL,f,18-59,0,2013
BEL,f,60+,0,2013
BEL,m,0-4,0,2013
BEL,m,5-11,0,2013
BEL,m,12-17,0,2013
BEL,m,18-59,0,2013
BEL,m,60+,0,2013
BEL,f,0-4,0,2013
BEL,f,5-11,0,2013
BEL,f,12-17,0,2013
BEL,f,18-59,0,2013
BEL,f,60+,0,2013
BEL,m,0-4,0,2013
BEL,m,5-11,0,2013
BEL,m,12-17,0,2013
BEL,m,18-59,0,2013
BEL,m,60+,0,2013
BGR,f,0-4,25,2013
BGR,f,5-11,36,2013
BGR,f,12-17,43,2013
BGR,f,18-59,137,2013
BGR,f,60+,8,2013
BGR,m,0-4,22,2013
BGR,m,5-11,70,2013
BGR,m,12-17,73,2013
BGR,m,18-59,165,2013
BGR,m,60+,5,2013
BGR,f,0-4,0,2013
BGR,f,5-11,0,2013
BGR,f,12-17,0,2013
BGR,f,18-59,0,2013
BGR,f,60+,0,2013
BGR,m,0-4,0,2013
BGR,m,5-11,0,2013
BGR,m,12-17,0,2013
BGR,m,18-59,0,2013
BGR,m,60+,0,2013
BIH,f,0-4,0,2013
BIH,f,5-11,0,2013
BIH,f,12-17,0,2013
BIH,f,18-59,0,2013
BIH,f,60+,0,2013
BIH,m,0-4,0,2013
BIH,m,5-11,0,2013
BIH,m,12-17,6,2013
BIH,m,18-59,0,2013
BIH,m,60+,0,2013
BLR,f,0-4,0,2013
BLR,f,5-11,12,2013
BLR,f,12-17,7,2013
BLR,f,18-59,0,2013
BLR,f,60+,0,2013
BLR,m,0-4,0,2013
BLR,m,5-11,0,2013
BLR,m,12-17,0,2013
BLR,m,18-59,20,2013
BLR,m,60+,0,2013
BLR,f,0-4,8,2013
BLR,f,5-11,25,2013
BLR,f,12-17,43,2013
BLR,f,18-59,71,2013
BLR,f,60+,7,2013
BLR,m,0-4,18,2013
BLR,m,5-11,25,2013
BLR,m,12-17,28,2013
BLR,m,18-59,175,2013
BLR,m,60+,5,2013
BRA,f,0-4,0,2013
BRA,f,5-11,0,2013
BRA,f,12-17,0,2013
BRA,f,18-59,0,2013
BRA,f,60+,0,2013
BRA,m,0-4,0,2013
BRA,m,5-11,0,2013
BRA,m,12-17,0,2013
BRA,m,18-59,7,2013
BRA,m,60+,0,2013
BRA,f,0-4,0,2013
BRA,f,5-11,0,2013
BRA,f,12-17,0,2013
BRA,f,18-59,10,2013
BRA,f,60+,0,2013
BRA,m,0-4,0,2013
BRA,m,5-11,0,2013
BRA,m,12-17,0,2013
BRA,m,18-59,31,2013
BRA,m,60+,0,2013
CAN,f,0-4,14,2013
CAN,f,5-11,18,2013
CAN,f,12-17,15,2013
CAN,f,18-59,86,2013
CAN,f,60+,9,2013
CAN,m,0-4,12,2013
CAN,m,5-11,16,2013
CAN,m,12-17,22,2013
CAN,m,18-59,185,2013
CAN,m,60+,8,2013
CAN,f,0-4,15,2013
CAN,f,5-11,35,2013
CAN,f,12-17,28,2013
CAN,f,18-59,109,2013
CAN,f,60+,0,2013
CAN,m,0-4,12,2013
CAN,m,5-11,35,2013
CAN,m,12-17,18,2013
CAN,m,18-59,134,2013
CAN,m,60+,5,2013
CHE,f,0-4,76,2013
CHE,f,5-11,120,2013
CHE,f,12-17,61,2013
CHE,f,18-59,311,2013
CHE,f,60+,11,2013
CHE,m,0-4,102,2013
CHE,m,5-11,140,2013
CHE,m,12-17,143,2013
CHE,m,18-59,1131,2013
CHE,m,60+,19,2013
CHE,f,0-4,75,2013
CHE,f,5-11,130,2013
CHE,f,12-17,81,2013
CHE,f,18-59,335,2013
CHE,f,60+,18,2013
CHE,m,0-4,77,2013
CHE,m,5-11,132,2013
CHE,m,12-17,123,2013
CHE,m,18-59,870,2013
CHE,m,60+,21,2013
CHL,f,0-4,0,2013
CHL,f,5-11,0,2013
CHL,f,12-17,0,2013
CHL,f,18-59,0,2013
CHL,f,60+,0,2013
CHL,m,0-4,0,2013
CHL,m,5-11,0,2013
CHL,m,12-17,0,2013
CHL,m,18-59,0,2013
CHL,m,60+,0,2013
CHN,f,0-4,0,2013
CHN,f,5-11,0,2013
CHN,f,12-17,0,2013
CHN,f,18-59,0,2013
CHN,f,60+,0,2013
CHN,m,0-4,0,2013
CHN,m,5-11,0,2013
CHN,m,12-17,0,2013
CHN,m,18-59,7,2013
CHN,m,60+,0,2013
CYP,f,0-4,0,2013
CYP,f,5-11,0,2013
CYP,f,12-17,0,2013
CYP,f,18-59,0,2013
CYP,f,60+,0,2013
CYP,m,0-4,0,2013
CYP,m,5-11,0,2013
CYP,m,12-17,0,2013
CYP,m,18-59,0,2013
CYP,m,60+,0,2013
CYP,f,0-4,0,2013
CYP,f,5-11,0,2013
CYP,f,12-17,0,2013
CYP,f,18-59,0,2013
CYP,f,60+,0,2013
CYP,m,0-4,0,2013
CYP,m,5-11,0,2013
CYP,m,12-17,0,2013
CYP,m,18-59,0,2013
CYP,m,60+,0,2013
CZE,f,0-4,0,2013
CZE,f,5-11,0,2013
CZE,f,12-17,0,2013
CZE,f,18-59,0,2013
CZE,f,60+,0,2013
CZE,m,0-4,0,2013
CZE,m,5-11,0,2013
CZE,m,12-17,0,2013
CZE,m,18-59,0,2013
CZE,m,60+,0,2013
CZE,f,0-4,0,2013
CZE,f,5-11,0,2013
CZE,f,12-17,0,2013
CZE,f,18-59,0,2013
CZE,f,60+,0,2013
CZE,m,0-4,0,2013
CZE,m,5-11,0,2013
CZE,m,12-17,0,2013
CZE,m,18-59,0,2013
CZE,m,60+,0,2013
DEU,f,0-4,562,2013
DEU,f,5-11,767,2013
DEU,f,12-17,640,2013
DEU,f,18-59,2645,2013
DEU,f,60+,254,2013
DEU,m,0-4,676,2013
DEU,m,5-11,935,2013
DEU,m,12-17,1677,2013
DEU,m,18-59,7764,2013
DEU,m,60+,228,2013
DEU,f,0-4,453,2013
DEU,f,5-11,960,2013
DEU,f,12-17,1044,2013
DEU,f,18-59,6174,2013
DEU,f,60+,1784,2013
DEU,m,0-4,491,2013
DEU,m,5-11,1113,2013
DEU,m,12-17,1479,2013
DEU,m,18-59,9403,2013
DEU,m,60+,1302,2013
DNK,f,0-4,0,2013
DNK,f,5-11,0,2013
DNK,f,12-17,0,2013
DNK,f,18-59,0,2013
DNK,f,60+,0,2013
DNK,m,0-4,0,2013
DNK,m,5-11,0,2013
DNK,m,12-17,0,2013
DNK,m,18-59,0,2013
DNK,m,60+,0,2013
DNK,f,0-4,0,2013
DNK,f,5-11,0,2013
DNK,f,12-17,0,2013
DNK,f,18-59,0,2013
DNK,f,60+,0,2013
DNK,m,0-4,0,2013
DNK,m,5-11,0,2013
DNK,m,12-17,0,2013
DNK,m,18-59,0,2013
DNK,m,60+,0,2013
ECU,f,0-4,0,2013
ECU,f,5-11,0,2013
ECU,f,12-17,0,2013
ECU,f,18-59,0,2013
ECU,f,60+,0,2013
ECU,m,0-4,0,2013
ECU,m,5-11,0,2013
ECU,m,12-17,0,2013
ECU,m,18-59,5,2013
ECU,m,60+,0,2013
ECU,f,0-4,0,2013
ECU,f,5-11,0,2013
ECU,f,12-17,7,2013
ECU,f,18-59,38,2013
ECU,f,60+,5,2013
ECU,m,0-4,0,2013
ECU,m,5-11,7,2013
ECU,m,12-17,5,2013
ECU,m,18-59,42,2013
ECU,m,60+,8,2013
EGY,f,0-4,7,2013
EGY,f,5-11,0,2013
EGY,f,12-17,0,2013
EGY,f,18-59,5,2013
EGY,f,60+,0,2013
EGY,m,0-4,0,2013
EGY,m,5-11,5,2013
EGY,m,12-17,0,2013
EGY,m,18-59,12,2013
EGY,m,60+,0,2013
ESP,f,0-4,0,2013
ESP,f,5-11,0,2013
ESP,f,12-17,0,2013
ESP,f,18-59,0,2013
ESP,f,60+,0,2013
ESP,m,0-4,0,2013
ESP,m,5-11,0,2013
ESP,m,12-17,0,2013
ESP,m,18-59,0,2013
ESP,m,60+,0,2013
ESP,f,0-4,0,2013
ESP,f,5-11,0,2013
ESP,f,12-17,0,2013
ESP,f,18-59,0,2013
ESP,f,60+,0,2013
ESP,m,0-4,0,2013
ESP,m,5-11,0,2013
ESP,m,12-17,0,2013
ESP,m,18-59,0,2013
ESP,m,60+,0,2013
EST,f,0-4,0,2013
EST,f,5-11,0,2013
EST,f,12-17,0,2013
EST,f,18-59,0,2013
EST,f,60+,0,2013
EST,m,0-4,0,2013
EST,m,5-11,0,2013
EST,m,12-17,0,2013
EST,m,18-59,15,2013
EST,m,60+,0,2013
FIN,f,0-4,0,2013
FIN,f,5-11,0,2013
FIN,f,12-17,0,2013
FIN,f,18-59,0,2013
FIN,f,60+,0,2013
FIN,m,0-4,0,2013
FIN,m,5-11,0,2013
FIN,m,12-17,0,2013
FIN,m,18-59,0,2013
FIN,m,60+,0,2013
FIN,f,0-4,0,2013
FIN,f,5-11,0,2013
FIN,f,12-17,0,2013
FIN,f,18-59,0,2013
FIN,f,60+,0,2013
FIN,m,0-4,0,2013
FIN,m,5-11,0,2013
FIN,m,12-17,0,2013
FIN,m,18-59,0,2013
FIN,m,60+,0,2013
FJI,f,0-4,0,2013
FJI,f,5-11,0,2013
FJI,f,12-17,0,2013
FJI,f,18-59,7,2013
FJI,f,60+,0,2013
FJI,m,0-4,0,2013
FJI,m,5-11,0,2013
FJI,m,12-17,0,2013
FJI,m,18-59,0,2013
FJI,m,60+,0,2013
FRA,f,0-4,0,2013
FRA,f,5-11,0,2013
FRA,f,12-17,0,2013
FRA,f,18-59,0,2013
FRA,f,60+,0,2013
FRA,m,0-4,0,2013
FRA,m,5-11,0,2013
FRA,m,12-17,0,2013
FRA,m,18-59,0,2013
FRA,m,60+,0,2013
FRA,f,0-4,0,2013
FRA,f,5-11,0,2013
FRA,f,12-17,0,2013
FRA,f,18-59,0,2013
FRA,f,60+,0,2013
FRA,m,0-4,0,2013
FRA,m,5-11,0,2013
FRA,m,12-17,0,2013
FRA,m,18-59,0,2013
FRA,m,60+,0,2013
GBR,f,0-4,0,2013
GBR,f,5-11,0,2013
GBR,f,12-17,0,2013
GBR,f,18-59,0,2013
GBR,f,60+,0,2013
GBR,m,0-4,0,2013
GBR,m,5-11,0,2013
GBR,m,12-17,0,2013
GBR,m,18-59,0,2013
GBR,m,60+,0,2013
GBR,f,0-4,0,2013
GBR,f,5-11,0,2013
GBR,f,12-17,0,2013
GBR,f,18-59,0,2013
GBR,f,60+,0,2013
GBR,m,0-4,0,2013
GBR,m,5-11,0,2013
GBR,m,12-17,0,2013
GBR,m,18-59,0,2013
GBR,m,60+,0,2013
GEO,f,0-4,0,2013
GEO,f,5-11,0,2013
GEO,f,12-17,0,2013
GEO,f,18-59,0,2013
GEO,f,60+,0,2013
GEO,m,0-4,0,2013
GEO,m,5-11,0,2013
GEO,m,12-17,5,2013
GEO,m,18-59,0,2013
GEO,m,60+,0,2013
GRC,f,0-4,0,2013
GRC,f,5-11,0,2013
GRC,f,12-17,0,2013
GRC,f,18-59,0,2013
GRC,f,60+,0,2013
GRC,m,0-4,0,2013
GRC,m,5-11,0,2013
GRC,m,12-17,0,2013
GRC,m,18-59,0,2013
GRC,m,60+,0,2013
GRC,f,0-4,0,2013
GRC,f,5-11,0,2013
GRC,f,12-17,0,2013
GRC,f,18-59,0,2013
GRC,f,60+,0,2013
GRC,m,0-4,0,2013
GRC,m,5-11,0,2013
GRC,m,12-17,0,2013
GRC,m,18-59,0,2013
GRC,m,60+,0,2013
HKG,f,0-4,0,2013
HKG,f,5-11,0,2013
HKG,f,12-17,0,2013
HKG,f,18-59,0,2013
HKG,f,60+,0,2013
HKG,m,0-4,0,2013
HKG,m,5-11,0,2013
HKG,m,12-17,0,2013
HKG,m,18-59,5,2013
HKG,m,60+,0,2013
HKG,f,0-4,0,2013
HKG,f,5-11,0,2013
HKG,f,12-17,0,2013
HKG,f,18-59,0,2013
HKG,f,60+,0,2013
HKG,m,0-4,0,2013
HKG,m,5-11,0,2013
HKG,m,12-17,0,2013
HKG,m,18-59,5,2013
HKG,m,60+,0,2013
HRV,f,0-4,0,2013
HRV,f,5-11,0,2013
HRV,f,12-17,0,2013
HRV,f,18-59,0,2013
HRV,f,60+,0,2013
HRV,m,0-4,0,2013
HRV,m,5-11,0,2013
HRV,m,12-17,0,2013
HRV,m,18-59,11,2013
HRV,m,60+,0,2013
HRV,f,0-4,0,2013
HRV,f,5-11,5,2013
HRV,f,12-17,0,2013
HRV,f,18-59,0,2013
HRV,f,60+,0,2013
HRV,m,0-4,0,2013
HRV,m,5-11,0,2013
HRV,m,12-17,5,2013
HRV,m,18-59,10,2013
HRV,m,60+,0,2013
HUN,f,0-4,0,2013
HUN,f,5-11,0,2013
HUN,f,12-17,0,2013
HUN,f,18-59,0,2013
HUN,f,60+,0,2013
HUN,m,0-4,0,2013
HUN,m,5-11,0,2013
HUN,m,12-17,0,2013
HUN,m,18-59,0,2013
HUN,m,60+,0,2013
HUN,f,0-4,0,2013
HUN,f,5-11,0,2013
HUN,f,12-17,0,2013
HUN,f,18-59,0,2013
HUN,f,60+,0,2013
HUN,m,0-4,0,2013
HUN,m,5-11,0,2013
HUN,m,12-17,0,2013
HUN,m,18-59,0,2013
HUN,m,60+,0,2013
IDN,f,0-4,46,2013
IDN,f,5-11,60,2013
IDN,f,12-17,44,2013
IDN,f,18-59,202,2013
IDN,f,60+,6,2013
IDN,m,0-4,41,2013
IDN,m,5-11,72,2013
IDN,m,12-17,458,2013
IDN,m,18-59,1868,2013
IDN,m,60+,9,2013
IDN,f,0-4,5,2013
IDN,f,5-11,10,2013
IDN,f,12-17,26,2013
IDN,f,18-59,50,2013
IDN,f,60+,0,2013
IDN,m,0-4,15,2013
IDN,m,5-11,11,2013
IDN,m,12-17,175,2013
IDN,m,18-59,808,2013
IDN,m,60+,28,2013
IND,f,0-4,56,2013
IND,f,5-11,90,2013
IND,f,12-17,68,2013
IND,f,18-59,262,2013
IND,f,60+,15,2013
IND,m,0-4,68,2013
IND,m,5-11,113,2013
IND,m,12-17,63,2013
IND,m,18-59,304,2013
IND,m,60+,10,2013
IND,f,0-4,193,2013
IND,f,5-11,622,2013
IND,f,12-17,505,2013
IND,f,18-59,3733,2013
IND,f,60+,421,2013
IND,m,0-4,212,2013
IND,m,5-11,664,2013
IND,m,12-17,646,2013
IND,m,18-59,2970,2013
IND,m,60+,362,2013
IRL,f,0-4,0,2013
IRL,f,5-11,0,2013
IRL,f,12-17,0,2013
IRL,f,18-59,0,2013
IRL,f,60+,0,2013
IRL,m,0-4,0,2013
IRL,m,5-11,0,2013
IRL,m,12-17,0,2013
IRL,m,18-59,0,2013
IRL,m,60+,0,2013
IRL,f,0-4,0,2013
IRL,f,5-11,5,2013
IRL,f,12-17,0,2013
IRL,f,18-59,6,2013
IRL,f,60+,0,2013
IRL,m,0-4,0,2013
IRL,m,5-11,5,2013
IRL,m,12-17,0,2013
IRL,m,18-59,113,2013
IRL,m,60+,0,2013
IRN,f,0-4,0,2013
IRN,f,5-11,0,2013
IRN,f,12-17,7,2013
IRN,f,18-59,11,2013
IRN,f,60+,0,2013
IRN,m,0-4,7,2013
IRN,m,5-11,0,2013
IRN,m,12-17,0,2013
IRN,m,18-59,12,2013
IRN,m,60+,0,2013
IRN,f,0-4,1799,2013
IRN,f,5-11,2450,2013
IRN,f,12-17,2680,2013
IRN,f,18-59,6089,2013
IRN,f,60+,538,2013
IRN,m,0-4,1906,2013
IRN,m,5-11,2467,2013
IRN,m,12-17,2891,2013
IRN,m,18-59,6240,2013
IRN,m,60+,821,2013
IRQ,f,0-4,0,2013
IRQ,f,5-11,14,2013
IRQ,f,12-17,23,2013
IRQ,f,18-59,18,2013
IRQ,f,60+,5,2013
IRQ,m,0-4,5,2013
IRQ,m,5-11,14,2013
IRQ,m,12-17,19,2013
IRQ,m,18-59,25,2013
IRQ,m,60+,0,2013
IRQ,f,0-4,0,2013
IRQ,f,5-11,5,2013
IRQ,f,12-17,0,2013
IRQ,f,18-59,0,2013
IRQ,f,60+,0,2013
IRQ,m,0-4,0,2013
IRQ,m,5-11,0,2013
IRQ,m,12-17,0,2013
IRQ,m,18-59,0,2013
IRQ,m,60+,0,2013
ISL,f,0-4,0,2013
ISL,f,5-11,0,2013
ISL,f,12-17,0,2013
ISL,f,18-59,0,2013
ISL,f,60+,0,2013
ISL,m,0-4,0,2013
ISL,m,5-11,0,2013
ISL,m,12-17,0,2013
ISL,m,18-59,0,2013
ISL,m,60+,0,2013
ISL,f,0-4,0,2013
ISL,f,5-11,0,2013
ISL,f,12-17,0,2013
ISL,f,18-59,0,2013
ISL,f,60+,0,2013
ISL,m,0-4,0,2013
ISL,m,5-11,0,2013
ISL,m,12-17,0,2013
ISL,m,18-59,0,2013
ISL,m,60+,0,2013
ITA,f,0-4,0,2013
ITA,f,5-11,0,2013
ITA,f,12-17,0,2013
ITA,f,18-59,0,2013
ITA,f,60+,0,2013
ITA,m,0-4,0,2013
ITA,m,5-11,0,2013
ITA,m,12-17,0,2013
ITA,m,18-59,0,2013
ITA,m,60+,0,2013
ITA,f,0-4,0,2013
ITA,f,5-11,0,2013
ITA,f,12-17,0,2013
ITA,f,18-59,0,2013
ITA,f,60+,0,2013
ITA,m,0-4,0,2013
ITA,m,5-11,0,2013
ITA,m,12-17,0,2013
ITA,m,18-59,0,2013
ITA,m,60+,0,2013
JOR,f,0-4,0,2013
JOR,f,5-11,0,2013
JOR,f,12-17,0,2013
JOR,f,18-59,5,2013
JOR,f,60+,0,2013
JOR,m,0-4,0,2013
JOR,m,5-11,0,2013
JOR,m,12-17,7,2013
JOR,m,18-59,0,2013
JOR,m,60+,0,2013
JOR,f,0-4,0,2013
JOR,f,5-11,0,2013
JOR,f,12-17,0,2013
JOR,f,18-59,0,2013
JOR,f,60+,0,2013
JOR,m,0-4,0,2013
JOR,m,5-11,0,2013
JOR,m,12-17,0,2013
JOR,m,18-59,7,2013
JOR,m,60+,0,2013
JPN,f,0-4,0,2013
JPN,f,5-11,0,2013
JPN,f,12-17,0,2013
JPN,f,18-59,0,2013
JPN,f,60+,0,2013
JPN,m,0-4,0,2013
JPN,m,5-11,0,2013
JPN,m,12-17,0,2013
JPN,m,18-59,0,2013
JPN,m,60+,0,2013
KAZ,f,0-4,6,2013
KAZ,f,5-11,0,2013
KAZ,f,12-17,0,2013
KAZ,f,18-59,14,2013
KAZ,f,60+,0,2013
KAZ,m,0-4,0,2013
KAZ,m,5-11,0,2013
KAZ,m,12-17,0,2013
KAZ,m,18-59,12,2013
KAZ,m,60+,0,2013
KAZ,f,0-4,20,2013
KAZ,f,5-11,35,2013
KAZ,f,12-17,34,2013
KAZ,f,18-59,151,2013
KAZ,f,60+,5,2013
KAZ,m,0-4,21,2013
KAZ,m,5-11,38,2013
KAZ,m,12-17,40,2013
KAZ,m,18-59,184,2013
KAZ,m,60+,9,2013
KEN,f,0-4,0,2013
KEN,f,5-11,0,2013
KEN,f,12-17,0,2013
KEN,f,18-59,0,2013
KEN,f,60+,0,2013
KEN,m,0-4,0,2013
KEN,m,5-11,0,2013
KEN,m,12-17,0,2013
KEN,m,18-59,5,2013
KEN,m,60+,0,2013
KGZ,f,0-4,8,2013
KGZ,f,5-11,7,2013
KGZ,f,12-17,9,2013
KGZ,f,18-59,45,2013
KGZ,f,60+,0,2013
KGZ,m,0-4,5,2013
KGZ,m,5-11,14,2013
KGZ,m,12-17,10,2013
KGZ,m,18-59,49,2013
KGZ,m,60+,0,2013
KGZ,f,0-4,14,2013
KGZ,f,5-11,33,2013
KGZ,f,12-17,38,2013
KGZ,f,18-59,102,2013
KGZ,f,60+,5,2013
KGZ,m,0-4,27,2013
KGZ,m,5-11,23,2013
KGZ,m,12-17,22,2013
KGZ,m,18-59,141,2013
KGZ,m,60+,0,2013
KOR,f,0-4,0,2013
KOR,f,5-11,0,2013
KOR,f,12-17,0,2013
KOR,f,18-59,5,2013
KOR,f,60+,0,2013
KOR,m,0-4,0,2013
KOR,m,5-11,0,2013
KOR,m,12-17,0,2013
KOR,m,18-59,13,2013
KOR,m,60+,0,2013
KOR,f,0-4,0,2013
KOR,f,5-11,0,2013
KOR,f,12-17,0,2013
KOR,f,18-59,0,2013
KOR,f,60+,0,2013
KOR,m,0-4,0,2013
KOR,m,5-11,0,2013
KOR,m,12-17,0,2013
KOR,m,18-59,10,2013
KOR,m,60+,0,2013
LBN,f,0-4,0,2013
LBN,f,5-11,6,2013
LBN,f,12-17,0,2013
LBN,f,18-59,0,2013
LBN,f,60+,0,2013
LBN,m,0-4,0,2013
LBN,m,5-11,8,2013
LBN,m,12-17,0,2013
LBN,m,18-59,0,2013
LBN,m,60+,0,2013
LBN,f,0-4,0,2013
LBN,f,5-11,0,2013
LBN,f,12-17,0,2013
LBN,f,18-59,0,2013
LBN,f,60+,0,2013
LBN,m,0-4,0,2013
LBN,m,5-11,0,2013
LBN,m,12-17,0,2013
LBN,m,18-59,5,2013
LBN,m,60+,0,2013
LBN,f,0-4,0,2013
LBN,f,5-11,0,2013
LBN,f,12-17,0,2013
LBN,f,18-59,5,2013
LBN,f,60+,0,2013
LBN,m,0-4,0,2013
LBN,m,5-11,0,2013
LBN,m,12-17,0,2013
LBN,m,18-59,11,2013
LBN,m,60+,0,2013
LKA,f,0-4,7,2013
LKA,f,5-11,0,2013
LKA,f,12-17,0,2013
LKA,f,18-59,5,2013
LKA,f,60+,0,2013
LKA,m,0-4,0,2013
LKA,m,5-11,5,2013
LKA,m,12-17,0,2013
LKA,m,18-59,6,2013
LKA,m,60+,0,2013
LTU,f,0-4,0,2013
LTU,f,5-11,5,2013
LTU,f,12-17,0,2013
LTU,f,18-59,7,2013
LTU,f,60+,0,2013
LTU,m,0-4,0,2013
LTU,m,5-11,0,2013
LTU,m,12-17,5,2013
LTU,m,18-59,7,2013
LTU,m,60+,0,2013
LTU,f,0-4,5,2013
LTU,f,5-11,8,2013
LTU,f,12-17,0,2013
LTU,f,18-59,0,2013
LTU,f,60+,0,2013
LTU,m,0-4,0,2013
LTU,m,5-11,5,2013
LTU,m,12-17,0,2013
LTU,m,18-59,10,2013
LTU,m,60+,0,2013
LUX,f,0-4,0,2013
LUX,f,5-11,0,2013
LUX,f,12-17,0,2013
LUX,f,18-59,0,2013
LUX,f,60+,0,2013
LUX,m,0-4,0,2013
LUX,m,5-11,0,2013
LUX,m,12-17,0,2013
LUX,m,18-59,0,2013
LUX,m,60+,0,2013
LUX,f,0-4,0,2013
LUX,f,5-11,0,2013
LUX,f,12-17,0,2013
LUX,f,18-59,0,2013
LUX,f,60+,0,2013
LUX,m,0-4,0,2013
LUX,m,5-11,0,2013
LUX,m,12-17,0,2013
LUX,m,18-59,0,2013
LUX,m,60+,0,2013
LVA,f,0-4,7,2013
LVA,f,5-11,0,2013
LVA,f,12-17,0,2013
LVA,f,18-59,0,2013
LVA,f,60+,0,2013
LVA,m,0-4,0,2013
LVA,m,5-11,5,2013
LVA,m,12-17,0,2013
LVA,m,18-59,9,2013
LVA,m,60+,0,2013
MDA,f,0-4,5,2013
MDA,f,5-11,0,2013
MDA,f,12-17,0,2013
MDA,f,18-59,0,2013
MDA,f,60+,0,2013
MDA,m,0-4,0,2013
MDA,m,5-11,0,2013
MDA,m,12-17,7,2013
MDA,m,18-59,0,2013
MDA,m,60+,0,2013
MDA,f,0-4,0,2013
MDA,f,5-11,0,2013
MDA,f,12-17,0,2013
MDA,f,18-59,0,2013
MDA,f,60+,0,2013
MDA,m,0-4,0,2013
MDA,m,5-11,0,2013
MDA,m,12-17,0,2013
MDA,m,18-59,10,2013
MDA,m,60+,0,2013
MEX,f,0-4,0,2013
MEX,f,5-11,0,2013
MEX,f,12-17,0,2013
MEX,f,18-59,0,2013
MEX,f,60+,0,2013
MEX,m,0-4,0,2013
MEX,m,5-11,0,2013
MEX,m,12-17,0,2013
MEX,m,18-59,0,2013
MEX,m,60+,0,2013
MKD,f,0-4,11,2013
MKD,f,5-11,15,2013
MKD,f,12-17,11,2013
MKD,f,18-59,28,2013
MKD,f,60+,0,2013
MKD,m,0-4,13,2013
MKD,m,5-11,31,2013
MKD,m,12-17,66,2013
MKD,m,18-59,186,2013
MKD,m,60+,0,2013
MYS,f,0-4,5,2013
MYS,f,5-11,13,2013
MYS,f,12-17,6,2013
MYS,f,18-59,36,2013
MYS,f,60+,0,2013
MYS,m,0-4,5,2013
MYS,m,5-11,9,2013
MYS,m,12-17,10,2013
MYS,m,18-59,54,2013
MYS,m,60+,0,2013
MYS,f,0-4,5,2013
MYS,f,5-11,14,2013
MYS,f,12-17,15,2013
MYS,f,18-59,40,2013
MYS,f,60+,0,2013
MYS,m,0-4,6,2013
MYS,m,5-11,9,2013
MYS,m,12-17,12,2013
MYS,m,18-59,86,2013
MYS,m,60+,0,2013
NGA,f,0-4,0,2013
NGA,f,5-11,0,2013
NGA,f,12-17,0,2013
NGA,f,18-59,0,2013
NGA,f,60+,0,2013
NGA,m,0-4,0,2013
NGA,m,5-11,0,2013
NGA,m,12-17,0,2013
NGA,m,18-59,5,2013
NGA,m,60+,0,2013
NLD,f,0-4,0,2013
NLD,f,5-11,0,2013
NLD,f,12-17,0,2013
NLD,f,18-59,0,2013
NLD,f,60+,0,2013
NLD,m,0-4,0,2013
NLD,m,5-11,0,2013
NLD,m,12-17,0,2013
NLD,m,18-59,0,2013
NLD,m,60+,0,2013
NOR,f,0-4,0,2013
NOR,f,5-11,0,2013
NOR,f,12-17,0,2013
NOR,f,18-59,0,2013
NOR,f,60+,0,2013
NOR,m,0-4,0,2013
NOR,m,5-11,0,2013
NOR,m,12-17,0,2013
NOR,m,18-59,0,2013
NOR,m,60+,0,2013
NOR,f,0-4,0,2013
NOR,f,5-11,0,2013
NOR,f,12-17,0,2013
NOR,f,18-59,0,2013
NOR,f,60+,0,2013
NOR,m,0-4,0,2013
NOR,m,5-11,0,2013
NOR,m,12-17,0,2013
NOR,m,18-59,0,2013
NOR,m,60+,0,2013
NPL,f,0-4,0,2013
NPL,f,5-11,5,2013
NPL,f,12-17,0,2013
NPL,f,18-59,0,2013
NPL,f,60+,0,2013
NPL,m,0-4,0,2013
NPL,m,5-11,0,2013
NPL,m,12-17,9,2013
NPL,m,18-59,0,2013
NPL,m,60+,0,2013
NRU,f,0-4,0,2013
NRU,f,5-11,0,2013
NRU,f,12-17,0,2013
NRU,f,18-59,0,2013
NRU,f,60+,0,2013
NRU,m,0-4,0,2013
NRU,m,5-11,0,2013
NRU,m,12-17,0,2013
NRU,m,18-59,0,2013
NRU,m,60+,0,2013
NZL,f,0-4,0,2013
NZL,f,5-11,0,2013
NZL,f,12-17,0,2013
NZL,f,18-59,0,2013
NZL,f,60+,0,2013
NZL,m,0-4,0,2013
NZL,m,5-11,0,2013
NZL,m,12-17,0,2013
NZL,m,18-59,0,2013
NZL,m,60+,0,2013
PAK,f,0-4,266,2013
PAK,f,5-11,557,2013
PAK,f,12-17,526,2013
PAK,f,18-59,1439,2013
PAK,f,60+,77,2013
PAK,m,0-4,257,2013
PAK,m,5-11,569,2013
PAK,m,12-17,600,2013
PAK,m,18-59,970,2013
PAK,m,60+,62,2013
PAK,f,0-4,67222,2013
PAK,f,5-11,187222,2013
PAK,f,12-17,136386,2013
PAK,f,18-59,345468,2013
PAK,f,60+,20909,2013
PAK,m,0-4,70831,2013
PAK,m,5-11,195963,2013
PAK,m,12-17,156567,2013
PAK,m,18-59,394259,2013
PAK,m,60+,41049,2013
PAN,f,0-4,0,2013
PAN,f,5-11,0,2013
PAN,f,12-17,0,2013
PAN,f,18-59,0,2013
PAN,f,60+,0,2013
PAN,m,0-4,0,2013
PAN,m,5-11,0,2013
PAN,m,12-17,0,2013
PAN,m,18-59,9,2013
PAN,m,60+,0,2013
PHL,f,0-4,0,2013
PHL,f,5-11,0,2013
PHL,f,12-17,0,2013
PHL,f,18-59,0,2013
PHL,f,60+,0,2013
PHL,m,0-4,0,2013
PHL,m,5-11,0,2013
PHL,m,12-17,0,2013
PHL,m,18-59,5,2013
PHL,m,60+,0,2013
PNG,f,0-4,0,2013
PNG,f,5-11,0,2013
PNG,f,12-17,0,2013
PNG,f,18-59,0,2013
PNG,f,60+,0,2013
PNG,m,0-4,0,2013
PNG,m,5-11,0,2013
PNG,m,12-17,0,2013
PNG,m,18-59,0,2013
PNG,m,60+,0,2013
POL,f,0-4,0,2013
POL,f,5-11,0,2013
POL,f,12-17,0,2013
POL,f,18-59,0,2013
POL,f,60+,0,2013
POL,m,0-4,0,2013
POL,m,5-11,0,2013
POL,m,12-17,0,2013
POL,m,18-59,0,2013
POL,m,60+,0,2013
POL,f,0-4,0,2013
POL,f,5-11,0,2013
POL,f,12-17,0,2013
POL,f,18-59,0,2013
POL,f,60+,0,2013
POL,m,0-4,0,2013
POL,m,5-11,0,2013
POL,m,12-17,0,2013
POL,m,18-59,0,2013
POL,m,60+,0,2013
PRT,f,0-4,0,2013
PRT,f,5-11,0,2013
PRT,f,12-17,0,2013
PRT,f,18-59,0,2013
PRT,f,60+,0,2013
PRT,m,0-4,0,2013
PRT,m,5-11,0,2013
PRT,m,12-17,0,2013
PRT,m,18-59,0,2013
PRT,m,60+,0,2013
ROU,f,0-4,0,2013
ROU,f,5-11,0,2013
ROU,f,12-17,0,2013
ROU,f,18-59,0,2013
ROU,f,60+,0,2013
ROU,m,0-4,0,2013
ROU,m,5-11,0,2013
ROU,m,12-17,0,2013
ROU,m,18-59,0,2013
ROU,m,60+,0,2013
ROU,f,0-4,0,2013
ROU,f,5-11,0,2013
ROU,f,12-17,0,2013
ROU,f,18-59,0,2013
ROU,f,60+,0,2013
ROU,m,0-4,0,2013
ROU,m,5-11,0,2013
ROU,m,12-17,0,2013
ROU,m,18-59,0,2013
ROU,m,60+,0,2013
RUS,f,0-4,0,2013
RUS,f,5-11,0,2013
RUS,f,12-17,0,2013
RUS,f,18-59,0,2013
RUS,f,60+,0,2013
RUS,m,0-4,0,2013
RUS,m,5-11,0,2013
RUS,m,12-17,0,2013
RUS,m,18-59,0,2013
RUS,m,60+,0,2013
RUS,f,0-4,0,2013
RUS,f,5-11,0,2013
RUS,f,12-17,0,2013
RUS,f,18-59,0,2013
RUS,f,60+,0,2013
RUS,m,0-4,0,2013
RUS,m,5-11,0,2013
RUS,m,12-17,0,2013
RUS,m,18-59,0,2013
RUS,m,60+,0,2013
RUS,f,0-4,0,2013
RUS,f,5-11,0,2013
RUS,f,12-17,0,2013
RUS,f,18-59,0,2013
RUS,f,60+,0,2013
RUS,m,0-4,0,2013
RUS,m,5-11,0,2013
RUS,m,12-17,0,2013
RUS,m,18-59,0,2013
RUS,m,60+,0,2013
SAU,f,0-4,0,2013
SAU,f,5-11,7,2013
SAU,f,12-17,0,2013
SAU,f,18-59,0,2013
SAU,f,60+,0,2013
SAU,m,0-4,0,2013
SAU,m,5-11,0,2013
SAU,m,12-17,0,2013
SAU,m,18-59,0,2013
SAU,m,60+,0,2013
SRB,f,0-4,0,2013
SRB,f,5-11,0,2013
SRB,f,12-17,6,2013
SRB,f,18-59,0,2013
SRB,f,60+,0,2013
SRB,m,0-4,0,2013
SRB,m,5-11,0,2013
SRB,m,12-17,7,2013
SRB,m,18-59,8,2013
SRB,m,60+,0,2013
SVK,f,0-4,0,2013
SVK,f,5-11,0,2013
SVK,f,12-17,0,2013
SVK,f,18-59,0,2013
SVK,f,60+,0,2013
SVK,m,0-4,0,2013
SVK,m,5-11,0,2013
SVK,m,12-17,0,2013
SVK,m,18-59,0,2013
SVK,m,60+,0,2013
SVK,f,0-4,0,2013
SVK,f,5-11,0,2013
SVK,f,12-17,0,2013
SVK,f,18-59,0,2013
SVK,f,60+,0,2013
SVK,m,0-4,0,2013
SVK,m,5-11,0,2013
SVK,m,12-17,0,2013
SVK,m,18-59,0,2013
SVK,m,60+,0,2013
SVN,f,0-4,0,2013
SVN,f,5-11,0,2013
SVN,f,12-17,0,2013
SVN,f,18-59,0,2013
SVN,f,60+,0,2013
SVN,m,0-4,0,2013
SVN,m,5-11,0,2013
SVN,m,12-17,0,2013
SVN,m,18-59,0,2013
SVN,m,60+,0,2013
SVN,f,0-4,0,2013
SVN,f,5-11,0,2013
SVN,f,12-17,0,2013
SVN,f,18-59,0,2013
SVN,f,60+,0,2013
SVN,m,0-4,0,2013
SVN,m,5-11,0,2013
SVN,m,12-17,15,2013
SVN,m,18-59,7,2013
SVN,m,60+,0,2013
SWE,f,0-4,0,2013
SWE,f,5-11,0,2013
SWE,f,12-17,0,2013
SWE,f,18-59,0,2013
SWE,f,60+,0,2013
SWE,m,0-4,0,2013
SWE,m,5-11,0,2013
SWE,m,12-17,0,2013
SWE,m,18-59,0,2013
SWE,m,60+,0,2013
SWE,f,0-4,0,2013
SWE,f,5-11,0,2013
SWE,f,12-17,0,2013
SWE,f,18-59,0,2013
SWE,f,60+,0,2013
SWE,m,0-4,0,2013
SWE,m,5-11,0,2013
SWE,m,12-17,0,2013
SWE,m,18-59,0,2013
SWE,m,60+,0,2013
SYR,f,0-4,7,2013
SYR,f,5-11,7,2013
SYR,f,12-17,17,2013
SYR,f,18-59,31,2013
SYR,f,60+,0,2013
SYR,m,0-4,10,2013
SYR,m,5-11,15,2013
SYR,m,12-17,14,2013
SYR,m,18-59,52,2013
SYR,m,60+,5,2013
SYR,f,0-4,40,2013
SYR,f,5-11,86,2013
SYR,f,12-17,99,2013
SYR,f,18-59,312,2013
SYR,f,60+,17,2013
SYR,m,0-4,32,2013
SYR,m,5-11,107,2013
SYR,m,12-17,79,2013
SYR,m,18-59,337,2013
SYR,m,60+,32,2013
THA,f,0-4,0,2013
THA,f,5-11,0,2013
THA,f,12-17,0,2013
THA,f,18-59,5,2013
THA,f,60+,0,2013
THA,m,0-4,0,2013
THA,m,5-11,0,2013
THA,m,12-17,0,2013
THA,m,18-59,5,2013
THA,m,60+,0,2013
THA,f,0-4,0,2013
THA,f,5-11,0,2013
THA,f,12-17,0,2013
THA,f,18-59,8,2013
THA,f,60+,0,2013
THA,m,0-4,0,2013
THA,m,5-11,0,2013
THA,m,12-17,0,2013
THA,m,18-59,0,2013
THA,m,60+,0,2013
TJK,f,0-4,0,2013
TJK,f,5-11,0,2013
TJK,f,12-17,0,2013
TJK,f,18-59,0,2013
TJK,f,60+,0,2013
TJK,m,0-4,0,2013
TJK,m,5-11,0,2013
TJK,m,12-17,0,2013
TJK,m,18-59,0,2013
TJK,m,60+,0,2013
TJK,f,0-4,0,2013
TJK,f,5-11,5,2013
TJK,f,12-17,7,2013
TJK,f,18-59,38,2013
TJK,f,60+,0,2013
TJK,m,0-4,0,2013
TJK,m,5-11,14,2013
TJK,m,12-17,8,2013
TJK,m,18-59,31,2013
TJK,m,60+,0,2013
TKM,f,0-4,0,2013
TKM,f,5-11,0,2013
TKM,f,12-17,0,2013
TKM,f,18-59,10,2013
TKM,f,60+,0,2013
TKM,m,0-4,0,2013
TKM,m,5-11,0,2013
TKM,m,12-17,0,2013
TKM,m,18-59,9,2013
TKM,m,60+,0,2013
TUR,f,0-4,174,2013
TUR,f,5-11,442,2013
TUR,f,12-17,384,2013
TUR,f,18-59,1193,2013
TUR,f,60+,10,2013
TUR,m,0-4,168,2013
TUR,m,5-11,493,2013
TUR,m,12-17,691,2013
TUR,m,18-59,2022,2013
TUR,m,60+,38,2013
TUR,f,0-4,114,2013
TUR,f,5-11,319,2013
TUR,f,12-17,326,2013
TUR,f,18-59,1000,2013
TUR,f,60+,20,2013
TUR,m,0-4,124,2013
TUR,m,5-11,366,2013
TUR,m,12-17,384,2013
TUR,m,18-59,1237,2013
TUR,m,60+,36,2013
UKR,f,0-4,0,2013
UKR,f,5-11,0,2013
UKR,f,12-17,0,2013
UKR,f,18-59,0,2013
UKR,f,60+,0,2013
UKR,m,0-4,0,2013
UKR,m,5-11,0,2013
UKR,m,12-17,0,2013
UKR,m,18-59,0,2013
UKR,m,60+,0,2013
UKR,f,0-4,0,2013
UKR,f,5-11,0,2013
UKR,f,12-17,0,2013
UKR,f,18-59,0,2013
UKR,f,60+,0,2013
UKR,m,0-4,0,2013
UKR,m,5-11,0,2013
UKR,m,12-17,0,2013
UKR,m,18-59,0,2013
UKR,m,60+,0,2013
USA,f,0-4,0,2013
USA,f,5-11,0,2013
USA,f,12-17,0,2013
USA,f,18-59,0,2013
USA,f,60+,0,2013
USA,m,0-4,0,2013
USA,m,5-11,0,2013
USA,m,12-17,0,2013
USA,m,18-59,0,2013
USA,m,60+,0,2013
USA,f,0-4,0,2013
USA,f,5-11,0,2013
USA,f,12-17,0,2013
USA,f,18-59,0,2013
USA,f,60+,0,2013
USA,m,0-4,0,2013
USA,m,5-11,0,2013
USA,m,12-17,0,2013
USA,m,18-59,0,2013
USA,m,60+,0,2013
UZB,f,0-4,5,2013
UZB,f,5-11,8,2013
UZB,f,12-17,8,2013
UZB,f,18-59,34,2013
UZB,f,60+,5,2013
UZB,m,0-4,6,2013
UZB,m,5-11,5,2013
UZB,m,12-17,8,2013
UZB,m,18-59,48,2013
UZB,m,60+,6,2013
VEN,f,0-4,0,2013
VEN,f,5-11,0,2013
VEN,f,12-17,0,2013
VEN,f,18-59,0,2013
VEN,f,60+,0,2013
VEN,m,0-4,0,2013
VEN,m,5-11,0,2013
VEN,m,12-17,0,2013
VEN,m,18-59,5,2013
VEN,m,60+,0,2013
ZAF,f,0-4,0,2013
ZAF,f,5-11,0,2013
ZAF,f,12-17,0,2013
ZAF,f,18-59,0,2013
ZAF,f,60+,0,2013
ZAF,m,0-4,0,2013
ZAF,m,5-11,0,2013
ZAF,m,12-17,0,2013
ZAF,m,18-59,0,2013
ZAF,m,60+,0,2013
AFG,f,0-4,13182,2014
AFG,f,5-11,18941,2014
AFG,f,12-17,16102,2014
AFG,f,18-59,52448,2014
AFG,f,60+,2353,2014
AFG,m,0-4,13592,2014
AFG,m,5-11,19444,2014
AFG,m,12-17,14506,2014
AFG,m,18-59,46326,2014
AFG,m,60+,4390,2014
ARE,f,0-4,0,2014
ARE,f,5-11,0,2014
ARE,f,12-17,0,2014
ARE,f,18-59,0,2014
ARE,f,60+,0,2014
ARE,m,0-4,0,2014
ARE,m,5-11,0,2014
ARE,m,12-17,0,2014
ARE,m,18-59,5,2014
ARE,m,60+,0,2014
ARG,f,0-4,0,2014
ARG,f,5-11,0,2014
ARG,f,12-17,0,2014
ARG,f,18-59,0,2014
ARG,f,60+,0,2014
ARG,m,0-4,0,2014
ARG,m,5-11,5,2014
ARG,m,12-17,0,2014
ARG,m,18-59,0,2014
ARG,m,60+,0,2014
AUS,f,0-4,0,2014
AUS,f,5-11,0,2014
AUS,f,12-17,0,2014
AUS,f,18-59,0,2014
AUS,f,60+,0,2014
AUS,m,0-4,0,2014
AUS,m,5-11,0,2014
AUS,m,12-17,0,2014
AUS,m,18-59,0,2014
AUS,m,60+,0,2014
AUS,f,0-4,0,2014
AUS,f,5-11,0,2014
AUS,f,12-17,0,2014
AUS,f,18-59,0,2014
AUS,f,60+,0,2014
AUS,m,0-4,0,2014
AUS,m,5-11,0,2014
AUS,m,12-17,0,2014
AUS,m,18-59,0,2014
AUS,m,60+,0,2014
AUT,f,0-4,0,2014
AUT,f,5-11,0,2014
AUT,f,12-17,0,2014
AUT,f,18-59,0,2014
AUT,f,60+,0,2014
AUT,m,0-4,0,2014
AUT,m,5-11,0,2014
AUT,m,12-17,0,2014
AUT,m,18-59,0,2014
AUT,m,60+,0,2014
AZE,f,0-4,0,2014
AZE,f,5-11,0,2014
AZE,f,12-17,0,2014
AZE,f,18-59,0,2014
AZE,f,60+,0,2014
AZE,m,0-4,0,2014
AZE,m,5-11,0,2014
AZE,m,12-17,0,2014
AZE,m,18-59,0,2014
AZE,m,60+,0,2014
AZE,f,0-4,21,2014
AZE,f,5-11,35,2014
AZE,f,12-17,26,2014
AZE,f,18-59,118,2014
AZE,f,60+,8,2014
AZE,m,0-4,24,2014
AZE,m,5-11,33,2014
AZE,m,12-17,27,2014
AZE,m,18-59,315,2014
AZE,m,60+,11,2014
BEL,f,0-4,0,2014
BEL,f,5-11,0,2014
BEL,f,12-17,0,2014
BEL,f,18-59,0,2014
BEL,f,60+,0,2014
BEL,m,0-4,0,2014
BEL,m,5-11,0,2014
BEL,m,12-17,0,2014
BEL,m,18-59,0,2014
BEL,m,60+,0,2014
BEL,f,0-4,0,2014
BEL,f,5-11,0,2014
BEL,f,12-17,0,2014
BEL,f,18-59,0,2014
BEL,f,60+,0,2014
BEL,m,0-4,0,2014
BEL,m,5-11,0,2014
BEL,m,12-17,0,2014
BEL,m,18-59,0,2014
BEL,m,60+,0,2014
BGR,f,0-4,0,2014
BGR,f,5-11,0,2014
BGR,f,12-17,0,2014
BGR,f,18-59,0,2014
BGR,f,60+,0,2014
BGR,m,0-4,0,2014
BGR,m,5-11,0,2014
BGR,m,12-17,0,2014
BGR,m,18-59,0,2014
BGR,m,60+,0,2014
BGR,f,0-4,0,2014
BGR,f,5-11,0,2014
BGR,f,12-17,0,2014
BGR,f,18-59,0,2014
BGR,f,60+,0,2014
BGR,m,0-4,0,2014
BGR,m,5-11,0,2014
BGR,m,12-17,0,2014
BGR,m,18-59,0,2014
BGR,m,60+,0,2014
BIH,f,0-4,0,2014
BIH,f,5-11,0,2014
BIH,f,12-17,0,2014
BIH,f,18-59,0,2014
BIH,f,60+,0,2014
BIH,m,0-4,0,2014
BIH,m,5-11,0,2014
BIH,m,12-17,0,2014
BIH,m,18-59,7,2014
BIH,m,60+,0,2014
BLR,f,0-4,0,2014
BLR,f,5-11,0,2014
BLR,f,12-17,0,2014
BLR,f,18-59,5,2014
BLR,f,60+,0,2014
BLR,m,0-4,0,2014
BLR,m,5-11,8,2014
BLR,m,12-17,0,2014
BLR,m,18-59,7,2014
BLR,m,60+,0,2014
BLR,f,0-4,8,2014
BLR,f,5-11,25,2014
BLR,f,12-17,40,2014
BLR,f,18-59,76,2014
BLR,f,60+,7,2014
BLR,m,0-4,17,2014
BLR,m,5-11,23,2014
BLR,m,12-17,26,2014
BLR,m,18-59,177,2014
BLR,m,60+,0,2014
BRA,f,0-4,0,2014
BRA,f,5-11,0,2014
BRA,f,12-17,0,2014
BRA,f,18-59,6,2014
BRA,f,60+,0,2014
BRA,m,0-4,0,2014
BRA,m,5-11,0,2014
BRA,m,12-17,0,2014
BRA,m,18-59,12,2014
BRA,m,60+,0,2014
BRA,f,0-4,0,2014
BRA,f,5-11,0,2014
BRA,f,12-17,0,2014
BRA,f,18-59,7,2014
BRA,f,60+,0,2014
BRA,m,0-4,0,2014
BRA,m,5-11,0,2014
BRA,m,12-17,5,2014
BRA,m,18-59,40,2014
BRA,m,60+,0,2014
CAN,f,0-4,5,2014
CAN,f,5-11,6,2014
CAN,f,12-17,5,2014
CAN,f,18-59,46,2014
CAN,f,60+,5,2014
CAN,m,0-4,6,2014
CAN,m,5-11,8,2014
CAN,m,12-17,5,2014
CAN,m,18-59,88,2014
CAN,m,60+,5,2014
CAN,f,0-4,10,2014
CAN,f,5-11,15,2014
CAN,f,12-17,13,2014
CAN,f,18-59,95,2014
CAN,f,60+,5,2014
CAN,m,0-4,11,2014
CAN,m,5-11,14,2014
CAN,m,12-17,19,2014
CAN,m,18-59,206,2014
CAN,m,60+,8,2014
CHE,f,0-4,20,2014
CHE,f,5-11,40,2014
CHE,f,12-17,29,2014
CHE,f,18-59,119,2014
CHE,f,60+,8,2014
CHE,m,0-4,39,2014
CHE,m,5-11,53,2014
CHE,m,12-17,74,2014
CHE,m,18-59,420,2014
CHE,m,60+,9,2014
CHE,f,0-4,124,2014
CHE,f,5-11,212,2014
CHE,f,12-17,121,2014
CHE,f,18-59,524,2014
CHE,f,60+,31,2014
CHE,m,0-4,128,2014
CHE,m,5-11,229,2014
CHE,m,12-17,209,2014
CHE,m,18-59,1617,2014
CHE,m,60+,35,2014
CHL,f,0-4,0,2014
CHL,f,5-11,0,2014
CHL,f,12-17,0,2014
CHL,f,18-59,0,2014
CHL,f,60+,0,2014
CHL,m,0-4,0,2014
CHL,m,5-11,0,2014
CHL,m,12-17,0,2014
CHL,m,18-59,0,2014
CHL,m,60+,0,2014
CHN,f,0-4,0,2014
CHN,f,5-11,0,2014
CHN,f,12-17,0,2014
CHN,f,18-59,0,2014
CHN,f,60+,0,2014
CHN,m,0-4,0,2014
CHN,m,5-11,0,2014
CHN,m,12-17,0,2014
CHN,m,18-59,7,2014
CHN,m,60+,0,2014
CUB,f,0-4,6,2014
CUB,f,5-11,0,2014
CUB,f,12-17,0,2014
CUB,f,18-59,0,2014
CUB,f,60+,0,2014
CUB,m,0-4,0,2014
CUB,m,5-11,0,2014
CUB,m,12-17,0,2014
CUB,m,18-59,0,2014
CUB,m,60+,0,2014
CUB,f,0-4,0,2014
CUB,f,5-11,0,2014
CUB,f,12-17,0,2014
CUB,f,18-59,0,2014
CUB,f,60+,0,2014
CUB,m,0-4,0,2014
CUB,m,5-11,0,2014
CUB,m,12-17,0,2014
CUB,m,18-59,5,2014
CUB,m,60+,0,2014
CYP,f,0-4,0,2014
CYP,f,5-11,0,2014
CYP,f,12-17,0,2014
CYP,f,18-59,0,2014
CYP,f,60+,0,2014
CYP,m,0-4,0,2014
CYP,m,5-11,0,2014
CYP,m,12-17,0,2014
CYP,m,18-59,0,2014
CYP,m,60+,0,2014
CYP,f,0-4,0,2014
CYP,f,5-11,0,2014
CYP,f,12-17,0,2014
CYP,f,18-59,0,2014
CYP,f,60+,0,2014
CYP,m,0-4,0,2014
CYP,m,5-11,0,2014
CYP,m,12-17,0,2014
CYP,m,18-59,0,2014
CYP,m,60+,0,2014
CZE,f,0-4,0,2014
CZE,f,5-11,0,2014
CZE,f,12-17,0,2014
CZE,f,18-59,0,2014
CZE,f,60+,0,2014
CZE,m,0-4,0,2014
CZE,m,5-11,0,2014
CZE,m,12-17,0,2014
CZE,m,18-59,0,2014
CZE,m,60+,0,2014
CZE,f,0-4,0,2014
CZE,f,5-11,0,2014
CZE,f,12-17,0,2014
CZE,f,18-59,0,2014
CZE,f,60+,0,2014
CZE,m,0-4,0,2014
CZE,m,5-11,0,2014
CZE,m,12-17,0,2014
CZE,m,18-59,0,2014
CZE,m,60+,0,2014
DEU,f,0-4,747,2014
DEU,f,5-11,901,2014
DEU,f,12-17,723,2014
DEU,f,18-59,3122,2014
DEU,f,60+,298,2014
DEU,m,0-4,794,2014
DEU,m,5-11,1162,2014
DEU,m,12-17,1878,2014
DEU,m,18-59,9126,2014
DEU,m,60+,272,2014
DEU,f,0-4,509,2014
DEU,f,5-11,1202,2014
DEU,f,12-17,1125,2014
DEU,f,18-59,6764,2014
DEU,f,60+,1870,2014
DEU,m,0-4,594,2014
DEU,m,5-11,1348,2014
DEU,m,12-17,1537,2014
DEU,m,18-59,11484,2014
DEU,m,60+,1381,2014
DNK,f,0-4,0,2014
DNK,f,5-11,0,2014
DNK,f,12-17,0,2014
DNK,f,18-59,0,2014
DNK,f,60+,0,2014
DNK,m,0-4,0,2014
DNK,m,5-11,0,2014
DNK,m,12-17,0,2014
DNK,m,18-59,0,2014
DNK,m,60+,0,2014
DNK,f,0-4,0,2014
DNK,f,5-11,0,2014
DNK,f,12-17,0,2014
DNK,f,18-59,0,2014
DNK,f,60+,0,2014
DNK,m,0-4,0,2014
DNK,m,5-11,0,2014
DNK,m,12-17,0,2014
DNK,m,18-59,0,2014
DNK,m,60+,0,2014
DOM,f,0-4,0,2014
DOM,f,5-11,5,2014
DOM,f,12-17,0,2014
DOM,f,18-59,0,2014
DOM,f,60+,0,2014
DOM,m,0-4,0,2014
DOM,m,5-11,0,2014
DOM,m,12-17,0,2014
DOM,m,18-59,0,2014
DOM,m,60+,0,2014
ECU,f,0-4,0,2014
ECU,f,5-11,0,2014
ECU,f,12-17,0,2014
ECU,f,18-59,0,2014
ECU,f,60+,0,2014
ECU,m,0-4,0,2014
ECU,m,5-11,0,2014
ECU,m,12-17,0,2014
ECU,m,18-59,0,2014
ECU,m,60+,0,2014
EGY,f,0-4,0,2014
EGY,f,5-11,0,2014
EGY,f,12-17,13,2014
EGY,f,18-59,0,2014
EGY,f,60+,0,2014
EGY,m,0-4,0,2014
EGY,m,5-11,0,2014
EGY,m,12-17,12,2014
EGY,m,18-59,0,2014
EGY,m,60+,0,2014
ESP,f,0-4,0,2014
ESP,f,5-11,0,2014
ESP,f,12-17,0,2014
ESP,f,18-59,0,2014
ESP,f,60+,0,2014
ESP,m,0-4,0,2014
ESP,m,5-11,0,2014
ESP,m,12-17,0,2014
ESP,m,18-59,0,2014
ESP,m,60+,0,2014
ESP,f,0-4,0,2014
ESP,f,5-11,0,2014
ESP,f,12-17,0,2014
ESP,f,18-59,0,2014
ESP,f,60+,0,2014
ESP,m,0-4,0,2014
ESP,m,5-11,0,2014
ESP,m,12-17,0,2014
ESP,m,18-59,0,2014
ESP,m,60+,0,2014
EST,f,0-4,0,2014
EST,f,5-11,0,2014
EST,f,12-17,0,2014
EST,f,18-59,0,2014
EST,f,60+,0,2014
EST,m,0-4,0,2014
EST,m,5-11,0,2014
EST,m,12-17,0,2014
EST,m,18-59,15,2014
EST,m,60+,0,2014
FIN,f,0-4,0,2014
FIN,f,5-11,0,2014
FIN,f,12-17,0,2014
FIN,f,18-59,0,2014
FIN,f,60+,0,2014
FIN,m,0-4,0,2014
FIN,m,5-11,0,2014
FIN,m,12-17,0,2014
FIN,m,18-59,0,2014
FIN,m,60+,0,2014
FIN,f,0-4,0,2014
FIN,f,5-11,0,2014
FIN,f,12-17,0,2014
FIN,f,18-59,0,2014
FIN,f,60+,0,2014
FIN,m,0-4,0,2014
FIN,m,5-11,0,2014
FIN,m,12-17,0,2014
FIN,m,18-59,0,2014
FIN,m,60+,0,2014
FJI,f,0-4,0,2014
FJI,f,5-11,0,2014
FJI,f,12-17,0,2014
FJI,f,18-59,7,2014
FJI,f,60+,0,2014
FJI,m,0-4,0,2014
FJI,m,5-11,0,2014
FJI,m,12-17,0,2014
FJI,m,18-59,0,2014
FJI,m,60+,0,2014
FRA,f,0-4,0,2014
FRA,f,5-11,0,2014
FRA,f,12-17,0,2014
FRA,f,18-59,0,2014
FRA,f,60+,0,2014
FRA,m,0-4,0,2014
FRA,m,5-11,0,2014
FRA,m,12-17,0,2014
FRA,m,18-59,0,2014
FRA,m,60+,0,2014
FRA,f,0-4,0,2014
FRA,f,5-11,0,2014
FRA,f,12-17,0,2014
FRA,f,18-59,0,2014
FRA,f,60+,0,2014
FRA,m,0-4,0,2014
FRA,m,5-11,0,2014
FRA,m,12-17,0,2014
FRA,m,18-59,0,2014
FRA,m,60+,0,2014
GBR,f,0-4,0,2014
GBR,f,5-11,0,2014
GBR,f,12-17,0,2014
GBR,f,18-59,0,2014
GBR,f,60+,0,2014
GBR,m,0-4,0,2014
GBR,m,5-11,0,2014
GBR,m,12-17,0,2014
GBR,m,18-59,0,2014
GBR,m,60+,0,2014
GBR,f,0-4,0,2014
GBR,f,5-11,0,2014
GBR,f,12-17,0,2014
GBR,f,18-59,0,2014
GBR,f,60+,0,2014
GBR,m,0-4,0,2014
GBR,m,5-11,0,2014
GBR,m,12-17,0,2014
GBR,m,18-59,0,2014
GBR,m,60+,0,2014
GEO,f,0-4,0,2014
GEO,f,5-11,0,2014
GEO,f,12-17,5,2014
GEO,f,18-59,0,2014
GEO,f,60+,0,2014
GEO,m,0-4,0,2014
GEO,m,5-11,0,2014
GEO,m,12-17,5,2014
GEO,m,18-59,0,2014
GEO,m,60+,0,2014
GEO,f,0-4,0,2014
GEO,f,5-11,0,2014
GEO,f,12-17,0,2014
GEO,f,18-59,0,2014
GEO,f,60+,0,2014
GEO,m,0-4,0,2014
GEO,m,5-11,0,2014
GEO,m,12-17,5,2014
GEO,m,18-59,0,2014
GEO,m,60+,0,2014
GRC,f,0-4,0,2014
GRC,f,5-11,0,2014
GRC,f,12-17,0,2014
GRC,f,18-59,0,2014
GRC,f,60+,0,2014
GRC,m,0-4,0,2014
GRC,m,5-11,0,2014
GRC,m,12-17,0,2014
GRC,m,18-59,0,2014
GRC,m,60+,0,2014
GRC,f,0-4,0,2014
GRC,f,5-11,0,2014
GRC,f,12-17,0,2014
GRC,f,18-59,0,2014
GRC,f,60+,0,2014
GRC,m,0-4,0,2014
GRC,m,5-11,0,2014
GRC,m,12-17,0,2014
GRC,m,18-59,0,2014
GRC,m,60+,0,2014
HKG,f,0-4,0,2014
HKG,f,5-11,0,2014
HKG,f,12-17,0,2014
HKG,f,18-59,0,2014
HKG,f,60+,0,2014
HKG,m,0-4,0,2014
HKG,m,5-11,0,2014
HKG,m,12-17,0,2014
HKG,m,18-59,5,2014
HKG,m,60+,0,2014
HKG,f,0-4,0,2014
HKG,f,5-11,0,2014
HKG,f,12-17,0,2014
HKG,f,18-59,0,2014
HKG,f,60+,0,2014
HKG,m,0-4,0,2014
HKG,m,5-11,0,2014
HKG,m,12-17,0,2014
HKG,m,18-59,5,2014
HKG,m,60+,0,2014
HRV,f,0-4,0,2014
HRV,f,5-11,0,2014
HRV,f,12-17,0,2014
HRV,f,18-59,0,2014
HRV,f,60+,0,2014
HRV,m,0-4,0,2014
HRV,m,5-11,0,2014
HRV,m,12-17,0,2014
HRV,m,18-59,6,2014
HRV,m,60+,0,2014
HRV,f,0-4,0,2014
HRV,f,5-11,5,2014
HRV,f,12-17,0,2014
HRV,f,18-59,0,2014
HRV,f,60+,0,2014
HRV,m,0-4,0,2014
HRV,m,5-11,0,2014
HRV,m,12-17,5,2014
HRV,m,18-59,11,2014
HRV,m,60+,0,2014
HUN,f,0-4,0,2014
HUN,f,5-11,0,2014
HUN,f,12-17,0,2014
HUN,f,18-59,0,2014
HUN,f,60+,0,2014
HUN,m,0-4,0,2014
HUN,m,5-11,0,2014
HUN,m,12-17,0,2014
HUN,m,18-59,0,2014
HUN,m,60+,0,2014
HUN,f,0-4,0,2014
HUN,f,5-11,0,2014
HUN,f,12-17,0,2014
HUN,f,18-59,0,2014
HUN,f,60+,0,2014
HUN,m,0-4,0,2014
HUN,m,5-11,0,2014
HUN,m,12-17,0,2014
HUN,m,18-59,0,2014
HUN,m,60+,0,2014
IDN,f,0-4,81,2014
IDN,f,5-11,113,2014
IDN,f,12-17,74,2014
IDN,f,18-59,365,2014
IDN,f,60+,19,2014
IDN,m,0-4,89,2014
IDN,m,5-11,129,2014
IDN,m,12-17,1045,2014
IDN,m,18-59,2247,2014
IDN,m,60+,12,2014
IDN,f,0-4,22,2014
IDN,f,5-11,21,2014
IDN,f,12-17,27,2014
IDN,f,18-59,96,2014
IDN,f,60+,5,2014
IDN,m,0-4,13,2014
IDN,m,5-11,30,2014
IDN,m,12-17,188,2014
IDN,m,18-59,1253,2014
IDN,m,60+,26,2014
IND,f,0-4,70,2014
IND,f,5-11,107,2014
IND,f,12-17,90,2014
IND,f,18-59,363,2014
IND,f,60+,20,2014
IND,m,0-4,87,2014
IND,m,5-11,100,2014
IND,m,12-17,85,2014
IND,m,18-59,368,2014
IND,m,60+,15,2014
IND,f,0-4,146,2014
IND,f,5-11,630,2014
IND,f,12-17,519,2014
IND,f,18-59,3762,2014
IND,f,60+,462,2014
IND,m,0-4,183,2014
IND,m,5-11,657,2014
IND,m,12-17,623,2014
IND,m,18-59,3040,2014
IND,m,60+,373,2014
IRL,f,0-4,0,2014
IRL,f,5-11,0,2014
IRL,f,12-17,0,2014
IRL,f,18-59,0,2014
IRL,f,60+,0,2014
IRL,m,0-4,0,2014
IRL,m,5-11,0,2014
IRL,m,12-17,0,2014
IRL,m,18-59,0,2014
IRL,m,60+,0,2014
IRL,f,0-4,0,2014
IRL,f,5-11,0,2014
IRL,f,12-17,0,2014
IRL,f,18-59,0,2014
IRL,f,60+,0,2014
IRL,m,0-4,0,2014
IRL,m,5-11,0,2014
IRL,m,12-17,0,2014
IRL,m,18-59,0,2014
IRL,m,60+,0,2014
IRN,f,0-4,0,2014
IRN,f,5-11,0,2014
IRN,f,12-17,7,2014
IRN,f,18-59,9,2014
IRN,f,60+,0,2014
IRN,m,0-4,7,2014
IRN,m,5-11,0,2014
IRN,m,12-17,0,2014
IRN,m,18-59,10,2014
IRN,m,60+,0,2014
IRN,f,0-4,1905,2014
IRN,f,5-11,2499,2014
IRN,f,12-17,2758,2014
IRN,f,18-59,6537,2014
IRN,f,60+,555,2014
IRN,m,0-4,2004,2014
IRN,m,5-11,2525,2014
IRN,m,12-17,2951,2014
IRN,m,18-59,6619,2014
IRN,m,60+,835,2014
IRQ,f,0-4,0,2014
IRQ,f,5-11,12,2014
IRQ,f,12-17,10,2014
IRQ,f,18-59,41,2014
IRQ,f,60+,5,2014
IRQ,m,0-4,5,2014
IRQ,m,5-11,8,2014
IRQ,m,12-17,6,2014
IRQ,m,18-59,39,2014
IRQ,m,60+,5,2014
IRQ,f,0-4,0,2014
IRQ,f,5-11,5,2014
IRQ,f,12-17,0,2014
IRQ,f,18-59,0,2014
IRQ,f,60+,0,2014
IRQ,m,0-4,0,2014
IRQ,m,5-11,0,2014
IRQ,m,12-17,0,2014
IRQ,m,18-59,0,2014
IRQ,m,60+,0,2014
ISL,f,0-4,0,2014
ISL,f,5-11,0,2014
ISL,f,12-17,0,2014
ISL,f,18-59,0,2014
ISL,f,60+,0,2014
ISL,m,0-4,0,2014
ISL,m,5-11,0,2014
ISL,m,12-17,0,2014
ISL,m,18-59,0,2014
ISL,m,60+,0,2014
ISL,f,0-4,0,2014
ISL,f,5-11,0,2014
ISL,f,12-17,0,2014
ISL,f,18-59,0,2014
ISL,f,60+,0,2014
ISL,m,0-4,0,2014
ISL,m,5-11,0,2014
ISL,m,12-17,0,2014
ISL,m,18-59,0,2014
ISL,m,60+,0,2014
ITA,f,0-4,0,2014
ITA,f,5-11,0,2014
ITA,f,12-17,0,2014
ITA,f,18-59,0,2014
ITA,f,60+,0,2014
ITA,m,0-4,0,2014
ITA,m,5-11,0,2014
ITA,m,12-17,0,2014
ITA,m,18-59,0,2014
ITA,m,60+,0,2014
ITA,f,0-4,0,2014
ITA,f,5-11,0,2014
ITA,f,12-17,0,2014
ITA,f,18-59,0,2014
ITA,f,60+,0,2014
ITA,m,0-4,0,2014
ITA,m,5-11,0,2014
ITA,m,12-17,0,2014
ITA,m,18-59,0,2014
ITA,m,60+,0,2014
JOR,f,0-4,0,2014
JOR,f,5-11,0,2014
JOR,f,12-17,0,2014
JOR,f,18-59,5,2014
JOR,f,60+,0,2014
JOR,m,0-4,0,2014
JOR,m,5-11,0,2014
JOR,m,12-17,6,2014
JOR,m,18-59,0,2014
JOR,m,60+,0,2014
JOR,f,0-4,0,2014
JOR,f,5-11,0,2014
JOR,f,12-17,0,2014
JOR,f,18-59,0,2014
JOR,f,60+,0,2014
JOR,m,0-4,0,2014
JOR,m,5-11,0,2014
JOR,m,12-17,0,2014
JOR,m,18-59,8,2014
JOR,m,60+,0,2014
JPN,f,0-4,0,2014
JPN,f,5-11,0,2014
JPN,f,12-17,0,2014
JPN,f,18-59,0,2014
JPN,f,60+,0,2014
JPN,m,0-4,0,2014
JPN,m,5-11,0,2014
JPN,m,12-17,0,2014
JPN,m,18-59,0,2014
JPN,m,60+,0,2014
JPN,f,0-4,0,2014
JPN,f,5-11,0,2014
JPN,f,12-17,0,2014
JPN,f,18-59,0,2014
JPN,f,60+,0,2014
JPN,m,0-4,0,2014
JPN,m,5-11,0,2014
JPN,m,12-17,0,2014
JPN,m,18-59,0,2014
JPN,m,60+,0,2014
KAZ,f,0-4,0,2014
KAZ,f,5-11,0,2014
KAZ,f,12-17,0,2014
KAZ,f,18-59,5,2014
KAZ,f,60+,0,2014
KAZ,m,0-4,0,2014
KAZ,m,5-11,0,2014
KAZ,m,12-17,0,2014
KAZ,m,18-59,19,2014
KAZ,m,60+,0,2014
KAZ,f,0-4,22,2014
KAZ,f,5-11,35,2014
KAZ,f,12-17,37,2014
KAZ,f,18-59,160,2014
KAZ,f,60+,11,2014
KAZ,m,0-4,25,2014
KAZ,m,5-11,38,2014
KAZ,m,12-17,38,2014
KAZ,m,18-59,198,2014
KAZ,m,60+,14,2014
KEN,f,0-4,0,2014
KEN,f,5-11,0,2014
KEN,f,12-17,0,2014
KEN,f,18-59,0,2014
KEN,f,60+,0,2014
KEN,m,0-4,0,2014
KEN,m,5-11,0,2014
KEN,m,12-17,0,2014
KEN,m,18-59,5,2014
KEN,m,60+,0,2014
KGZ,f,0-4,8,2014
KGZ,f,5-11,6,2014
KGZ,f,12-17,11,2014
KGZ,f,18-59,30,2014
KGZ,f,60+,0,2014
KGZ,m,0-4,5,2014
KGZ,m,5-11,5,2014
KGZ,m,12-17,18,2014
KGZ,m,18-59,50,2014
KGZ,m,60+,0,2014
KGZ,f,0-4,23,2014
KGZ,f,5-11,28,2014
KGZ,f,12-17,38,2014
KGZ,f,18-59,79,2014
KGZ,f,60+,6,2014
KGZ,m,0-4,24,2014
KGZ,m,5-11,26,2014
KGZ,m,12-17,37,2014
KGZ,m,18-59,125,2014
KGZ,m,60+,0,2014
KOR,f,0-4,0,2014
KOR,f,5-11,0,2014
KOR,f,12-17,0,2014
KOR,f,18-59,7,2014
KOR,f,60+,0,2014
KOR,m,0-4,0,2014
KOR,m,5-11,5,2014
KOR,m,12-17,0,2014
KOR,m,18-59,21,2014
KOR,m,60+,0,2014
KOR,f,0-4,0,2014
KOR,f,5-11,0,2014
KOR,f,12-17,0,2014
KOR,f,18-59,0,2014
KOR,f,60+,0,2014
KOR,m,0-4,0,2014
KOR,m,5-11,0,2014
KOR,m,12-17,5,2014
KOR,m,18-59,11,2014
KOR,m,60+,0,2014
LBN,f,0-4,0,2014
LBN,f,5-11,5,2014
LBN,f,12-17,0,2014
LBN,f,18-59,0,2014
LBN,f,60+,0,2014
LBN,m,0-4,5,2014
LBN,m,5-11,0,2014
LBN,m,12-17,0,2014
LBN,m,18-59,9,2014
LBN,m,60+,0,2014
LBN,f,0-4,5,2014
LBN,f,5-11,0,2014
LBN,f,12-17,0,2014
LBN,f,18-59,7,2014
LBN,f,60+,0,2014
LBN,m,0-4,0,2014
LBN,m,5-11,0,2014
LBN,m,12-17,0,2014
LBN,m,18-59,7,2014
LBN,m,60+,0,2014
LKA,f,0-4,5,2014
LKA,f,5-11,6,2014
LKA,f,12-17,0,2014
LKA,f,18-59,14,2014
LKA,f,60+,0,2014
LKA,m,0-4,6,2014
LKA,m,5-11,5,2014
LKA,m,12-17,0,2014
LKA,m,18-59,52,2014
LKA,m,60+,0,2014
LKA,f,0-4,5,2014
LKA,f,5-11,0,2014
LKA,f,12-17,7,2014
LKA,f,18-59,6,2014
LKA,f,60+,0,2014
LKA,m,0-4,0,2014
LKA,m,5-11,0,2014
LKA,m,12-17,8,2014
LKA,m,18-59,8,2014
LKA,m,60+,0,2014
LTU,f,0-4,0,2014
LTU,f,5-11,7,2014
LTU,f,12-17,0,2014
LTU,f,18-59,8,2014
LTU,f,60+,0,2014
LTU,m,0-4,0,2014
LTU,m,5-11,9,2014
LTU,m,12-17,0,2014
LTU,m,18-59,22,2014
LTU,m,60+,0,2014
LTU,f,0-4,6,2014
LTU,f,5-11,0,2014
LTU,f,12-17,0,2014
LTU,f,18-59,0,2014
LTU,f,60+,0,2014
LTU,m,0-4,0,2014
LTU,m,5-11,0,2014
LTU,m,12-17,5,2014
LTU,m,18-59,17,2014
LTU,m,60+,0,2014
LUX,f,0-4,0,2014
LUX,f,5-11,0,2014
LUX,f,12-17,0,2014
LUX,f,18-59,0,2014
LUX,f,60+,0,2014
LUX,m,0-4,0,2014
LUX,m,5-11,0,2014
LUX,m,12-17,0,2014
LUX,m,18-59,0,2014
LUX,m,60+,0,2014
LUX,f,0-4,0,2014
LUX,f,5-11,0,2014
LUX,f,12-17,0,2014
LUX,f,18-59,0,2014
LUX,f,60+,0,2014
LUX,m,0-4,0,2014
LUX,m,5-11,0,2014
LUX,m,12-17,0,2014
LUX,m,18-59,0,2014
LUX,m,60+,0,2014
LVA,f,0-4,0,2014
LVA,f,5-11,0,2014
LVA,f,12-17,7,2014
LVA,f,18-59,0,2014
LVA,f,60+,0,2014
LVA,m,0-4,0,2014
LVA,m,5-11,0,2014
LVA,m,12-17,5,2014
LVA,m,18-59,0,2014
LVA,m,60+,0,2014
LVA,f,0-4,7,2014
LVA,f,5-11,0,2014
LVA,f,12-17,0,2014
LVA,f,18-59,0,2014
LVA,f,60+,0,2014
LVA,m,0-4,0,2014
LVA,m,5-11,5,2014
LVA,m,12-17,0,2014
LVA,m,18-59,16,2014
LVA,m,60+,0,2014
MDA,f,0-4,0,2014
MDA,f,5-11,0,2014
MDA,f,12-17,0,2014
MDA,f,18-59,0,2014
MDA,f,60+,0,2014
MDA,m,0-4,0,2014
MDA,m,5-11,0,2014
MDA,m,12-17,0,2014
MDA,m,18-59,5,2014
MDA,m,60+,0,2014
MDA,f,0-4,0,2014
MDA,f,5-11,0,2014
MDA,f,12-17,0,2014
MDA,f,18-59,5,2014
MDA,f,60+,0,2014
MDA,m,0-4,5,2014
MDA,m,5-11,0,2014
MDA,m,12-17,0,2014
MDA,m,18-59,8,2014
MDA,m,60+,0,2014
MEX,f,0-4,0,2014
MEX,f,5-11,0,2014
MEX,f,12-17,0,2014
MEX,f,18-59,0,2014
MEX,f,60+,0,2014
MEX,m,0-4,0,2014
MEX,m,5-11,0,2014
MEX,m,12-17,0,2014
MEX,m,18-59,0,2014
MEX,m,60+,0,2014
MKD,f,0-4,0,2014
MKD,f,5-11,39,2014
MKD,f,12-17,18,2014
MKD,f,18-59,57,2014
MKD,f,60+,0,2014
MKD,m,0-4,5,2014
MKD,m,5-11,52,2014
MKD,m,12-17,55,2014
MKD,m,18-59,332,2014
MKD,m,60+,0,2014
MYS,f,0-4,10,2014
MYS,f,5-11,16,2014
MYS,f,12-17,7,2014
MYS,f,18-59,51,2014
MYS,f,60+,5,2014
MYS,m,0-4,9,2014
MYS,m,5-11,16,2014
MYS,m,12-17,9,2014
MYS,m,18-59,89,2014
MYS,m,60+,0,2014
MYS,f,0-4,7,2014
MYS,f,5-11,12,2014
MYS,f,12-17,15,2014
MYS,f,18-59,43,2014
MYS,f,60+,0,2014
MYS,m,0-4,11,2014
MYS,m,5-11,10,2014
MYS,m,12-17,11,2014
MYS,m,18-59,75,2014
MYS,m,60+,0,2014
NGA,f,0-4,0,2014
NGA,f,5-11,0,2014
NGA,f,12-17,0,2014
NGA,f,18-59,0,2014
NGA,f,60+,0,2014
NGA,m,0-4,0,2014
NGA,m,5-11,0,2014
NGA,m,12-17,0,2014
NGA,m,18-59,5,2014
NGA,m,60+,0,2014
NLD,f,0-4,0,2014
NLD,f,5-11,0,2014
NLD,f,12-17,0,2014
NLD,f,18-59,0,2014
NLD,f,60+,0,2014
NLD,m,0-4,0,2014
NLD,m,5-11,0,2014
NLD,m,12-17,0,2014
NLD,m,18-59,0,2014
NLD,m,60+,0,2014
NLD,f,0-4,0,2014
NLD,f,5-11,0,2014
NLD,f,12-17,0,2014
NLD,f,18-59,0,2014
NLD,f,60+,0,2014
NLD,m,0-4,0,2014
NLD,m,5-11,0,2014
NLD,m,12-17,0,2014
NLD,m,18-59,0,2014
NLD,m,60+,0,2014
NOR,f,0-4,0,2014
NOR,f,5-11,0,2014
NOR,f,12-17,0,2014
NOR,f,18-59,0,2014
NOR,f,60+,0,2014
NOR,m,0-4,0,2014
NOR,m,5-11,0,2014
NOR,m,12-17,0,2014
NOR,m,18-59,0,2014
NOR,m,60+,0,2014
NOR,f,0-4,0,2014
NOR,f,5-11,0,2014
NOR,f,12-17,0,2014
NOR,f,18-59,0,2014
NOR,f,60+,0,2014
NOR,m,0-4,0,2014
NOR,m,5-11,0,2014
NOR,m,12-17,0,2014
NOR,m,18-59,0,2014
NOR,m,60+,0,2014
NPL,f,0-4,0,2014
NPL,f,5-11,7,2014
NPL,f,12-17,0,2014
NPL,f,18-59,13,2014
NPL,f,60+,0,2014
NPL,m,0-4,0,2014
NPL,m,5-11,9,2014
NPL,m,12-17,5,2014
NPL,m,18-59,17,2014
NPL,m,60+,0,2014
NPL,f,0-4,0,2014
NPL,f,5-11,6,2014
NPL,f,12-17,0,2014
NPL,f,18-59,0,2014
NPL,f,60+,0,2014
NPL,m,0-4,0,2014
NPL,m,5-11,5,2014
NPL,m,12-17,5,2014
NPL,m,18-59,0,2014
NPL,m,60+,0,2014
NRU,f,0-4,0,2014
NRU,f,5-11,0,2014
NRU,f,12-17,0,2014
NRU,f,18-59,0,2014
NRU,f,60+,0,2014
NRU,m,0-4,0,2014
NRU,m,5-11,0,2014
NRU,m,12-17,0,2014
NRU,m,18-59,0,2014
NRU,m,60+,0,2014
NRU,f,0-4,0,2014
NRU,f,5-11,0,2014
NRU,f,12-17,0,2014
NRU,f,18-59,0,2014
NRU,f,60+,0,2014
NRU,m,0-4,0,2014
NRU,m,5-11,0,2014
NRU,m,12-17,0,2014
NRU,m,18-59,0,2014
NRU,m,60+,0,2014
NZL,f,0-4,0,2014
NZL,f,5-11,0,2014
NZL,f,12-17,0,2014
NZL,f,18-59,0,2014
NZL,f,60+,0,2014
NZL,m,0-4,0,2014
NZL,m,5-11,0,2014
NZL,m,12-17,0,2014
NZL,m,18-59,0,2014
NZL,m,60+,0,2014
PAK,f,0-4,256,2014
PAK,f,5-11,596,2014
PAK,f,12-17,516,2014
PAK,f,18-59,1563,2014
PAK,f,60+,87,2014
PAK,m,0-4,253,2014
PAK,m,5-11,609,2014
PAK,m,12-17,565,2014
PAK,m,18-59,958,2014
PAK,m,60+,57,2014
PAK,f,0-4,47535,2014
PAK,f,5-11,173084,2014
PAK,f,12-17,133321,2014
PAK,f,18-59,335907,2014
PAK,f,60+,17977,2014
PAK,m,0-4,50449,2014
PAK,m,5-11,182043,2014
PAK,m,12-17,148213,2014
PAK,m,18-59,379350,2014
PAK,m,60+,37033,2014
PAN,f,0-4,0,2014
PAN,f,5-11,0,2014
PAN,f,12-17,0,2014
PAN,f,18-59,0,2014
PAN,f,60+,0,2014
PAN,m,0-4,0,2014
PAN,m,5-11,0,2014
PAN,m,12-17,0,2014
PAN,m,18-59,8,2014
PAN,m,60+,0,2014
PHL,f,0-4,0,2014
PHL,f,5-11,0,2014
PHL,f,12-17,0,2014
PHL,f,18-59,0,2014
PHL,f,60+,0,2014
PHL,m,0-4,0,2014
PHL,m,5-11,0,2014
PHL,m,12-17,0,2014
PHL,m,18-59,5,2014
PHL,m,60+,0,2014
PNG,f,0-4,0,2014
PNG,f,5-11,0,2014
PNG,f,12-17,0,2014
PNG,f,18-59,0,2014
PNG,f,60+,0,2014
PNG,m,0-4,0,2014
PNG,m,5-11,0,2014
PNG,m,12-17,0,2014
PNG,m,18-59,0,2014
PNG,m,60+,0,2014
PNG,f,0-4,0,2014
PNG,f,5-11,0,2014
PNG,f,12-17,0,2014
PNG,f,18-59,0,2014
PNG,f,60+,0,2014
PNG,m,0-4,0,2014
PNG,m,5-11,0,2014
PNG,m,12-17,0,2014
PNG,m,18-59,0,2014
PNG,m,60+,0,2014
POL,f,0-4,0,2014
POL,f,5-11,0,2014
POL,f,12-17,0,2014
POL,f,18-59,0,2014
POL,f,60+,0,2014
POL,m,0-4,0,2014
POL,m,5-11,0,2014
POL,m,12-17,0,2014
POL,m,18-59,0,2014
POL,m,60+,0,2014
POL,f,0-4,0,2014
POL,f,5-11,0,2014
POL,f,12-17,0,2014
POL,f,18-59,0,2014
POL,f,60+,0,2014
POL,m,0-4,0,2014
POL,m,5-11,0,2014
POL,m,12-17,0,2014
POL,m,18-59,0,2014
POL,m,60+,0,2014
PRT,f,0-4,0,2014
PRT,f,5-11,0,2014
PRT,f,12-17,0,2014
PRT,f,18-59,0,2014
PRT,f,60+,0,2014
PRT,m,0-4,0,2014
PRT,m,5-11,0,2014
PRT,m,12-17,0,2014
PRT,m,18-59,0,2014
PRT,m,60+,0,2014
ROU,f,0-4,0,2014
ROU,f,5-11,0,2014
ROU,f,12-17,0,2014
ROU,f,18-59,0,2014
ROU,f,60+,0,2014
ROU,m,0-4,0,2014
ROU,m,5-11,0,2014
ROU,m,12-17,0,2014
ROU,m,18-59,0,2014
ROU,m,60+,0,2014
ROU,f,0-4,7,2014
ROU,f,5-11,0,2014
ROU,f,12-17,6,2014
ROU,f,18-59,8,2014
ROU,f,60+,0,2014
ROU,m,0-4,0,2014
ROU,m,5-11,5,2014
ROU,m,12-17,9,2014
ROU,m,18-59,85,2014
ROU,m,60+,0,2014
RUS,f,0-4,0,2014
RUS,f,5-11,0,2014
RUS,f,12-17,0,2014
RUS,f,18-59,0,2014
RUS,f,60+,0,2014
RUS,m,0-4,0,2014
RUS,m,5-11,0,2014
RUS,m,12-17,0,2014
RUS,m,18-59,0,2014
RUS,m,60+,0,2014
RUS,f,0-4,0,2014
RUS,f,5-11,0,2014
RUS,f,12-17,0,2014
RUS,f,18-59,0,2014
RUS,f,60+,0,2014
RUS,m,0-4,0,2014
RUS,m,5-11,0,2014
RUS,m,12-17,0,2014
RUS,m,18-59,0,2014
RUS,m,60+,0,2014
RWA,f,0-4,0,2014
RWA,f,5-11,0,2014
RWA,f,12-17,0,2014
RWA,f,18-59,6,2014
RWA,f,60+,0,2014
RWA,m,0-4,0,2014
RWA,m,5-11,0,2014
RWA,m,12-17,0,2014
RWA,m,18-59,0,2014
RWA,m,60+,0,2014
SAU,f,0-4,0,2014
SAU,f,5-11,7,2014
SAU,f,12-17,0,2014
SAU,f,18-59,0,2014
SAU,f,60+,0,2014
SAU,m,0-4,0,2014
SAU,m,5-11,0,2014
SAU,m,12-17,0,2014
SAU,m,18-59,0,2014
SAU,m,60+,0,2014
SEN,f,0-4,0,2014
SEN,f,5-11,0,2014
SEN,f,12-17,9,2014
SEN,f,18-59,0,2014
SEN,f,60+,0,2014
SEN,m,0-4,0,2014
SEN,m,5-11,0,2014
SEN,m,12-17,0,2014
SEN,m,18-59,0,2014
SEN,m,60+,0,2014
SRB,f,0-4,0,2014
SRB,f,5-11,5,2014
SRB,f,12-17,0,2014
SRB,f,18-59,5,2014
SRB,f,60+,0,2014
SRB,m,0-4,0,2014
SRB,m,5-11,0,2014
SRB,m,12-17,10,2014
SRB,m,18-59,38,2014
SRB,m,60+,0,2014
SVK,f,0-4,0,2014
SVK,f,5-11,0,2014
SVK,f,12-17,0,2014
SVK,f,18-59,0,2014
SVK,f,60+,0,2014
SVK,m,0-4,0,2014
SVK,m,5-11,0,2014
SVK,m,12-17,0,2014
SVK,m,18-59,0,2014
SVK,m,60+,0,2014
SVN,f,0-4,0,2014
SVN,f,5-11,0,2014
SVN,f,12-17,0,2014
SVN,f,18-59,0,2014
SVN,f,60+,0,2014
SVN,m,0-4,0,2014
SVN,m,5-11,0,2014
SVN,m,12-17,5,2014
SVN,m,18-59,6,2014
SVN,m,60+,0,2014
SVN,f,0-4,0,2014
SVN,f,5-11,0,2014
SVN,f,12-17,0,2014
SVN,f,18-59,0,2014
SVN,f,60+,0,2014
SVN,m,0-4,0,2014
SVN,m,5-11,0,2014
SVN,m,12-17,15,2014
SVN,m,18-59,8,2014
SVN,m,60+,0,2014
SWE,f,0-4,0,2014
SWE,f,5-11,0,2014
SWE,f,12-17,0,2014
SWE,f,18-59,0,2014
SWE,f,60+,0,2014
SWE,m,0-4,0,2014
SWE,m,5-11,0,2014
SWE,m,12-17,0,2014
SWE,m,18-59,0,2014
SWE,m,60+,0,2014
SWE,f,0-4,0,2014
SWE,f,5-11,0,2014
SWE,f,12-17,0,2014
SWE,f,18-59,0,2014
SWE,f,60+,0,2014
SWE,m,0-4,0,2014
SWE,m,5-11,0,2014
SWE,m,12-17,0,2014
SWE,m,18-59,0,2014
SWE,m,60+,0,2014
SYR,f,0-4,11,2014
SYR,f,5-11,32,2014
SYR,f,12-17,59,2014
SYR,f,18-59,5,2014
SYR,f,60+,0,2014
SYR,m,0-4,21,2014
SYR,m,5-11,39,2014
SYR,m,12-17,71,2014
SYR,m,18-59,8,2014
SYR,m,60+,5,2014
SYR,f,0-4,51,2014
SYR,f,5-11,178,2014
SYR,f,12-17,285,2014
SYR,f,18-59,82,2014
SYR,f,60+,5,2014
SYR,m,0-4,43,2014
SYR,m,5-11,170,2014
SYR,m,12-17,291,2014
SYR,m,18-59,103,2014
SYR,m,60+,6,2014
THA,f,0-4,0,2014
THA,f,5-11,9,2014
THA,f,12-17,0,2014
THA,f,18-59,9,2014
THA,f,60+,0,2014
THA,m,0-4,0,2014
THA,m,5-11,0,2014
THA,m,12-17,9,2014
THA,m,18-59,18,2014
THA,m,60+,0,2014
THA,f,0-4,0,2014
THA,f,5-11,0,2014
THA,f,12-17,0,2014
THA,f,18-59,0,2014
THA,f,60+,0,2014
THA,m,0-4,0,2014
THA,m,5-11,0,2014
THA,m,12-17,0,2014
THA,m,18-59,8,2014
THA,m,60+,0,2014
TJK,f,0-4,0,2014
TJK,f,5-11,5,2014
TJK,f,12-17,0,2014
TJK,f,18-59,0,2014
TJK,f,60+,0,2014
TJK,m,0-4,0,2014
TJK,m,5-11,0,2014
TJK,m,12-17,0,2014
TJK,m,18-59,0,2014
TJK,m,60+,0,2014
TJK,f,0-4,0,2014
TJK,f,5-11,0,2014
TJK,f,12-17,0,2014
TJK,f,18-59,0,2014
TJK,f,60+,0,2014
TJK,m,0-4,0,2014
TJK,m,5-11,0,2014
TJK,m,12-17,0,2014
TJK,m,18-59,0,2014
TJK,m,60+,0,2014
TJK,f,0-4,9,2014
TJK,f,5-11,49,2014
TJK,f,12-17,53,2014
TJK,f,18-59,81,2014
TJK,f,60+,0,2014
TJK,m,0-4,9,2014
TJK,m,5-11,32,2014
TJK,m,12-17,52,2014
TJK,m,18-59,74,2014
TJK,m,60+,0,2014
TKM,f,0-4,0,2014
TKM,f,5-11,0,2014
TKM,f,12-17,0,2014
TKM,f,18-59,10,2014
TKM,f,60+,0,2014
TKM,m,0-4,0,2014
TKM,m,5-11,0,2014
TKM,m,12-17,0,2014
TKM,m,18-59,9,2014
TKM,m,60+,0,2014
TUR,f,0-4,1301,2014
TUR,f,5-11,1966,2014
TUR,f,12-17,1420,2014
TUR,f,18-59,5365,2014
TUR,f,60+,118,2014
TUR,m,0-4,1424,2014
TUR,m,5-11,2159,2014
TUR,m,12-17,3070,2014
TUR,m,18-59,12065,2014
TUR,m,60+,156,2014
TUR,f,0-4,114,2014
TUR,f,5-11,327,2014
TUR,f,12-17,317,2014
TUR,f,18-59,1116,2014
TUR,f,60+,20,2014
TUR,m,0-4,123,2014
TUR,m,5-11,344,2014
TUR,m,12-17,423,2014
TUR,m,18-59,1362,2014
TUR,m,60+,42,2014
UKR,f,0-4,0,2014
UKR,f,5-11,0,2014
UKR,f,12-17,0,2014
UKR,f,18-59,0,2014
UKR,f,60+,0,2014
UKR,m,0-4,0,2014
UKR,m,5-11,0,2014
UKR,m,12-17,0,2014
UKR,m,18-59,0,2014
UKR,m,60+,0,2014
UKR,f,0-4,0,2014
UKR,f,5-11,0,2014
UKR,f,12-17,0,2014
UKR,f,18-59,0,2014
UKR,f,60+,0,2014
UKR,m,0-4,0,2014
UKR,m,5-11,0,2014
UKR,m,12-17,0,2014
UKR,m,18-59,0,2014
UKR,m,60+,0,2014
USA,f,0-4,0,2014
USA,f,5-11,0,2014
USA,f,12-17,0,2014
USA,f,18-59,0,2014
USA,f,60+,0,2014
USA,m,0-4,0,2014
USA,m,5-11,0,2014
USA,m,12-17,0,2014
USA,m,18-59,0,2014
USA,m,60+,0,2014
USA,f,0-4,0,2014
USA,f,5-11,0,2014
USA,f,12-17,0,2014
USA,f,18-59,0,2014
USA,f,60+,0,2014
USA,m,0-4,0,2014
USA,m,5-11,0,2014
USA,m,12-17,0,2014
USA,m,18-59,0,2014
USA,m,60+,0,2014
UZB,f,0-4,0,2014
UZB,f,5-11,8,2014
UZB,f,12-17,0,2014
UZB,f,18-59,36,2014
UZB,f,60+,5,2014
UZB,m,0-4,0,2014
UZB,m,5-11,5,2014
UZB,m,12-17,7,2014
UZB,m,18-59,55,2014
UZB,m,60+,7,2014
VEN,f,0-4,0,2014
VEN,f,5-11,0,2014
VEN,f,12-17,0,2014
VEN,f,18-59,0,2014
VEN,f,60+,0,2014
VEN,m,0-4,0,2014
VEN,m,5-11,0,2014
VEN,m,12-17,0,2014
VEN,m,18-59,5,2014
VEN,m,60+,0,2014
ZAF,f,0-4,0,2014
ZAF,f,5-11,0,2014
ZAF,f,12-17,0,2014
ZAF,f,18-59,0,2014
ZAF,f,60+,0,2014
ZAF,m,0-4,0,2014
ZAF,m,5-11,0,2014
ZAF,m,12-17,0,2014
ZAF,m,18-59,0,2014
ZAF,m,60+,0,2014
ZAF,f,0-4,0,2014
ZAF,f,5-11,0,2014
ZAF,f,12-17,0,2014
ZAF,f,18-59,0,2014
ZAF,f,60+,0,2014
ZAF,m,0-4,0,2014
ZAF,m,5-11,0,2014
ZAF,m,12-17,0,2014
ZAF,m,18-59,0,2014
ZAF,m,60+,0,2014
AUS,f,0-4,0,2005
AUS,f,5-11,0,2005
AUS,f,12-17,0,2005
AUS,f,18-59,0,2005
AUS,f,60+,0,2005
AUS,m,0-4,0,2005
AUS,m,5-11,0,2005
AUS,m,12-17,0,2005
AUS,m,18-59,0,2005
AUS,m,60+,0,2005
AUS,f,0-4,0,2005
AUS,f,5-11,0,2005
AUS,f,12-17,0,2005
AUS,f,18-59,0,2005
AUS,f,60+,0,2005
AUS,m,0-4,0,2005
AUS,m,5-11,0,2005
AUS,m,12-17,0,2005
AUS,m,18-59,0,2005
AUS,m,60+,0,2005
AUT,f,0-4,0,2005
AUT,f,5-11,0,2005
AUT,f,12-17,0,2005
AUT,f,18-59,0,2005
AUT,f,60+,0,2005
AUT,m,0-4,0,2005
AUT,m,5-11,0,2005
AUT,m,12-17,0,2005
AUT,m,18-59,0,2005
AUT,m,60+,0,2005
AZE,f,0-4,0,2005
AZE,f,5-11,0,2005
AZE,f,12-17,0,2005
AZE,f,18-59,0,2005
AZE,f,60+,0,2005
AZE,m,0-4,0,2005
AZE,m,5-11,0,2005
AZE,m,12-17,0,2005
AZE,m,18-59,0,2005
AZE,m,60+,0,2005
AZE,f,0-4,13,2005
AZE,f,5-11,14,2005
AZE,f,12-17,12,2005
AZE,f,18-59,41,2005
AZE,f,60+,0,2005
AZE,m,0-4,10,2005
AZE,m,5-11,18,2005
AZE,m,12-17,15,2005
AZE,m,18-59,173,2005
AZE,m,60+,0,2005
AZE,f,0-4,5,2005
AZE,f,5-11,7,2005
AZE,f,12-17,6,2005
AZE,f,18-59,18,2005
AZE,f,60+,0,2005
AZE,m,0-4,0,2005
AZE,m,5-11,8,2005
AZE,m,12-17,7,2005
AZE,m,18-59,39,2005
AZE,m,60+,0,2005
BEL,f,0-4,0,2005
BEL,f,5-11,0,2005
BEL,f,12-17,0,2005
BEL,f,18-59,0,2005
BEL,f,60+,0,2005
BEL,m,0-4,0,2005
BEL,m,5-11,0,2005
BEL,m,12-17,0,2005
BEL,m,18-59,0,2005
BEL,m,60+,0,2005
BEL,f,0-4,0,2005
BEL,f,5-11,0,2005
BEL,f,12-17,0,2005
BEL,f,18-59,0,2005
BEL,f,60+,0,2005
BEL,m,0-4,0,2005
BEL,m,5-11,0,2005
BEL,m,12-17,0,2005
BEL,m,18-59,0,2005
BEL,m,60+,0,2005
BGR,f,0-4,0,2005
BGR,f,5-11,0,2005
BGR,f,12-17,0,2005
BGR,f,18-59,0,2005
BGR,f,60+,0,2005
BGR,m,0-4,0,2005
BGR,m,5-11,77,2005
BGR,m,12-17,67,2005
BGR,m,18-59,241,2005
BGR,m,60+,0,2005
BGR,f,0-4,0,2005
BGR,f,5-11,0,2005
BGR,f,12-17,0,2005
BGR,f,18-59,0,2005
BGR,f,60+,0,2005
BGR,m,0-4,0,2005
BGR,m,5-11,0,2005
BGR,m,12-17,0,2005
BGR,m,18-59,0,2005
BGR,m,60+,0,2005
BLR,f,0-4,0,2005
BLR,f,5-11,0,2005
BLR,f,12-17,0,2005
BLR,f,18-59,8,2005
BLR,f,60+,0,2005
BLR,m,0-4,0,2005
BLR,m,5-11,0,2005
BLR,m,12-17,5,2005
BLR,m,18-59,16,2005
BLR,m,60+,0,2005
BLR,f,0-4,14,2005
BLR,f,5-11,42,2005
BLR,f,12-17,36,2005
BLR,f,18-59,111,2005
BLR,f,60+,10,2005
BLR,m,0-4,0,2005
BLR,m,5-11,38,2005
BLR,m,12-17,37,2005
BLR,m,18-59,224,2005
BLR,m,60+,5,2005
BRA,f,0-4,0,2005
BRA,f,5-11,0,2005
BRA,f,12-17,0,2005
BRA,f,18-59,0,2005
BRA,f,60+,0,2005
BRA,m,0-4,0,2005
BRA,m,5-11,0,2005
BRA,m,12-17,0,2005
BRA,m,18-59,0,2005
BRA,m,60+,0,2005
CAN,f,0-4,9,2005
CAN,f,5-11,13,2005
CAN,f,12-17,12,2005
CAN,f,18-59,48,2005
CAN,f,60+,5,2005
CAN,m,0-4,18,2005
CAN,m,5-11,17,2005
CAN,m,12-17,15,2005
CAN,m,18-59,81,2005
CAN,m,60+,6,2005
CAN,f,0-4,0,2005
CAN,f,5-11,0,2005
CAN,f,12-17,0,2005
CAN,f,18-59,0,2005
CAN,f,60+,0,2005
CAN,m,0-4,0,2005
CAN,m,5-11,0,2005
CAN,m,12-17,0,2005
CAN,m,18-59,0,2005
CAN,m,60+,0,2005
CHE,f,0-4,0,2005
CHE,f,5-11,0,2005
CHE,f,12-17,0,2005
CHE,f,18-59,0,2005
CHE,f,60+,0,2005
CHE,m,0-4,0,2005
CHE,m,5-11,0,2005
CHE,m,12-17,0,2005
CHE,m,18-59,0,2005
CHE,m,60+,0,2005
CHE,f,0-4,28,2005
CHE,f,5-11,46,2005
CHE,f,12-17,40,2005
CHE,f,18-59,131,2005
CHE,f,60+,17,2005
CHE,m,0-4,19,2005
CHE,m,5-11,48,2005
CHE,m,12-17,41,2005
CHE,m,18-59,277,2005
CHE,m,60+,16,2005
CHL,f,0-4,0,2005
CHL,f,5-11,0,2005
CHL,f,12-17,0,2005
CHL,f,18-59,5,2005
CHL,f,60+,0,2005
CHL,m,0-4,5,2005
CHL,m,5-11,0,2005
CHL,m,12-17,0,2005
CHL,m,18-59,6,2005
CHL,m,60+,0,2005
CHN,f,0-4,0,2005
CHN,f,5-11,0,2005
CHN,f,12-17,0,2005
CHN,f,18-59,0,2005
CHN,f,60+,0,2005
CHN,m,0-4,0,2005
CHN,m,5-11,7,2005
CHN,m,12-17,0,2005
CHN,m,18-59,0,2005
CHN,m,60+,0,2005
CIV,f,0-4,0,2005
CIV,f,5-11,0,2005
CIV,f,12-17,0,2005
CIV,f,18-59,5,2005
CIV,f,60+,0,2005
CIV,m,0-4,0,2005
CIV,m,5-11,0,2005
CIV,m,12-17,0,2005
CIV,m,18-59,5,2005
CIV,m,60+,0,2005
CIV,f,0-4,0,2005
CIV,f,5-11,0,2005
CIV,f,12-17,0,2005
CIV,f,18-59,7,2005
CIV,f,60+,0,2005
CIV,m,0-4,0,2005
CIV,m,5-11,0,2005
CIV,m,12-17,0,2005
CIV,m,18-59,0,2005
CIV,m,60+,0,2005
CUB,f,0-4,0,2005
CUB,f,5-11,0,2005
CUB,f,12-17,0,2005
CUB,f,18-59,0,2005
CUB,f,60+,0,2005
CUB,m,0-4,0,2005
CUB,m,5-11,0,2005
CUB,m,12-17,0,2005
CUB,m,18-59,9,2005
CUB,m,60+,0,2005
CYP,f,0-4,0,2005
CYP,f,5-11,0,2005
CYP,f,12-17,0,2005
CYP,f,18-59,0,2005
CYP,f,60+,0,2005
CYP,m,0-4,0,2005
CYP,m,5-11,0,2005
CYP,m,12-17,0,2005
CYP,m,18-59,0,2005
CYP,m,60+,0,2005
CYP,f,0-4,0,2005
CYP,f,5-11,0,2005
CYP,f,12-17,0,2005
CYP,f,18-59,0,2005
CYP,f,60+,0,2005
CYP,m,0-4,0,2005
CYP,m,5-11,0,2005
CYP,m,12-17,0,2005
CYP,m,18-59,0,2005
CYP,m,60+,0,2005
CZE,f,0-4,0,2005
CZE,f,5-11,0,2005
CZE,f,12-17,0,2005
CZE,f,18-59,0,2005
CZE,f,60+,0,2005
CZE,m,0-4,0,2005
CZE,m,5-11,0,2005
CZE,m,12-17,0,2005
CZE,m,18-59,0,2005
CZE,m,60+,0,2005
CZE,f,0-4,0,2005
CZE,f,5-11,0,2005
CZE,f,12-17,0,2005
CZE,f,18-59,0,2005
CZE,f,60+,0,2005
CZE,m,0-4,0,2005
CZE,m,5-11,0,2005
CZE,m,12-17,0,2005
CZE,m,18-59,0,2005
CZE,m,60+,0,2005
DEU,f,0-4,0,2005
DEU,f,5-11,0,2005
DEU,f,12-17,0,2005
DEU,f,18-59,0,2005
DEU,f,60+,0,2005
DEU,m,0-4,0,2005
DEU,m,5-11,0,2005
DEU,m,12-17,0,2005
DEU,m,18-59,0,2005
DEU,m,60+,0,2005
DEU,f,0-4,0,2005
DEU,f,5-11,0,2005
DEU,f,12-17,0,2005
DEU,f,18-59,0,2005
DEU,f,60+,0,2005
DEU,m,0-4,0,2005
DEU,m,5-11,0,2005
DEU,m,12-17,0,2005
DEU,m,18-59,0,2005
DEU,m,60+,0,2005
DNK,f,0-4,0,2005
DNK,f,5-11,0,2005
DNK,f,12-17,0,2005
DNK,f,18-59,0,2005
DNK,f,60+,0,2005
DNK,m,0-4,0,2005
DNK,m,5-11,0,2005
DNK,m,12-17,0,2005
DNK,m,18-59,0,2005
DNK,m,60+,0,2005
DNK,f,0-4,0,2005
DNK,f,5-11,0,2005
DNK,f,12-17,0,2005
DNK,f,18-59,0,2005
DNK,f,60+,0,2005
DNK,m,0-4,0,2005
DNK,m,5-11,0,2005
DNK,m,12-17,0,2005
DNK,m,18-59,0,2005
DNK,m,60+,0,2005
ECU,f,0-4,0,2005
ECU,f,5-11,0,2005
ECU,f,12-17,0,2005
ECU,f,18-59,0,2005
ECU,f,60+,0,2005
ECU,m,0-4,0,2005
ECU,m,5-11,0,2005
ECU,m,12-17,0,2005
ECU,m,18-59,0,2005
ECU,m,60+,0,2005
EGY,f,0-4,5,2005
EGY,f,5-11,0,2005
EGY,f,12-17,0,2005
EGY,f,18-59,0,2005
EGY,f,60+,0,2005
EGY,m,0-4,5,2005
EGY,m,5-11,0,2005
EGY,m,12-17,0,2005
EGY,m,18-59,21,2005
EGY,m,60+,0,2005
ESP,f,0-4,0,2005
ESP,f,5-11,0,2005
ESP,f,12-17,0,2005
ESP,f,18-59,0,2005
ESP,f,60+,0,2005
ESP,m,0-4,0,2005
ESP,m,5-11,0,2005
ESP,m,12-17,0,2005
ESP,m,18-59,0,2005
ESP,m,60+,0,2005
FIN,f,0-4,0,2005
FIN,f,5-11,0,2005
FIN,f,12-17,0,2005
FIN,f,18-59,0,2005
FIN,f,60+,0,2005
FIN,m,0-4,0,2005
FIN,m,5-11,0,2005
FIN,m,12-17,0,2005
FIN,m,18-59,0,2005
FIN,m,60+,0,2005
FRA,f,0-4,0,2005
FRA,f,5-11,0,2005
FRA,f,12-17,0,2005
FRA,f,18-59,0,2005
FRA,f,60+,0,2005
FRA,m,0-4,0,2005
FRA,m,5-11,0,2005
FRA,m,12-17,0,2005
FRA,m,18-59,0,2005
FRA,m,60+,0,2005
GBR,f,0-4,0,2005
GBR,f,5-11,0,2005
GBR,f,12-17,0,2005
GBR,f,18-59,0,2005
GBR,f,60+,0,2005
GBR,m,0-4,0,2005
GBR,m,5-11,0,2005
GBR,m,12-17,0,2005
GBR,m,18-59,0,2005
GBR,m,60+,0,2005
GEO,f,0-4,0,2005
GEO,f,5-11,0,2005
GEO,f,12-17,0,2005
GEO,f,18-59,0,2005
GEO,f,60+,0,2005
GEO,m,0-4,0,2005
GEO,m,5-11,5,2005
GEO,m,12-17,0,2005
GEO,m,18-59,0,2005
GEO,m,60+,0,2005
GRC,f,0-4,0,2005
GRC,f,5-11,8,2005
GRC,f,12-17,6,2005
GRC,f,18-59,20,2005
GRC,f,60+,0,2005
GRC,m,0-4,5,2005
GRC,m,5-11,72,2005
GRC,m,12-17,62,2005
GRC,m,18-59,386,2005
GRC,m,60+,0,2005
GRC,f,0-4,0,2005
GRC,f,5-11,0,2005
GRC,f,12-17,0,2005
GRC,f,18-59,5,2005
GRC,f,60+,0,2005
GRC,m,0-4,0,2005
GRC,m,5-11,9,2005
GRC,m,12-17,0,2005
GRC,m,18-59,0,2005
GRC,m,60+,0,2005
HUN,f,0-4,0,2005
HUN,f,5-11,0,2005
HUN,f,12-17,0,2005
HUN,f,18-59,0,2005
HUN,f,60+,0,2005
HUN,m,0-4,0,2005
HUN,m,5-11,0,2005
HUN,m,12-17,0,2005
HUN,m,18-59,0,2005
HUN,m,60+,0,2005
HUN,f,0-4,0,2005
HUN,f,5-11,0,2005
HUN,f,12-17,0,2005
HUN,f,18-59,0,2005
HUN,f,60+,0,2005
HUN,m,0-4,0,2005
HUN,m,5-11,0,2005
HUN,m,12-17,0,2005
HUN,m,18-59,0,2005
HUN,m,60+,0,2005
IDN,f,0-4,0,2005
IDN,f,5-11,0,2005
IDN,f,12-17,0,2005
IDN,f,18-59,0,2005
IDN,f,60+,0,2005
IDN,m,0-4,0,2005
IDN,m,5-11,0,2005
IDN,m,12-17,0,2005
IDN,m,18-59,5,2005
IDN,m,60+,0,2005
IDN,f,0-4,0,2005
IDN,f,5-11,0,2005
IDN,f,12-17,5,2005
IDN,f,18-59,7,2005
IDN,f,60+,0,2005
IDN,m,0-4,6,2005
IDN,m,5-11,5,2005
IDN,m,12-17,5,2005
IDN,m,18-59,32,2005
IDN,m,60+,0,2005
IDN,f,0-4,0,2005
IDN,f,5-11,0,2005
IDN,f,12-17,5,2005
IDN,f,18-59,0,2005
IDN,f,60+,0,2005
IDN,m,0-4,0,2005
IDN,m,5-11,0,2005
IDN,m,12-17,0,2005
IDN,m,18-59,8,2005
IDN,m,60+,0,2005
IND,f,0-4,0,2005
IND,f,5-11,0,2005
IND,f,12-17,5,2005
IND,f,18-59,5,2005
IND,f,60+,0,2005
IND,m,0-4,0,2005
IND,m,5-11,5,2005
IND,m,12-17,0,2005
IND,m,18-59,5,2005
IND,m,60+,0,2005
IND,f,0-4,162,2005
IND,f,5-11,739,2005
IND,f,12-17,633,2005
IND,f,18-59,3416,2005
IND,f,60+,315,2005
IND,m,0-4,186,2005
IND,m,5-11,825,2005
IND,m,12-17,708,2005
IND,m,18-59,2416,2005
IND,m,60+,300,2005
IRL,f,0-4,0,2005
IRL,f,5-11,0,2005
IRL,f,12-17,0,2005
IRL,f,18-59,0,2005
IRL,f,60+,0,2005
IRL,m,0-4,0,2005
IRL,m,5-11,0,2005
IRL,m,12-17,0,2005
IRL,m,18-59,0,2005
IRL,m,60+,0,2005
IRN,f,0-4,0,2005
IRN,f,5-11,5,2005
IRN,f,12-17,15,2005
IRN,f,18-59,12,2005
IRN,f,60+,0,2005
IRN,m,0-4,6,2005
IRN,m,5-11,0,2005
IRN,m,12-17,0,2005
IRN,m,18-59,18,2005
IRN,m,60+,0,2005
IRN,f,0-4,18932,2005
IRN,f,5-11,44332,2005
IRN,f,12-17,138662,2005
IRN,f,18-59,192197,2005
IRN,f,60+,9204,2005
IRN,m,0-4,19196,2005
IRN,m,5-11,49071,2005
IRN,m,12-17,152329,2005
IRN,m,18-59,277920,2005
IRN,m,60+,18405,2005
ITA,f,0-4,0,2005
ITA,f,5-11,0,2005
ITA,f,12-17,0,2005
ITA,f,18-59,0,2005
ITA,f,60+,0,2005
ITA,m,0-4,0,2005
ITA,m,5-11,0,2005
ITA,m,12-17,0,2005
ITA,m,18-59,0,2005
ITA,m,60+,0,2005
JPN,f,0-4,0,2005
JPN,f,5-11,0,2005
JPN,f,12-17,0,2005
JPN,f,18-59,0,2005
JPN,f,60+,0,2005
JPN,m,0-4,0,2005
JPN,m,5-11,0,2005
JPN,m,12-17,0,2005
JPN,m,18-59,0,2005
JPN,m,60+,0,2005
JPN,f,0-4,0,2005
JPN,f,5-11,0,2005
JPN,f,12-17,0,2005
JPN,f,18-59,0,2005
JPN,f,60+,0,2005
JPN,m,0-4,0,2005
JPN,m,5-11,0,2005
JPN,m,12-17,0,2005
JPN,m,18-59,0,2005
JPN,m,60+,0,2005
KAZ,f,0-4,77,2005
KAZ,f,5-11,43,2005
KAZ,f,12-17,37,2005
KAZ,f,18-59,156,2005
KAZ,f,60+,15,2005
KAZ,m,0-4,93,2005
KAZ,m,5-11,50,2005
KAZ,m,12-17,43,2005
KAZ,m,18-59,241,2005
KAZ,m,60+,5,2005
KGZ,f,0-4,0,2005
KGZ,f,5-11,6,2005
KGZ,f,12-17,5,2005
KGZ,f,18-59,18,2005
KGZ,f,60+,0,2005
KGZ,m,0-4,0,2005
KGZ,m,5-11,5,2005
KGZ,m,12-17,5,2005
KGZ,m,18-59,78,2005
KGZ,m,60+,0,2005
KGZ,f,0-4,7,2005
KGZ,f,5-11,19,2005
KGZ,f,12-17,17,2005
KGZ,f,18-59,63,2005
KGZ,f,60+,5,2005
KGZ,m,0-4,0,2005
KGZ,m,5-11,23,2005
KGZ,m,12-17,20,2005
KGZ,m,18-59,91,2005
KGZ,m,60+,6,2005
KWT,f,0-4,0,2005
KWT,f,5-11,7,2005
KWT,f,12-17,0,2005
KWT,f,18-59,10,2005
KWT,f,60+,5,2005
KWT,m,0-4,9,2005
KWT,m,5-11,0,2005
KWT,m,12-17,5,2005
KWT,m,18-59,11,2005
KWT,m,60+,0,2005
KWT,f,0-4,9,2005
KWT,f,5-11,7,2005
KWT,f,12-17,6,2005
KWT,f,18-59,9,2005
KWT,f,60+,5,2005
KWT,m,0-4,8,2005
KWT,m,5-11,6,2005
KWT,m,12-17,6,2005
KWT,m,18-59,17,2005
KWT,m,60+,5,2005
LBN,f,0-4,0,2005
LBN,f,5-11,0,2005
LBN,f,12-17,0,2005
LBN,f,18-59,0,2005
LBN,f,60+,0,2005
LBN,m,0-4,5,2005
LBN,m,5-11,0,2005
LBN,m,12-17,0,2005
LBN,m,18-59,8,2005
LBN,m,60+,0,2005
LKA,f,0-4,0,2005
LKA,f,5-11,0,2005
LKA,f,12-17,0,2005
LKA,f,18-59,5,2005
LKA,f,60+,0,2005
LKA,m,0-4,0,2005
LKA,m,5-11,0,2005
LKA,m,12-17,0,2005
LKA,m,18-59,0,2005
LKA,m,60+,0,2005
LTU,f,0-4,0,2005
LTU,f,5-11,0,2005
LTU,f,12-17,0,2005
LTU,f,18-59,0,2005
LTU,f,60+,0,2005
LTU,m,0-4,0,2005
LTU,m,5-11,0,2005
LTU,m,12-17,0,2005
LTU,m,18-59,0,2005
LTU,m,60+,0,2005
LTU,f,0-4,0,2005
LTU,f,5-11,0,2005
LTU,f,12-17,0,2005
LTU,f,18-59,0,2005
LTU,f,60+,0,2005
LTU,m,0-4,0,2005
LTU,m,5-11,0,2005
LTU,m,12-17,0,2005
LTU,m,18-59,0,2005
LTU,m,60+,0,2005
MDA,f,0-4,0,2005
MDA,f,5-11,0,2005
MDA,f,12-17,0,2005
MDA,f,18-59,0,2005
MDA,f,60+,0,2005
MDA,m,0-4,0,2005
MDA,m,5-11,0,2005
MDA,m,12-17,0,2005
MDA,m,18-59,5,2005
MDA,m,60+,0,2005
MDA,f,0-4,0,2005
MDA,f,5-11,0,2005
MDA,f,12-17,0,2005
MDA,f,18-59,0,2005
MDA,f,60+,0,2005
MDA,m,0-4,0,2005
MDA,m,5-11,0,2005
MDA,m,12-17,0,2005
MDA,m,18-59,8,2005
MDA,m,60+,0,2005
MLT,f,0-4,0,2005
MLT,f,5-11,0,2005
MLT,f,12-17,0,2005
MLT,f,18-59,0,2005
MLT,f,60+,0,2005
MLT,m,0-4,0,2005
MLT,m,5-11,0,2005
MLT,m,12-17,0,2005
MLT,m,18-59,0,2005
MLT,m,60+,0,2005
MYS,f,0-4,0,2005
MYS,f,5-11,0,2005
MYS,f,12-17,0,2005
MYS,f,18-59,5,2005
MYS,f,60+,0,2005
MYS,m,0-4,0,2005
MYS,m,5-11,5,2005
MYS,m,12-17,0,2005
MYS,m,18-59,23,2005
MYS,m,60+,0,2005
MYS,f,0-4,0,2005
MYS,f,5-11,0,2005
MYS,f,12-17,8,2005
MYS,f,18-59,12,2005
MYS,f,60+,0,2005
MYS,m,0-4,0,2005
MYS,m,5-11,6,2005
MYS,m,12-17,5,2005
MYS,m,18-59,20,2005
MYS,m,60+,0,2005
NLD,f,0-4,0,2005
NLD,f,5-11,0,2005
NLD,f,12-17,0,2005
NLD,f,18-59,0,2005
NLD,f,60+,0,2005
NLD,m,0-4,0,2005
NLD,m,5-11,0,2005
NLD,m,12-17,0,2005
NLD,m,18-59,0,2005
NLD,m,60+,0,2005
NLD,f,0-4,0,2005
NLD,f,5-11,0,2005
NLD,f,12-17,0,2005
NLD,f,18-59,0,2005
NLD,f,60+,0,2005
NLD,m,0-4,0,2005
NLD,m,5-11,0,2005
NLD,m,12-17,0,2005
NLD,m,18-59,0,2005
NLD,m,60+,0,2005
NOR,f,0-4,0,2005
NOR,f,5-11,0,2005
NOR,f,12-17,0,2005
NOR,f,18-59,0,2005
NOR,f,60+,0,2005
NOR,m,0-4,0,2005
NOR,m,5-11,0,2005
NOR,m,12-17,0,2005
NOR,m,18-59,0,2005
NOR,m,60+,0,2005
NZL,f,0-4,0,2005
NZL,f,5-11,0,2005
NZL,f,12-17,0,2005
NZL,f,18-59,0,2005
NZL,f,60+,0,2005
NZL,m,0-4,0,2005
NZL,m,5-11,0,2005
NZL,m,12-17,0,2005
NZL,m,18-59,0,2005
NZL,m,60+,0,2005
NZL,f,0-4,0,2005
NZL,f,5-11,0,2005
NZL,f,12-17,0,2005
NZL,f,18-59,0,2005
NZL,f,60+,0,2005
NZL,m,0-4,0,2005
NZL,m,5-11,0,2005
NZL,m,12-17,0,2005
NZL,m,18-59,0,2005
NZL,m,60+,0,2005
PAK,f,0-4,0,2005
PAK,f,5-11,0,2005
PAK,f,12-17,0,2005
PAK,f,18-59,0,2005
PAK,f,60+,0,2005
PAK,m,0-4,0,2005
PAK,m,5-11,0,2005
PAK,m,12-17,0,2005
PAK,m,18-59,0,2005
PAK,m,60+,0,2005
PAK,f,0-4,0,2005
PAK,f,5-11,0,2005
PAK,f,12-17,0,2005
PAK,f,18-59,0,2005
PAK,f,60+,0,2005
PAK,m,0-4,0,2005
PAK,m,5-11,0,2005
PAK,m,12-17,0,2005
PAK,m,18-59,0,2005
PAK,m,60+,0,2005
POL,f,0-4,0,2005
POL,f,5-11,0,2005
POL,f,12-17,0,2005
POL,f,18-59,0,2005
POL,f,60+,0,2005
POL,m,0-4,0,2005
POL,m,5-11,0,2005
POL,m,12-17,0,2005
POL,m,18-59,0,2005
POL,m,60+,0,2005
PRT,f,0-4,0,2005
PRT,f,5-11,0,2005
PRT,f,12-17,0,2005
PRT,f,18-59,0,2005
PRT,f,60+,0,2005
PRT,m,0-4,0,2005
PRT,m,5-11,0,2005
PRT,m,12-17,0,2005
PRT,m,18-59,0,2005
PRT,m,60+,0,2005
QAT,f,0-4,0,2005
QAT,f,5-11,0,2005
QAT,f,12-17,0,2005
QAT,f,18-59,0,2005
QAT,f,60+,0,2005
QAT,m,0-4,0,2005
QAT,m,5-11,0,2005
QAT,m,12-17,0,2005
QAT,m,18-59,40,2005
QAT,m,60+,0,2005
ROU,f,0-4,0,2005
ROU,f,5-11,0,2005
ROU,f,12-17,0,2005
ROU,f,18-59,7,2005
ROU,f,60+,0,2005
ROU,m,0-4,0,2005
ROU,m,5-11,6,2005
ROU,m,12-17,0,2005
ROU,m,18-59,0,2005
ROU,m,60+,0,2005
RUS,f,0-4,0,2005
RUS,f,5-11,0,2005
RUS,f,12-17,0,2005
RUS,f,18-59,0,2005
RUS,f,60+,0,2005
RUS,m,0-4,0,2005
RUS,m,5-11,0,2005
RUS,m,12-17,0,2005
RUS,m,18-59,0,2005
RUS,m,60+,0,2005
RUS,f,0-4,0,2005
RUS,f,5-11,0,2005
RUS,f,12-17,0,2005
RUS,f,18-59,0,2005
RUS,f,60+,0,2005
RUS,m,0-4,0,2005
RUS,m,5-11,0,2005
RUS,m,12-17,0,2005
RUS,m,18-59,0,2005
RUS,m,60+,0,2005
RUS,f,0-4,0,2005
RUS,f,5-11,0,2005
RUS,f,12-17,0,2005
RUS,f,18-59,0,2005
RUS,f,60+,0,2005
RUS,m,0-4,0,2005
RUS,m,5-11,0,2005
RUS,m,12-17,0,2005
RUS,m,18-59,0,2005
RUS,m,60+,0,2005
SAU,f,0-4,0,2005
SAU,f,5-11,0,2005
SAU,f,12-17,0,2005
SAU,f,18-59,6,2005
SAU,f,60+,0,2005
SAU,m,0-4,0,2005
SAU,m,5-11,0,2005
SAU,m,12-17,0,2005
SAU,m,18-59,0,2005
SAU,m,60+,0,2005
SVK,f,0-4,0,2005
SVK,f,5-11,0,2005
SVK,f,12-17,0,2005
SVK,f,18-59,0,2005
SVK,f,60+,0,2005
SVK,m,0-4,0,2005
SVK,m,5-11,0,2005
SVK,m,12-17,0,2005
SVK,m,18-59,0,2005
SVK,m,60+,0,2005
SVK,f,0-4,0,2005
SVK,f,5-11,0,2005
SVK,f,12-17,5,2005
SVK,f,18-59,8,2005
SVK,f,60+,0,2005
SVK,m,0-4,0,2005
SVK,m,5-11,0,2005
SVK,m,12-17,0,2005
SVK,m,18-59,18,2005
SVK,m,60+,0,2005
SWE,f,0-4,0,2005
SWE,f,5-11,0,2005
SWE,f,12-17,0,2005
SWE,f,18-59,0,2005
SWE,f,60+,0,2005
SWE,m,0-4,0,2005
SWE,m,5-11,0,2005
SWE,m,12-17,0,2005
SWE,m,18-59,0,2005
SWE,m,60+,0,2005
SWE,f,0-4,0,2005
SWE,f,5-11,0,2005
SWE,f,12-17,0,2005
SWE,f,18-59,0,2005
SWE,f,60+,0,2005
SWE,m,0-4,0,2005
SWE,m,5-11,0,2005
SWE,m,12-17,0,2005
SWE,m,18-59,0,2005
SWE,m,60+,0,2005
SYR,f,0-4,5,2005
SYR,f,5-11,9,2005
SYR,f,12-17,8,2005
SYR,f,18-59,20,2005
SYR,f,60+,0,2005
SYR,m,0-4,5,2005
SYR,m,5-11,13,2005
SYR,m,12-17,11,2005
SYR,m,18-59,37,2005
SYR,m,60+,0,2005
SYR,f,0-4,12,2005
SYR,f,5-11,23,2005
SYR,f,12-17,20,2005
SYR,f,18-59,53,2005
SYR,f,60+,5,2005
SYR,m,0-4,9,2005
SYR,m,5-11,25,2005
SYR,m,12-17,21,2005
SYR,m,18-59,48,2005
SYR,m,60+,13,2005
THA,f,0-4,0,2005
THA,f,5-11,0,2005
THA,f,12-17,0,2005
THA,f,18-59,0,2005
THA,f,60+,0,2005
THA,m,0-4,0,2005
THA,m,5-11,0,2005
THA,m,12-17,0,2005
THA,m,18-59,5,2005
THA,m,60+,0,2005
TJK,f,0-4,0,2005
TJK,f,5-11,0,2005
TJK,f,12-17,0,2005
TJK,f,18-59,0,2005
TJK,f,60+,0,2005
TJK,m,0-4,0,2005
TJK,m,5-11,0,2005
TJK,m,12-17,0,2005
TJK,m,18-59,0,2005
TJK,m,60+,0,2005
TJK,f,0-4,0,2005
TJK,f,5-11,0,2005
TJK,f,12-17,0,2005
TJK,f,18-59,0,2005
TJK,f,60+,0,2005
TJK,m,0-4,0,2005
TJK,m,5-11,0,2005
TJK,m,12-17,0,2005
TJK,m,18-59,0,2005
TJK,m,60+,0,2005
TKM,f,0-4,41,2005
TKM,f,5-11,75,2005
TKM,f,12-17,67,2005
TKM,f,18-59,164,2005
TKM,f,60+,17,2005
TKM,m,0-4,45,2005
TKM,m,5-11,63,2005
TKM,m,12-17,55,2005
TKM,m,18-59,203,2005
TKM,m,60+,19,2005
TUR,f,0-4,13,2005
TUR,f,5-11,35,2005
TUR,f,12-17,19,2005
TUR,f,18-59,59,2005
TUR,f,60+,0,2005
TUR,m,0-4,7,2005
TUR,m,5-11,27,2005
TUR,m,12-17,32,2005
TUR,m,18-59,64,2005
TUR,m,60+,0,2005
TUR,f,0-4,0,2005
TUR,f,5-11,13,2005
TUR,f,12-17,5,2005
TUR,f,18-59,16,2005
TUR,f,60+,0,2005
TUR,m,0-4,0,2005
TUR,m,5-11,5,2005
TUR,m,12-17,12,2005
TUR,m,18-59,25,2005
TUR,m,60+,0,2005
UKR,f,0-4,5,2005
UKR,f,5-11,6,2005
UKR,f,12-17,5,2005
UKR,f,18-59,23,2005
UKR,f,60+,0,2005
UKR,m,0-4,0,2005
UKR,m,5-11,11,2005
UKR,m,12-17,9,2005
UKR,m,18-59,152,2005
UKR,m,60+,0,2005
UKR,f,0-4,14,2005
UKR,f,5-11,75,2005
UKR,f,12-17,64,2005
UKR,f,18-59,198,2005
UKR,f,60+,20,2005
UKR,m,0-4,12,2005
UKR,m,5-11,77,2005
UKR,m,12-17,66,2005
UKR,m,18-59,667,2005
UKR,m,60+,20,2005
USA,f,0-4,0,2005
USA,f,5-11,0,2005
USA,f,12-17,0,2005
USA,f,18-59,0,2005
USA,f,60+,0,2005
USA,m,0-4,0,2005
USA,m,5-11,0,2005
USA,m,12-17,0,2005
USA,m,18-59,0,2005
USA,m,60+,0,2005
USA,f,0-4,0,2005
USA,f,5-11,0,2005
USA,f,12-17,0,2005
USA,f,18-59,0,2005
USA,f,60+,0,2005
USA,m,0-4,0,2005
USA,m,5-11,0,2005
USA,m,12-17,0,2005
USA,m,18-59,0,2005
USA,m,60+,0,2005
UZB,f,0-4,20,2005
UZB,f,5-11,43,2005
UZB,f,12-17,37,2005
UZB,f,18-59,128,2005
UZB,f,60+,7,2005
UZB,m,0-4,15,2005
UZB,m,5-11,41,2005
UZB,m,12-17,34,2005
UZB,m,18-59,194,2005
UZB,m,60+,15,2005
UZB,f,0-4,31,2005
UZB,f,5-11,180,2005
UZB,f,12-17,156,2005
UZB,f,18-59,479,2005
UZB,f,60+,20,2005
UZB,m,0-4,53,2005
UZB,m,5-11,184,2005
UZB,m,12-17,159,2005
UZB,m,18-59,516,2005
UZB,m,60+,27,2005
ZAF,f,0-4,0,2005
ZAF,f,5-11,0,2005
ZAF,f,12-17,0,2005
ZAF,f,18-59,0,2005
ZAF,f,60+,0,2005
ZAF,m,0-4,0,2005
ZAF,m,5-11,0,2005
ZAF,m,12-17,0,2005
ZAF,m,18-59,0,2005
ZAF,m,60+,0,2005
ZAF,f,0-4,0,2005
ZAF,f,5-11,0,2005
ZAF,f,12-17,0,2005
ZAF,f,18-59,0,2005
ZAF,f,60+,0,2005
ZAF,m,0-4,0,2005
ZAF,m,5-11,0,2005
ZAF,m,12-17,0,2005
ZAF,m,18-59,0,2005
ZAF,m,60+,0,2005
ARE,f,0-4,0,2006
ARE,f,5-11,0,2006
ARE,f,12-17,0,2006
ARE,f,18-59,5,2006
ARE,f,60+,0,2006
ARE,m,0-4,0,2006
ARE,m,5-11,0,2006
ARE,m,12-17,0,2006
ARE,m,18-59,0,2006
ARE,m,60+,0,2006
AUS,f,0-4,0,2006
AUS,f,5-11,0,2006
AUS,f,12-17,0,2006
AUS,f,18-59,0,2006
AUS,f,60+,0,2006
AUS,m,0-4,0,2006
AUS,m,5-11,0,2006
AUS,m,12-17,0,2006
AUS,m,18-59,0,2006
AUS,m,60+,0,2006
AUS,f,0-4,0,2006
AUS,f,5-11,0,2006
AUS,f,12-17,0,2006
AUS,f,18-59,0,2006
AUS,f,60+,0,2006
AUS,m,0-4,0,2006
AUS,m,5-11,0,2006
AUS,m,12-17,0,2006
AUS,m,18-59,0,2006
AUS,m,60+,0,2006
AUT,f,0-4,0,2006
AUT,f,5-11,0,2006
AUT,f,12-17,0,2006
AUT,f,18-59,0,2006
AUT,f,60+,0,2006
AUT,m,0-4,0,2006
AUT,m,5-11,0,2006
AUT,m,12-17,0,2006
AUT,m,18-59,0,2006
AUT,m,60+,0,2006
AUT,f,0-4,0,2006
AUT,f,5-11,0,2006
AUT,f,12-17,0,2006
AUT,f,18-59,0,2006
AUT,f,60+,0,2006
AUT,m,0-4,0,2006
AUT,m,5-11,0,2006
AUT,m,12-17,0,2006
AUT,m,18-59,0,2006
AUT,m,60+,0,2006
AZE,f,0-4,5,2006
AZE,f,5-11,0,2006
AZE,f,12-17,0,2006
AZE,f,18-59,0,2006
AZE,f,60+,0,2006
AZE,m,0-4,0,2006
AZE,m,5-11,0,2006
AZE,m,12-17,0,2006
AZE,m,18-59,23,2006
AZE,m,60+,0,2006
AZE,f,0-4,13,2006
AZE,f,5-11,23,2006
AZE,f,12-17,11,2006
AZE,f,18-59,47,2006
AZE,f,60+,5,2006
AZE,m,0-4,16,2006
AZE,m,5-11,28,2006
AZE,m,12-17,9,2006
AZE,m,18-59,215,2006
AZE,m,60+,5,2006
AZE,f,0-4,5,2006
AZE,f,5-11,5,2006
AZE,f,12-17,10,2006
AZE,f,18-59,21,2006
AZE,f,60+,0,2006
AZE,m,0-4,0,2006
AZE,m,5-11,9,2006
AZE,m,12-17,10,2006
AZE,m,18-59,44,2006
AZE,m,60+,0,2006
BEL,f,0-4,0,2006
BEL,f,5-11,0,2006
BEL,f,12-17,0,2006
BEL,f,18-59,0,2006
BEL,f,60+,0,2006
BEL,m,0-4,0,2006
BEL,m,5-11,0,2006
BEL,m,12-17,0,2006
BEL,m,18-59,0,2006
BEL,m,60+,0,2006
BEL,f,0-4,0,2006
BEL,f,5-11,0,2006
BEL,f,12-17,0,2006
BEL,f,18-59,0,2006
BEL,f,60+,0,2006
BEL,m,0-4,0,2006
BEL,m,5-11,0,2006
BEL,m,12-17,0,2006
BEL,m,18-59,0,2006
BEL,m,60+,0,2006
BGR,f,0-4,0,2006
BGR,f,5-11,0,2006
BGR,f,12-17,0,2006
BGR,f,18-59,0,2006
BGR,f,60+,0,2006
BGR,m,0-4,0,2006
BGR,m,5-11,0,2006
BGR,m,12-17,0,2006
BGR,m,18-59,0,2006
BGR,m,60+,0,2006
BGR,f,0-4,0,2006
BGR,f,5-11,0,2006
BGR,f,12-17,0,2006
BGR,f,18-59,0,2006
BGR,f,60+,0,2006
BGR,m,0-4,0,2006
BGR,m,5-11,0,2006
BGR,m,12-17,0,2006
BGR,m,18-59,0,2006
BGR,m,60+,0,2006
BLR,f,0-4,0,2006
BLR,f,5-11,0,2006
BLR,f,12-17,0,2006
BLR,f,18-59,9,2006
BLR,f,60+,0,2006
BLR,m,0-4,0,2006
BLR,m,5-11,0,2006
BLR,m,12-17,0,2006
BLR,m,18-59,0,2006
BLR,m,60+,0,2006
BLR,f,0-4,11,2006
BLR,f,5-11,51,2006
BLR,f,12-17,30,2006
BLR,f,18-59,111,2006
BLR,f,60+,5,2006
BLR,m,0-4,6,2006
BLR,m,5-11,36,2006
BLR,m,12-17,21,2006
BLR,m,18-59,215,2006
BLR,m,60+,5,2006
BRA,f,0-4,0,2006
BRA,f,5-11,0,2006
BRA,f,12-17,0,2006
BRA,f,18-59,0,2006
BRA,f,60+,0,2006
BRA,m,0-4,0,2006
BRA,m,5-11,0,2006
BRA,m,12-17,0,2006
BRA,m,18-59,0,2006
BRA,m,60+,0,2006
CAN,f,0-4,0,2006
CAN,f,5-11,0,2006
CAN,f,12-17,0,2006
CAN,f,18-59,0,2006
CAN,f,60+,0,2006
CAN,m,0-4,0,2006
CAN,m,5-11,0,2006
CAN,m,12-17,0,2006
CAN,m,18-59,0,2006
CAN,m,60+,0,2006
CAN,f,0-4,0,2006
CAN,f,5-11,0,2006
CAN,f,12-17,0,2006
CAN,f,18-59,0,2006
CAN,f,60+,0,2006
CAN,m,0-4,0,2006
CAN,m,5-11,0,2006
CAN,m,12-17,0,2006
CAN,m,18-59,0,2006
CAN,m,60+,0,2006
CHE,f,0-4,0,2006
CHE,f,5-11,0,2006
CHE,f,12-17,0,2006
CHE,f,18-59,0,2006
CHE,f,60+,0,2006
CHE,m,0-4,0,2006
CHE,m,5-11,0,2006
CHE,m,12-17,0,2006
CHE,m,18-59,0,2006
CHE,m,60+,0,2006
CHE,f,0-4,0,2006
CHE,f,5-11,0,2006
CHE,f,12-17,0,2006
CHE,f,18-59,0,2006
CHE,f,60+,0,2006
CHE,m,0-4,0,2006
CHE,m,5-11,0,2006
CHE,m,12-17,0,2006
CHE,m,18-59,0,2006
CHE,m,60+,0,2006
CHL,f,0-4,0,2006
CHL,f,5-11,0,2006
CHL,f,12-17,0,2006
CHL,f,18-59,5,2006
CHL,f,60+,0,2006
CHL,m,0-4,5,2006
CHL,m,5-11,0,2006
CHL,m,12-17,0,2006
CHL,m,18-59,7,2006
CHL,m,60+,0,2006
CHN,f,0-4,0,2006
CHN,f,5-11,0,2006
CHN,f,12-17,0,2006
CHN,f,18-59,0,2006
CHN,f,60+,0,2006
CHN,m,0-4,0,2006
CHN,m,5-11,0,2006
CHN,m,12-17,7,2006
CHN,m,18-59,0,2006
CHN,m,60+,0,2006
CIV,f,0-4,0,2006
CIV,f,5-11,0,2006
CIV,f,12-17,0,2006
CIV,f,18-59,7,2006
CIV,f,60+,0,2006
CIV,m,0-4,0,2006
CIV,m,5-11,0,2006
CIV,m,12-17,0,2006
CIV,m,18-59,7,2006
CIV,m,60+,0,2006
CUB,f,0-4,0,2006
CUB,f,5-11,0,2006
CUB,f,12-17,0,2006
CUB,f,18-59,0,2006
CUB,f,60+,0,2006
CUB,m,0-4,0,2006
CUB,m,5-11,5,2006
CUB,m,12-17,0,2006
CUB,m,18-59,0,2006
CUB,m,60+,0,2006
CYP,f,0-4,0,2006
CYP,f,5-11,0,2006
CYP,f,12-17,0,2006
CYP,f,18-59,0,2006
CYP,f,60+,0,2006
CYP,m,0-4,0,2006
CYP,m,5-11,0,2006
CYP,m,12-17,0,2006
CYP,m,18-59,0,2006
CYP,m,60+,0,2006
CYP,f,0-4,0,2006
CYP,f,5-11,0,2006
CYP,f,12-17,0,2006
CYP,f,18-59,0,2006
CYP,f,60+,0,2006
CYP,m,0-4,0,2006
CYP,m,5-11,0,2006
CYP,m,12-17,0,2006
CYP,m,18-59,0,2006
CYP,m,60+,0,2006
CZE,f,0-4,0,2006
CZE,f,5-11,0,2006
CZE,f,12-17,0,2006
CZE,f,18-59,0,2006
CZE,f,60+,0,2006
CZE,m,0-4,0,2006
CZE,m,5-11,0,2006
CZE,m,12-17,0,2006
CZE,m,18-59,0,2006
CZE,m,60+,0,2006
DEU,f,0-4,0,2006
DEU,f,5-11,0,2006
DEU,f,12-17,0,2006
DEU,f,18-59,0,2006
DEU,f,60+,0,2006
DEU,m,0-4,0,2006
DEU,m,5-11,0,2006
DEU,m,12-17,0,2006
DEU,m,18-59,0,2006
DEU,m,60+,0,2006
DEU,f,0-4,0,2006
DEU,f,5-11,0,2006
DEU,f,12-17,0,2006
DEU,f,18-59,0,2006
DEU,f,60+,0,2006
DEU,m,0-4,0,2006
DEU,m,5-11,0,2006
DEU,m,12-17,0,2006
DEU,m,18-59,0,2006
DEU,m,60+,0,2006
DNK,f,0-4,0,2006
DNK,f,5-11,0,2006
DNK,f,12-17,0,2006
DNK,f,18-59,0,2006
DNK,f,60+,0,2006
DNK,m,0-4,0,2006
DNK,m,5-11,0,2006
DNK,m,12-17,0,2006
DNK,m,18-59,0,2006
DNK,m,60+,0,2006
DNK,f,0-4,0,2006
DNK,f,5-11,0,2006
DNK,f,12-17,0,2006
DNK,f,18-59,0,2006
DNK,f,60+,0,2006
DNK,m,0-4,0,2006
DNK,m,5-11,0,2006
DNK,m,12-17,0,2006
DNK,m,18-59,0,2006
DNK,m,60+,0,2006
ECU,f,0-4,0,2006
ECU,f,5-11,0,2006
ECU,f,12-17,0,2006
ECU,f,18-59,0,2006
ECU,f,60+,0,2006
ECU,m,0-4,0,2006
ECU,m,5-11,0,2006
ECU,m,12-17,0,2006
ECU,m,18-59,0,2006
ECU,m,60+,0,2006
EGY,f,0-4,0,2006
EGY,f,5-11,5,2006
EGY,f,12-17,0,2006
EGY,f,18-59,0,2006
EGY,f,60+,0,2006
EGY,m,0-4,0,2006
EGY,m,5-11,5,2006
EGY,m,12-17,0,2006
EGY,m,18-59,21,2006
EGY,m,60+,0,2006
ESP,f,0-4,0,2006
ESP,f,5-11,0,2006
ESP,f,12-17,0,2006
ESP,f,18-59,0,2006
ESP,f,60+,0,2006
ESP,m,0-4,0,2006
ESP,m,5-11,0,2006
ESP,m,12-17,0,2006
ESP,m,18-59,0,2006
ESP,m,60+,0,2006
FIN,f,0-4,0,2006
FIN,f,5-11,0,2006
FIN,f,12-17,0,2006
FIN,f,18-59,0,2006
FIN,f,60+,0,2006
FIN,m,0-4,0,2006
FIN,m,5-11,0,2006
FIN,m,12-17,0,2006
FIN,m,18-59,0,2006
FIN,m,60+,0,2006
FIN,f,0-4,0,2006
FIN,f,5-11,0,2006
FIN,f,12-17,0,2006
FIN,f,18-59,0,2006
FIN,f,60+,0,2006
FIN,m,0-4,0,2006
FIN,m,5-11,0,2006
FIN,m,12-17,0,2006
FIN,m,18-59,0,2006
FIN,m,60+,0,2006
FRA,f,0-4,0,2006
FRA,f,5-11,0,2006
FRA,f,12-17,0,2006
FRA,f,18-59,0,2006
FRA,f,60+,0,2006
FRA,m,0-4,0,2006
FRA,m,5-11,0,2006
FRA,m,12-17,0,2006
FRA,m,18-59,0,2006
FRA,m,60+,0,2006
GBR,f,0-4,0,2006
GBR,f,5-11,0,2006
GBR,f,12-17,0,2006
GBR,f,18-59,0,2006
GBR,f,60+,0,2006
GBR,m,0-4,0,2006
GBR,m,5-11,0,2006
GBR,m,12-17,0,2006
GBR,m,18-59,0,2006
GBR,m,60+,0,2006
GEO,f,0-4,0,2006
GEO,f,5-11,0,2006
GEO,f,12-17,0,2006
GEO,f,18-59,0,2006
GEO,f,60+,0,2006
GEO,m,0-4,0,2006
GEO,m,5-11,0,2006
GEO,m,12-17,5,2006
GEO,m,18-59,0,2006
GEO,m,60+,0,2006
GRC,f,0-4,0,2006
GRC,f,5-11,0,2006
GRC,f,12-17,5,2006
GRC,f,18-59,0,2006
GRC,f,60+,0,2006
GRC,m,0-4,0,2006
GRC,m,5-11,0,2006
GRC,m,12-17,159,2006
GRC,m,18-59,334,2006
GRC,m,60+,0,2006
GRC,f,0-4,0,2006
GRC,f,5-11,0,2006
GRC,f,12-17,0,2006
GRC,f,18-59,0,2006
GRC,f,60+,0,2006
GRC,m,0-4,0,2006
GRC,m,5-11,0,2006
GRC,m,12-17,0,2006
GRC,m,18-59,0,2006
GRC,m,60+,0,2006
HUN,f,0-4,0,2006
HUN,f,5-11,0,2006
HUN,f,12-17,0,2006
HUN,f,18-59,0,2006
HUN,f,60+,0,2006
HUN,m,0-4,0,2006
HUN,m,5-11,0,2006
HUN,m,12-17,0,2006
HUN,m,18-59,0,2006
HUN,m,60+,0,2006
HUN,f,0-4,0,2006
HUN,f,5-11,0,2006
HUN,f,12-17,0,2006
HUN,f,18-59,0,2006
HUN,f,60+,0,2006
HUN,m,0-4,0,2006
HUN,m,5-11,0,2006
HUN,m,12-17,0,2006
HUN,m,18-59,0,2006
HUN,m,60+,0,2006
IDN,f,0-4,0,2006
IDN,f,5-11,0,2006
IDN,f,12-17,0,2006
IDN,f,18-59,0,2006
IDN,f,60+,0,2006
IDN,m,0-4,0,2006
IDN,m,5-11,0,2006
IDN,m,12-17,0,2006
IDN,m,18-59,10,2006
IDN,m,60+,0,2006
IDN,f,0-4,0,2006
IDN,f,5-11,9,2006
IDN,f,12-17,0,2006
IDN,f,18-59,7,2006
IDN,f,60+,0,2006
IDN,m,0-4,0,2006
IDN,m,5-11,10,2006
IDN,m,12-17,17,2006
IDN,m,18-59,22,2006
IDN,m,60+,0,2006
IND,f,0-4,5,2006
IND,f,5-11,10,2006
IND,f,12-17,8,2006
IND,f,18-59,40,2006
IND,f,60+,0,2006
IND,m,0-4,9,2006
IND,m,5-11,9,2006
IND,m,12-17,14,2006
IND,m,18-59,42,2006
IND,m,60+,0,2006
IND,f,0-4,199,2006
IND,f,5-11,408,2006
IND,f,12-17,927,2006
IND,f,18-59,3338,2006
IND,f,60+,300,2006
IND,m,0-4,220,2006
IND,m,5-11,524,2006
IND,m,12-17,948,2006
IND,m,18-59,2333,2006
IND,m,60+,275,2006
IRL,f,0-4,0,2006
IRL,f,5-11,0,2006
IRL,f,12-17,0,2006
IRL,f,18-59,0,2006
IRL,f,60+,0,2006
IRL,m,0-4,0,2006
IRL,m,5-11,0,2006
IRL,m,12-17,0,2006
IRL,m,18-59,0,2006
IRL,m,60+,0,2006
IRL,f,0-4,0,2006
IRL,f,5-11,0,2006
IRL,f,12-17,0,2006
IRL,f,18-59,0,2006
IRL,f,60+,0,2006
IRL,m,0-4,0,2006
IRL,m,5-11,0,2006
IRL,m,12-17,0,2006
IRL,m,18-59,0,2006
IRL,m,60+,0,2006
IRN,f,0-4,24,2006
IRN,f,5-11,58,2006
IRN,f,12-17,49,2006
IRN,f,18-59,123,2006
IRN,f,60+,0,2006
IRN,m,0-4,36,2006
IRN,m,5-11,61,2006
IRN,m,12-17,48,2006
IRN,m,18-59,122,2006
IRN,m,60+,5,2006
IRN,f,0-4,32349,2006
IRN,f,5-11,111685,2006
IRN,f,12-17,8060,2006
IRN,f,18-59,202036,2006
IRN,f,60+,11888,2006
IRN,m,0-4,34535,2006
IRN,m,5-11,121070,2006
IRN,m,12-17,89819,2006
IRN,m,18-59,282660,2006
IRN,m,60+,20158,2006
ITA,f,0-4,0,2006
ITA,f,5-11,0,2006
ITA,f,12-17,0,2006
ITA,f,18-59,0,2006
ITA,f,60+,0,2006
ITA,m,0-4,0,2006
ITA,m,5-11,0,2006
ITA,m,12-17,0,2006
ITA,m,18-59,0,2006
ITA,m,60+,0,2006
JPN,f,0-4,0,2006
JPN,f,5-11,0,2006
JPN,f,12-17,0,2006
JPN,f,18-59,0,2006
JPN,f,60+,0,2006
JPN,m,0-4,0,2006
JPN,m,5-11,0,2006
JPN,m,12-17,0,2006
JPN,m,18-59,0,2006
JPN,m,60+,0,2006
JPN,f,0-4,0,2006
JPN,f,5-11,0,2006
JPN,f,12-17,0,2006
JPN,f,18-59,0,2006
JPN,f,60+,0,2006
JPN,m,0-4,0,2006
JPN,m,5-11,0,2006
JPN,m,12-17,0,2006
JPN,m,18-59,0,2006
JPN,m,60+,0,2006
KAZ,f,0-4,0,2006
KAZ,f,5-11,0,2006
KAZ,f,12-17,0,2006
KAZ,f,18-59,0,2006
KAZ,f,60+,0,2006
KAZ,m,0-4,0,2006
KAZ,m,5-11,0,2006
KAZ,m,12-17,0,2006
KAZ,m,18-59,0,2006
KAZ,m,60+,0,2006
KAZ,f,0-4,41,2006
KAZ,f,5-11,0,2006
KAZ,f,12-17,72,2006
KAZ,f,18-59,143,2006
KAZ,f,60+,0,2006
KAZ,m,0-4,41,2006
KAZ,m,5-11,0,2006
KAZ,m,12-17,64,2006
KAZ,m,18-59,227,2006
KAZ,m,60+,0,2006
KGZ,f,0-4,15,2006
KGZ,f,5-11,7,2006
KGZ,f,12-17,13,2006
KGZ,f,18-59,39,2006
KGZ,f,60+,0,2006
KGZ,m,0-4,5,2006
KGZ,m,5-11,9,2006
KGZ,m,12-17,21,2006
KGZ,m,18-59,92,2006
KGZ,m,60+,0,2006
KGZ,f,0-4,6,2006
KGZ,f,5-11,10,2006
KGZ,f,12-17,24,2006
KGZ,f,18-59,69,2006
KGZ,f,60+,5,2006
KGZ,m,0-4,0,2006
KGZ,m,5-11,12,2006
KGZ,m,12-17,31,2006
KGZ,m,18-59,93,2006
KGZ,m,60+,6,2006
KWT,f,0-4,0,2006
KWT,f,5-11,9,2006
KWT,f,12-17,6,2006
KWT,f,18-59,10,2006
KWT,f,60+,0,2006
KWT,m,0-4,0,2006
KWT,m,5-11,5,2006
KWT,m,12-17,5,2006
KWT,m,18-59,9,2006
KWT,m,60+,0,2006
LBN,f,0-4,0,2006
LBN,f,5-11,0,2006
LBN,f,12-17,0,2006
LBN,f,18-59,0,2006
LBN,f,60+,0,2006
LBN,m,0-4,0,2006
LBN,m,5-11,0,2006
LBN,m,12-17,0,2006
LBN,m,18-59,6,2006
LBN,m,60+,0,2006
LKA,f,0-4,0,2006
LKA,f,5-11,0,2006
LKA,f,12-17,0,2006
LKA,f,18-59,5,2006
LKA,f,60+,0,2006
LKA,m,0-4,0,2006
LKA,m,5-11,0,2006
LKA,m,12-17,0,2006
LKA,m,18-59,0,2006
LKA,m,60+,0,2006
LTU,f,0-4,0,2006
LTU,f,5-11,0,2006
LTU,f,12-17,0,2006
LTU,f,18-59,0,2006
LTU,f,60+,0,2006
LTU,m,0-4,0,2006
LTU,m,5-11,0,2006
LTU,m,12-17,0,2006
LTU,m,18-59,0,2006
LTU,m,60+,0,2006
MDA,f,0-4,0,2006
MDA,f,5-11,0,2006
MDA,f,12-17,5,2006
MDA,f,18-59,0,2006
MDA,f,60+,0,2006
MDA,m,0-4,0,2006
MDA,m,5-11,0,2006
MDA,m,12-17,0,2006
MDA,m,18-59,7,2006
MDA,m,60+,0,2006
MLT,f,0-4,0,2006
MLT,f,5-11,0,2006
MLT,f,12-17,0,2006
MLT,f,18-59,0,2006
MLT,f,60+,0,2006
MLT,m,0-4,0,2006
MLT,m,5-11,0,2006
MLT,m,12-17,0,2006
MLT,m,18-59,0,2006
MLT,m,60+,0,2006
MYS,f,0-4,0,2006
MYS,f,5-11,0,2006
MYS,f,12-17,0,2006
MYS,f,18-59,5,2006
MYS,f,60+,0,2006
MYS,m,0-4,0,2006
MYS,m,5-11,0,2006
MYS,m,12-17,5,2006
MYS,m,18-59,20,2006
MYS,m,60+,0,2006
MYS,f,0-4,0,2006
MYS,f,5-11,0,2006
MYS,f,12-17,7,2006
MYS,f,18-59,11,2006
MYS,f,60+,0,2006
MYS,m,0-4,5,2006
MYS,m,5-11,0,2006
MYS,m,12-17,5,2006
MYS,m,18-59,27,2006
MYS,m,60+,0,2006
NLD,f,0-4,0,2006
NLD,f,5-11,0,2006
NLD,f,12-17,0,2006
NLD,f,18-59,0,2006
NLD,f,60+,0,2006
NLD,m,0-4,0,2006
NLD,m,5-11,0,2006
NLD,m,12-17,0,2006
NLD,m,18-59,0,2006
NLD,m,60+,0,2006
NLD,f,0-4,0,2006
NLD,f,5-11,0,2006
NLD,f,12-17,0,2006
NLD,f,18-59,0,2006
NLD,f,60+,0,2006
NLD,m,0-4,0,2006
NLD,m,5-11,0,2006
NLD,m,12-17,0,2006
NLD,m,18-59,0,2006
NLD,m,60+,0,2006
NOR,f,0-4,0,2006
NOR,f,5-11,0,2006
NOR,f,12-17,0,2006
NOR,f,18-59,0,2006
NOR,f,60+,0,2006
NOR,m,0-4,0,2006
NOR,m,5-11,0,2006
NOR,m,12-17,0,2006
NOR,m,18-59,0,2006
NOR,m,60+,0,2006
NOR,f,0-4,0,2006
NOR,f,5-11,0,2006
NOR,f,12-17,0,2006
NOR,f,18-59,0,2006
NOR,f,60+,0,2006
NOR,m,0-4,0,2006
NOR,m,5-11,0,2006
NOR,m,12-17,0,2006
NOR,m,18-59,0,2006
NOR,m,60+,0,2006
NZL,f,0-4,0,2006
NZL,f,5-11,0,2006
NZL,f,12-17,0,2006
NZL,f,18-59,0,2006
NZL,f,60+,0,2006
NZL,m,0-4,0,2006
NZL,m,5-11,0,2006
NZL,m,12-17,0,2006
NZL,m,18-59,0,2006
NZL,m,60+,0,2006
PAK,f,0-4,135,2006
PAK,f,5-11,270,2006
PAK,f,12-17,144,2006
PAK,f,18-59,414,2006
PAK,f,60+,20,2006
PAK,m,0-4,137,2006
PAK,m,5-11,293,2006
PAK,m,12-17,170,2006
PAK,m,18-59,466,2006
PAK,m,60+,42,2006
PAK,f,0-4,0,2006
PAK,f,5-11,0,2006
PAK,f,12-17,0,2006
PAK,f,18-59,0,2006
PAK,f,60+,0,2006
PAK,m,0-4,0,2006
PAK,m,5-11,0,2006
PAK,m,12-17,0,2006
PAK,m,18-59,0,2006
PAK,m,60+,0,2006
POL,f,0-4,0,2006
POL,f,5-11,0,2006
POL,f,12-17,0,2006
POL,f,18-59,0,2006
POL,f,60+,0,2006
POL,m,0-4,0,2006
POL,m,5-11,0,2006
POL,m,12-17,0,2006
POL,m,18-59,0,2006
POL,m,60+,0,2006
PRT,f,0-4,0,2006
PRT,f,5-11,0,2006
PRT,f,12-17,0,2006
PRT,f,18-59,0,2006
PRT,f,60+,0,2006
PRT,m,0-4,0,2006
PRT,m,5-11,0,2006
PRT,m,12-17,0,2006
PRT,m,18-59,0,2006
PRT,m,60+,0,2006
QAT,f,0-4,0,2006
QAT,f,5-11,0,2006
QAT,f,12-17,0,2006
QAT,f,18-59,0,2006
QAT,f,60+,0,2006
QAT,m,0-4,0,2006
QAT,m,5-11,0,2006
QAT,m,12-17,0,2006
QAT,m,18-59,40,2006
QAT,m,60+,0,2006
ROU,f,0-4,0,2006
ROU,f,5-11,0,2006
ROU,f,12-17,0,2006
ROU,f,18-59,5,2006
ROU,f,60+,0,2006
ROU,m,0-4,0,2006
ROU,m,5-11,0,2006
ROU,m,12-17,0,2006
ROU,m,18-59,5,2006
ROU,m,60+,0,2006
RUS,f,0-4,0,2006
RUS,f,5-11,0,2006
RUS,f,12-17,0,2006
RUS,f,18-59,0,2006
RUS,f,60+,0,2006
RUS,m,0-4,0,2006
RUS,m,5-11,0,2006
RUS,m,12-17,0,2006
RUS,m,18-59,0,2006
RUS,m,60+,0,2006
RUS,f,0-4,0,2006
RUS,f,5-11,0,2006
RUS,f,12-17,0,2006
RUS,f,18-59,0,2006
RUS,f,60+,0,2006
RUS,m,0-4,0,2006
RUS,m,5-11,0,2006
RUS,m,12-17,0,2006
RUS,m,18-59,0,2006
RUS,m,60+,0,2006
RUS,f,0-4,0,2006
RUS,f,5-11,0,2006
RUS,f,12-17,0,2006
RUS,f,18-59,0,2006
RUS,f,60+,0,2006
RUS,m,0-4,0,2006
RUS,m,5-11,0,2006
RUS,m,12-17,0,2006
RUS,m,18-59,0,2006
RUS,m,60+,0,2006
SAU,f,0-4,0,2006
SAU,f,5-11,0,2006
SAU,f,12-17,0,2006
SAU,f,18-59,5,2006
SAU,f,60+,0,2006
SAU,m,0-4,0,2006
SAU,m,5-11,0,2006
SAU,m,12-17,0,2006
SAU,m,18-59,5,2006
SAU,m,60+,0,2006
SVK,f,0-4,0,2006
SVK,f,5-11,0,2006
SVK,f,12-17,0,2006
SVK,f,18-59,0,2006
SVK,f,60+,0,2006
SVK,m,0-4,0,2006
SVK,m,5-11,0,2006
SVK,m,12-17,0,2006
SVK,m,18-59,0,2006
SVK,m,60+,0,2006
SVK,f,0-4,0,2006
SVK,f,5-11,0,2006
SVK,f,12-17,0,2006
SVK,f,18-59,0,2006
SVK,f,60+,0,2006
SVK,m,0-4,0,2006
SVK,m,5-11,0,2006
SVK,m,12-17,0,2006
SVK,m,18-59,0,2006
SVK,m,60+,0,2006
SWE,f,0-4,0,2006
SWE,f,5-11,0,2006
SWE,f,12-17,0,2006
SWE,f,18-59,0,2006
SWE,f,60+,0,2006
SWE,m,0-4,0,2006
SWE,m,5-11,0,2006
SWE,m,12-17,0,2006
SWE,m,18-59,0,2006
SWE,m,60+,0,2006
SWE,f,0-4,0,2006
SWE,f,5-11,0,2006
SWE,f,12-17,0,2006
SWE,f,18-59,0,2006
SWE,f,60+,0,2006
SWE,m,0-4,0,2006
SWE,m,5-11,0,2006
SWE,m,12-17,0,2006
SWE,m,18-59,0,2006
SWE,m,60+,0,2006
SYR,f,0-4,12,2006
SYR,f,5-11,27,2006
SYR,f,12-17,31,2006
SYR,f,18-59,66,2006
SYR,f,60+,0,2006
SYR,m,0-4,16,2006
SYR,m,5-11,44,2006
SYR,m,12-17,42,2006
SYR,m,18-59,112,2006
SYR,m,60+,5,2006
SYR,f,0-4,14,2006
SYR,f,5-11,26,2006
SYR,f,12-17,28,2006
SYR,f,18-59,71,2006
SYR,f,60+,8,2006
SYR,m,0-4,11,2006
SYR,m,5-11,32,2006
SYR,m,12-17,22,2006
SYR,m,18-59,71,2006
SYR,m,60+,16,2006
TJK,f,0-4,0,2006
TJK,f,5-11,0,2006
TJK,f,12-17,0,2006
TJK,f,18-59,0,2006
TJK,f,60+,0,2006
TJK,m,0-4,0,2006
TJK,m,5-11,0,2006
TJK,m,12-17,0,2006
TJK,m,18-59,0,2006
TJK,m,60+,0,2006
TJK,f,0-4,0,2006
TJK,f,5-11,0,2006
TJK,f,12-17,10,2006
TJK,f,18-59,15,2006
TJK,f,60+,0,2006
TJK,m,0-4,0,2006
TJK,m,5-11,9,2006
TJK,m,12-17,0,2006
TJK,m,18-59,6,2006
TJK,m,60+,5,2006
TKM,f,0-4,36,2006
TKM,f,5-11,74,2006
TKM,f,12-17,61,2006
TKM,f,18-59,159,2006
TKM,f,60+,16,2006
TKM,m,0-4,35,2006
TKM,m,5-11,63,2006
TKM,m,12-17,59,2006
TKM,m,18-59,188,2006
TKM,m,60+,19,2006
TUR,f,0-4,10,2006
TUR,f,5-11,35,2006
TUR,f,12-17,46,2006
TUR,f,18-59,61,2006
TUR,f,60+,0,2006
TUR,m,0-4,17,2006
TUR,m,5-11,23,2006
TUR,m,12-17,43,2006
TUR,m,18-59,103,2006
TUR,m,60+,0,2006
TUR,f,0-4,10,2006
TUR,f,5-11,15,2006
TUR,f,12-17,9,2006
TUR,f,18-59,11,2006
TUR,f,60+,0,2006
TUR,m,0-4,0,2006
TUR,m,5-11,0,2006
TUR,m,12-17,18,2006
TUR,m,18-59,12,2006
TUR,m,60+,0,2006
UKR,f,0-4,0,2006
UKR,f,5-11,0,2006
UKR,f,12-17,0,2006
UKR,f,18-59,0,2006
UKR,f,60+,0,2006
UKR,m,0-4,0,2006
UKR,m,5-11,0,2006
UKR,m,12-17,0,2006
UKR,m,18-59,0,2006
UKR,m,60+,0,2006
UKR,f,0-4,0,2006
UKR,f,5-11,0,2006
UKR,f,12-17,0,2006
UKR,f,18-59,0,2006
UKR,f,60+,0,2006
UKR,m,0-4,0,2006
UKR,m,5-11,0,2006
UKR,m,12-17,0,2006
UKR,m,18-59,0,2006
UKR,m,60+,0,2006
USA,f,0-4,0,2006
USA,f,5-11,0,2006
USA,f,12-17,0,2006
USA,f,18-59,0,2006
USA,f,60+,0,2006
USA,m,0-4,0,2006
USA,m,5-11,0,2006
USA,m,12-17,0,2006
USA,m,18-59,0,2006
USA,m,60+,0,2006
USA,f,0-4,0,2006
USA,f,5-11,0,2006
USA,f,12-17,0,2006
USA,f,18-59,0,2006
USA,f,60+,0,2006
USA,m,0-4,0,2006
USA,m,5-11,0,2006
USA,m,12-17,0,2006
USA,m,18-59,0,2006
USA,m,60+,0,2006
UZB,f,0-4,0,2006
UZB,f,5-11,0,2006
UZB,f,12-17,0,2006
UZB,f,18-59,0,2006
UZB,f,60+,0,2006
UZB,m,0-4,0,2006
UZB,m,5-11,0,2006
UZB,m,12-17,0,2006
UZB,m,18-59,0,2006
UZB,m,60+,0,2006
ZAF,f,0-4,0,2006
ZAF,f,5-11,0,2006
ZAF,f,12-17,0,2006
ZAF,f,18-59,0,2006
ZAF,f,60+,0,2006
ZAF,m,0-4,0,2006
ZAF,m,5-11,0,2006
ZAF,m,12-17,0,2006
ZAF,m,18-59,0,2006
ZAF,m,60+,0,2006
ARE,f,0-4,0,2007
ARE,f,5-11,0,2007
ARE,f,12-17,0,2007
ARE,f,18-59,5,2007
ARE,f,60+,0,2007
ARE,m,0-4,0,2007
ARE,m,5-11,0,2007
ARE,m,12-17,0,2007
ARE,m,18-59,0,2007
ARE,m,60+,0,2007
AUS,f,0-4,0,2007
AUS,f,5-11,0,2007
AUS,f,12-17,0,2007
AUS,f,18-59,0,2007
AUS,f,60+,0,2007
AUS,m,0-4,0,2007
AUS,m,5-11,0,2007
AUS,m,12-17,0,2007
AUS,m,18-59,0,2007
AUS,m,60+,0,2007
AUS,f,0-4,0,2007
AUS,f,5-11,0,2007
AUS,f,12-17,0,2007
AUS,f,18-59,0,2007
AUS,f,60+,0,2007
AUS,m,0-4,0,2007
AUS,m,5-11,0,2007
AUS,m,12-17,0,2007
AUS,m,18-59,0,2007
AUS,m,60+,0,2007
AUT,f,0-4,0,2007
AUT,f,5-11,0,2007
AUT,f,12-17,0,2007
AUT,f,18-59,0,2007
AUT,f,60+,0,2007
AUT,m,0-4,0,2007
AUT,m,5-11,0,2007
AUT,m,12-17,0,2007
AUT,m,18-59,0,2007
AUT,m,60+,0,2007
AUT,f,0-4,0,2007
AUT,f,5-11,0,2007
AUT,f,12-17,0,2007
AUT,f,18-59,0,2007
AUT,f,60+,0,2007
AUT,m,0-4,0,2007
AUT,m,5-11,0,2007
AUT,m,12-17,0,2007
AUT,m,18-59,0,2007
AUT,m,60+,0,2007
AZE,f,0-4,6,2007
AZE,f,5-11,0,2007
AZE,f,12-17,0,2007
AZE,f,18-59,8,2007
AZE,f,60+,0,2007
AZE,m,0-4,0,2007
AZE,m,5-11,5,2007
AZE,m,12-17,7,2007
AZE,m,18-59,17,2007
AZE,m,60+,0,2007
AZE,f,0-4,13,2007
AZE,f,5-11,24,2007
AZE,f,12-17,12,2007
AZE,f,18-59,58,2007
AZE,f,60+,5,2007
AZE,m,0-4,16,2007
AZE,m,5-11,31,2007
AZE,m,12-17,13,2007
AZE,m,18-59,234,2007
AZE,m,60+,5,2007
AZE,f,0-4,5,2007
AZE,f,5-11,6,2007
AZE,f,12-17,10,2007
AZE,f,18-59,25,2007
AZE,f,60+,0,2007
AZE,m,0-4,5,2007
AZE,m,5-11,7,2007
AZE,m,12-17,5,2007
AZE,m,18-59,45,2007
AZE,m,60+,0,2007
BEL,f,0-4,0,2007
BEL,f,5-11,0,2007
BEL,f,12-17,0,2007
BEL,f,18-59,0,2007
BEL,f,60+,0,2007
BEL,m,0-4,0,2007
BEL,m,5-11,0,2007
BEL,m,12-17,0,2007
BEL,m,18-59,0,2007
BEL,m,60+,0,2007
BGR,f,0-4,0,2007
BGR,f,5-11,0,2007
BGR,f,12-17,0,2007
BGR,f,18-59,5,2007
BGR,f,60+,0,2007
BGR,m,0-4,5,2007
BGR,m,5-11,0,2007
BGR,m,12-17,11,2007
BGR,m,18-59,56,2007
BGR,m,60+,0,2007
BGR,f,0-4,0,2007
BGR,f,5-11,0,2007
BGR,f,12-17,0,2007
BGR,f,18-59,0,2007
BGR,f,60+,0,2007
BGR,m,0-4,0,2007
BGR,m,5-11,0,2007
BGR,m,12-17,0,2007
BGR,m,18-59,0,2007
BGR,m,60+,0,2007
BLR,f,0-4,0,2007
BLR,f,5-11,0,2007
BLR,f,12-17,0,2007
BLR,f,18-59,0,2007
BLR,f,60+,0,2007
BLR,m,0-4,0,2007
BLR,m,5-11,0,2007
BLR,m,12-17,0,2007
BLR,m,18-59,0,2007
BLR,m,60+,0,2007
BLR,f,0-4,9,2007
BLR,f,5-11,44,2007
BLR,f,12-17,23,2007
BLR,f,18-59,97,2007
BLR,f,60+,5,2007
BLR,m,0-4,6,2007
BLR,m,5-11,38,2007
BLR,m,12-17,27,2007
BLR,m,18-59,200,2007
BLR,m,60+,5,2007
BRA,f,0-4,0,2007
BRA,f,5-11,0,2007
BRA,f,12-17,0,2007
BRA,f,18-59,0,2007
BRA,f,60+,0,2007
BRA,m,0-4,0,2007
BRA,m,5-11,0,2007
BRA,m,12-17,0,2007
BRA,m,18-59,5,2007
BRA,m,60+,0,2007
CAN,f,0-4,9,2007
CAN,f,5-11,25,2007
CAN,f,12-17,27,2007
CAN,f,18-59,93,2007
CAN,f,60+,8,2007
CAN,m,0-4,26,2007
CAN,m,5-11,34,2007
CAN,m,12-17,31,2007
CAN,m,18-59,141,2007
CAN,m,60+,5,2007
CAN,f,0-4,0,2007
CAN,f,5-11,0,2007
CAN,f,12-17,0,2007
CAN,f,18-59,0,2007
CAN,f,60+,0,2007
CAN,m,0-4,0,2007
CAN,m,5-11,0,2007
CAN,m,12-17,0,2007
CAN,m,18-59,0,2007
CAN,m,60+,0,2007
CHE,f,0-4,9,2007
CHE,f,5-11,12,2007
CHE,f,12-17,5,2007
CHE,f,18-59,28,2007
CHE,f,60+,0,2007
CHE,m,0-4,13,2007
CHE,m,5-11,13,2007
CHE,m,12-17,22,2007
CHE,m,18-59,149,2007
CHE,m,60+,0,2007
CHE,f,0-4,31,2007
CHE,f,5-11,59,2007
CHE,f,12-17,46,2007
CHE,f,18-59,141,2007
CHE,f,60+,23,2007
CHE,m,0-4,21,2007
CHE,m,5-11,55,2007
CHE,m,12-17,56,2007
CHE,m,18-59,322,2007
CHE,m,60+,16,2007
CHL,f,0-4,0,2007
CHL,f,5-11,0,2007
CHL,f,12-17,0,2007
CHL,f,18-59,5,2007
CHL,f,60+,0,2007
CHL,m,0-4,5,2007
CHL,m,5-11,0,2007
CHL,m,12-17,0,2007
CHL,m,18-59,7,2007
CHL,m,60+,0,2007
CHN,f,0-4,0,2007
CHN,f,5-11,0,2007
CHN,f,12-17,0,2007
CHN,f,18-59,0,2007
CHN,f,60+,0,2007
CHN,m,0-4,0,2007
CHN,m,5-11,0,2007
CHN,m,12-17,7,2007
CHN,m,18-59,0,2007
CHN,m,60+,0,2007
CIV,f,0-4,0,2007
CIV,f,5-11,0,2007
CIV,f,12-17,0,2007
CIV,f,18-59,7,2007
CIV,f,60+,0,2007
CIV,m,0-4,0,2007
CIV,m,5-11,0,2007
CIV,m,12-17,0,2007
CIV,m,18-59,7,2007
CIV,m,60+,0,2007
CYP,f,0-4,0,2007
CYP,f,5-11,0,2007
CYP,f,12-17,0,2007
CYP,f,18-59,0,2007
CYP,f,60+,0,2007
CYP,m,0-4,0,2007
CYP,m,5-11,0,2007
CYP,m,12-17,0,2007
CYP,m,18-59,0,2007
CYP,m,60+,0,2007
CYP,f,0-4,0,2007
CYP,f,5-11,0,2007
CYP,f,12-17,0,2007
CYP,f,18-59,0,2007
CYP,f,60+,0,2007
CYP,m,0-4,0,2007
CYP,m,5-11,0,2007
CYP,m,12-17,0,2007
CYP,m,18-59,0,2007
CYP,m,60+,0,2007
CZE,f,0-4,0,2007
CZE,f,5-11,0,2007
CZE,f,12-17,0,2007
CZE,f,18-59,0,2007
CZE,f,60+,0,2007
CZE,m,0-4,0,2007
CZE,m,5-11,0,2007
CZE,m,12-17,0,2007
CZE,m,18-59,0,2007
CZE,m,60+,0,2007
CZE,f,0-4,0,2007
CZE,f,5-11,0,2007
CZE,f,12-17,0,2007
CZE,f,18-59,0,2007
CZE,f,60+,0,2007
CZE,m,0-4,0,2007
CZE,m,5-11,0,2007
CZE,m,12-17,0,2007
CZE,m,18-59,0,2007
CZE,m,60+,0,2007
DEU,f,0-4,0,2007
DEU,f,5-11,0,2007
DEU,f,12-17,0,2007
DEU,f,18-59,0,2007
DEU,f,60+,0,2007
DEU,m,0-4,0,2007
DEU,m,5-11,0,2007
DEU,m,12-17,0,2007
DEU,m,18-59,0,2007
DEU,m,60+,0,2007
DEU,f,0-4,0,2007
DEU,f,5-11,0,2007
DEU,f,12-17,0,2007
DEU,f,18-59,0,2007
DEU,f,60+,0,2007
DEU,m,0-4,0,2007
DEU,m,5-11,0,2007
DEU,m,12-17,0,2007
DEU,m,18-59,0,2007
DEU,m,60+,0,2007
DNK,f,0-4,0,2007
DNK,f,5-11,0,2007
DNK,f,12-17,0,2007
DNK,f,18-59,0,2007
DNK,f,60+,0,2007
DNK,m,0-4,0,2007
DNK,m,5-11,0,2007
DNK,m,12-17,0,2007
DNK,m,18-59,0,2007
DNK,m,60+,0,2007
DNK,f,0-4,0,2007
DNK,f,5-11,0,2007
DNK,f,12-17,0,2007
DNK,f,18-59,0,2007
DNK,f,60+,0,2007
DNK,m,0-4,0,2007
DNK,m,5-11,0,2007
DNK,m,12-17,0,2007
DNK,m,18-59,0,2007
DNK,m,60+,0,2007
ECU,f,0-4,0,2007
ECU,f,5-11,0,2007
ECU,f,12-17,0,2007
ECU,f,18-59,8,2007
ECU,f,60+,0,2007
ECU,m,0-4,0,2007
ECU,m,5-11,0,2007
ECU,m,12-17,5,2007
ECU,m,18-59,7,2007
ECU,m,60+,0,2007
ECU,f,0-4,0,2007
ECU,f,5-11,9,2007
ECU,f,12-17,0,2007
ECU,f,18-59,21,2007
ECU,f,60+,0,2007
ECU,m,0-4,0,2007
ECU,m,5-11,0,2007
ECU,m,12-17,9,2007
ECU,m,18-59,25,2007
ECU,m,60+,5,2007
EGY,f,0-4,0,2007
EGY,f,5-11,0,2007
EGY,f,12-17,0,2007
EGY,f,18-59,0,2007
EGY,f,60+,0,2007
EGY,m,0-4,0,2007
EGY,m,5-11,5,2007
EGY,m,12-17,0,2007
EGY,m,18-59,23,2007
EGY,m,60+,0,2007
ESP,f,0-4,0,2007
ESP,f,5-11,0,2007
ESP,f,12-17,0,2007
ESP,f,18-59,0,2007
ESP,f,60+,0,2007
ESP,m,0-4,0,2007
ESP,m,5-11,0,2007
ESP,m,12-17,0,2007
ESP,m,18-59,0,2007
ESP,m,60+,0,2007
EST,f,0-4,0,2007
EST,f,5-11,0,2007
EST,f,12-17,0,2007
EST,f,18-59,0,2007
EST,f,60+,0,2007
EST,m,0-4,0,2007
EST,m,5-11,0,2007
EST,m,12-17,0,2007
EST,m,18-59,6,2007
EST,m,60+,0,2007
FIN,f,0-4,0,2007
FIN,f,5-11,0,2007
FIN,f,12-17,0,2007
FIN,f,18-59,0,2007
FIN,f,60+,0,2007
FIN,m,0-4,0,2007
FIN,m,5-11,0,2007
FIN,m,12-17,0,2007
FIN,m,18-59,0,2007
FIN,m,60+,0,2007
FIN,f,0-4,0,2007
FIN,f,5-11,0,2007
FIN,f,12-17,0,2007
FIN,f,18-59,0,2007
FIN,f,60+,0,2007
FIN,m,0-4,0,2007
FIN,m,5-11,0,2007
FIN,m,12-17,0,2007
FIN,m,18-59,0,2007
FIN,m,60+,0,2007
FRA,f,0-4,0,2007
FRA,f,5-11,0,2007
FRA,f,12-17,0,2007
FRA,f,18-59,0,2007
FRA,f,60+,0,2007
FRA,m,0-4,0,2007
FRA,m,5-11,0,2007
FRA,m,12-17,0,2007
FRA,m,18-59,0,2007
FRA,m,60+,0,2007
GBR,f,0-4,0,2007
GBR,f,5-11,0,2007
GBR,f,12-17,0,2007
GBR,f,18-59,0,2007
GBR,f,60+,0,2007
GBR,m,0-4,0,2007
GBR,m,5-11,0,2007
GBR,m,12-17,0,2007
GBR,m,18-59,0,2007
GBR,m,60+,0,2007
GEO,f,0-4,0,2007
GEO,f,5-11,0,2007
GEO,f,12-17,0,2007
GEO,f,18-59,0,2007
GEO,f,60+,0,2007
GEO,m,0-4,0,2007
GEO,m,5-11,0,2007
GEO,m,12-17,5,2007
GEO,m,18-59,0,2007
GEO,m,60+,0,2007
GRC,f,0-4,0,2007
GRC,f,5-11,0,2007
GRC,f,12-17,0,2007
GRC,f,18-59,0,2007
GRC,f,60+,0,2007
GRC,m,0-4,0,2007
GRC,m,5-11,0,2007
GRC,m,12-17,0,2007
GRC,m,18-59,0,2007
GRC,m,60+,0,2007
GRC,f,0-4,0,2007
GRC,f,5-11,0,2007
GRC,f,12-17,0,2007
GRC,f,18-59,0,2007
GRC,f,60+,0,2007
GRC,m,0-4,0,2007
GRC,m,5-11,0,2007
GRC,m,12-17,0,2007
GRC,m,18-59,0,2007
GRC,m,60+,0,2007
HKG,f,0-4,0,2007
HKG,f,5-11,0,2007
HKG,f,12-17,0,2007
HKG,f,18-59,0,2007
HKG,f,60+,0,2007
HKG,m,0-4,0,2007
HKG,m,5-11,0,2007
HKG,m,12-17,0,2007
HKG,m,18-59,5,2007
HKG,m,60+,0,2007
HUN,f,0-4,0,2007
HUN,f,5-11,0,2007
HUN,f,12-17,0,2007
HUN,f,18-59,0,2007
HUN,f,60+,0,2007
HUN,m,0-4,0,2007
HUN,m,5-11,0,2007
HUN,m,12-17,0,2007
HUN,m,18-59,0,2007
HUN,m,60+,0,2007
HUN,f,0-4,0,2007
HUN,f,5-11,0,2007
HUN,f,12-17,0,2007
HUN,f,18-59,0,2007
HUN,f,60+,0,2007
HUN,m,0-4,0,2007
HUN,m,5-11,0,2007
HUN,m,12-17,0,2007
HUN,m,18-59,0,2007
HUN,m,60+,0,2007
IDN,f,0-4,0,2007
IDN,f,5-11,0,2007
IDN,f,12-17,0,2007
IDN,f,18-59,0,2007
IDN,f,60+,0,2007
IDN,m,0-4,0,2007
IDN,m,5-11,0,2007
IDN,m,12-17,5,2007
IDN,m,18-59,7,2007
IDN,m,60+,0,2007
IDN,f,0-4,0,2007
IDN,f,5-11,6,2007
IDN,f,12-17,0,2007
IDN,f,18-59,7,2007
IDN,f,60+,0,2007
IDN,m,0-4,0,2007
IDN,m,5-11,8,2007
IDN,m,12-17,5,2007
IDN,m,18-59,23,2007
IDN,m,60+,0,2007
IND,f,0-4,47,2007
IND,f,5-11,63,2007
IND,f,12-17,41,2007
IND,f,18-59,144,2007
IND,f,60+,15,2007
IND,m,0-4,44,2007
IND,m,5-11,65,2007
IND,m,12-17,55,2007
IND,m,18-59,199,2007
IND,m,60+,17,2007
IND,f,0-4,212,2007
IND,f,5-11,389,2007
IND,f,12-17,845,2007
IND,f,18-59,3183,2007
IND,f,60+,304,2007
IND,m,0-4,228,2007
IND,m,5-11,517,2007
IND,m,12-17,854,2007
IND,m,18-59,2221,2007
IND,m,60+,258,2007
IRL,f,0-4,0,2007
IRL,f,5-11,0,2007
IRL,f,12-17,0,2007
IRL,f,18-59,0,2007
IRL,f,60+,0,2007
IRL,m,0-4,0,2007
IRL,m,5-11,0,2007
IRL,m,12-17,0,2007
IRL,m,18-59,0,2007
IRL,m,60+,0,2007
IRL,f,0-4,0,2007
IRL,f,5-11,0,2007
IRL,f,12-17,0,2007
IRL,f,18-59,0,2007
IRL,f,60+,0,2007
IRL,m,0-4,0,2007
IRL,m,5-11,0,2007
IRL,m,12-17,0,2007
IRL,m,18-59,0,2007
IRL,m,60+,0,2007
IRN,f,0-4,0,2007
IRN,f,5-11,0,2007
IRN,f,12-17,0,2007
IRN,f,18-59,0,2007
IRN,f,60+,0,2007
IRN,m,0-4,0,2007
IRN,m,5-11,0,2007
IRN,m,12-17,0,2007
IRN,m,18-59,0,2007
IRN,m,60+,0,2007
IRN,f,0-4,0,2007
IRN,f,5-11,0,2007
IRN,f,12-17,0,2007
IRN,f,18-59,0,2007
IRN,f,60+,0,2007
IRN,m,0-4,0,2007
IRN,m,5-11,0,2007
IRN,m,12-17,0,2007
IRN,m,18-59,0,2007
IRN,m,60+,0,2007
ITA,f,0-4,0,2007
ITA,f,5-11,0,2007
ITA,f,12-17,0,2007
ITA,f,18-59,0,2007
ITA,f,60+,0,2007
ITA,m,0-4,0,2007
ITA,m,5-11,0,2007
ITA,m,12-17,0,2007
ITA,m,18-59,0,2007
ITA,m,60+,0,2007
JPN,f,0-4,0,2007
JPN,f,5-11,0,2007
JPN,f,12-17,0,2007
JPN,f,18-59,0,2007
JPN,f,60+,0,2007
JPN,m,0-4,0,2007
JPN,m,5-11,0,2007
JPN,m,12-17,0,2007
JPN,m,18-59,0,2007
JPN,m,60+,0,2007
JPN,f,0-4,0,2007
JPN,f,5-11,0,2007
JPN,f,12-17,0,2007
JPN,f,18-59,0,2007
JPN,f,60+,0,2007
JPN,m,0-4,0,2007
JPN,m,5-11,0,2007
JPN,m,12-17,0,2007
JPN,m,18-59,0,2007
JPN,m,60+,0,2007
KAZ,f,0-4,5,2007
KAZ,f,5-11,0,2007
KAZ,f,12-17,0,2007
KAZ,f,18-59,0,2007
KAZ,f,60+,0,2007
KAZ,m,0-4,0,2007
KAZ,m,5-11,0,2007
KAZ,m,12-17,0,2007
KAZ,m,18-59,0,2007
KAZ,m,60+,0,2007
KAZ,f,0-4,28,2007
KAZ,f,5-11,24,2007
KAZ,f,12-17,20,2007
KAZ,f,18-59,82,2007
KAZ,f,60+,10,2007
KAZ,m,0-4,24,2007
KAZ,m,5-11,0,2007
KAZ,m,12-17,48,2007
KAZ,m,18-59,168,2007
KAZ,m,60+,0,2007
KGZ,f,0-4,7,2007
KGZ,f,5-11,18,2007
KGZ,f,12-17,39,2007
KGZ,f,18-59,62,2007
KGZ,f,60+,0,2007
KGZ,m,0-4,11,2007
KGZ,m,5-11,14,2007
KGZ,m,12-17,37,2007
KGZ,m,18-59,156,2007
KGZ,m,60+,0,2007
KGZ,f,0-4,9,2007
KGZ,f,5-11,7,2007
KGZ,f,12-17,14,2007
KGZ,f,18-59,84,2007
KGZ,f,60+,5,2007
KGZ,m,0-4,0,2007
KGZ,m,5-11,10,2007
KGZ,m,12-17,17,2007
KGZ,m,18-59,125,2007
KGZ,m,60+,6,2007
KWT,f,0-4,0,2007
KWT,f,5-11,5,2007
KWT,f,12-17,0,2007
KWT,f,18-59,5,2007
KWT,f,60+,0,2007
KWT,m,0-4,0,2007
KWT,m,5-11,6,2007
KWT,m,12-17,0,2007
KWT,m,18-59,5,2007
KWT,m,60+,0,2007
KWT,f,0-4,0,2007
KWT,f,5-11,0,2007
KWT,f,12-17,0,2007
KWT,f,18-59,0,2007
KWT,f,60+,0,2007
KWT,m,0-4,0,2007
KWT,m,5-11,5,2007
KWT,m,12-17,0,2007
KWT,m,18-59,0,2007
KWT,m,60+,0,2007
LBN,f,0-4,0,2007
LBN,f,5-11,0,2007
LBN,f,12-17,0,2007
LBN,f,18-59,0,2007
LBN,f,60+,0,2007
LBN,m,0-4,0,2007
LBN,m,5-11,0,2007
LBN,m,12-17,6,2007
LBN,m,18-59,0,2007
LBN,m,60+,0,2007
LBN,f,0-4,0,2007
LBN,f,5-11,0,2007
LBN,f,12-17,0,2007
LBN,f,18-59,0,2007
LBN,f,60+,0,2007
LBN,m,0-4,0,2007
LBN,m,5-11,0,2007
LBN,m,12-17,0,2007
LBN,m,18-59,9,2007
LBN,m,60+,0,2007
LKA,f,0-4,0,2007
LKA,f,5-11,0,2007
LKA,f,12-17,0,2007
LKA,f,18-59,5,2007
LKA,f,60+,0,2007
LKA,m,0-4,0,2007
LKA,m,5-11,0,2007
LKA,m,12-17,0,2007
LKA,m,18-59,0,2007
LKA,m,60+,0,2007
LTU,f,0-4,0,2007
LTU,f,5-11,0,2007
LTU,f,12-17,0,2007
LTU,f,18-59,0,2007
LTU,f,60+,0,2007
LTU,m,0-4,0,2007
LTU,m,5-11,0,2007
LTU,m,12-17,0,2007
LTU,m,18-59,0,2007
LTU,m,60+,0,2007
MDA,f,0-4,0,2007
MDA,f,5-11,0,2007
MDA,f,12-17,5,2007
MDA,f,18-59,0,2007
MDA,f,60+,0,2007
MDA,m,0-4,0,2007
MDA,m,5-11,0,2007
MDA,m,12-17,0,2007
MDA,m,18-59,7,2007
MDA,m,60+,0,2007
MLT,f,0-4,0,2007
MLT,f,5-11,0,2007
MLT,f,12-17,0,2007
MLT,f,18-59,0,2007
MLT,f,60+,0,2007
MLT,m,0-4,0,2007
MLT,m,5-11,0,2007
MLT,m,12-17,0,2007
MLT,m,18-59,0,2007
MLT,m,60+,0,2007
MYS,f,0-4,5,2007
MYS,f,5-11,15,2007
MYS,f,12-17,6,2007
MYS,f,18-59,25,2007
MYS,f,60+,0,2007
MYS,m,0-4,7,2007
MYS,m,5-11,11,2007
MYS,m,12-17,9,2007
MYS,m,18-59,44,2007
MYS,m,60+,0,2007
MYS,f,0-4,0,2007
MYS,f,5-11,5,2007
MYS,f,12-17,0,2007
MYS,f,18-59,13,2007
MYS,f,60+,0,2007
MYS,m,0-4,5,2007
MYS,m,5-11,5,2007
MYS,m,12-17,6,2007
MYS,m,18-59,34,2007
MYS,m,60+,0,2007
NLD,f,0-4,0,2007
NLD,f,5-11,0,2007
NLD,f,12-17,0,2007
NLD,f,18-59,0,2007
NLD,f,60+,0,2007
NLD,m,0-4,0,2007
NLD,m,5-11,0,2007
NLD,m,12-17,0,2007
NLD,m,18-59,0,2007
NLD,m,60+,0,2007
NOR,f,0-4,0,2007
NOR,f,5-11,0,2007
NOR,f,12-17,0,2007
NOR,f,18-59,0,2007
NOR,f,60+,0,2007
NOR,m,0-4,0,2007
NOR,m,5-11,0,2007
NOR,m,12-17,0,2007
NOR,m,18-59,0,2007
NOR,m,60+,0,2007
NOR,f,0-4,0,2007
NOR,f,5-11,0,2007
NOR,f,12-17,0,2007
NOR,f,18-59,0,2007
NOR,f,60+,0,2007
NOR,m,0-4,0,2007
NOR,m,5-11,0,2007
NOR,m,12-17,0,2007
NOR,m,18-59,0,2007
NOR,m,60+,0,2007
NZL,f,0-4,0,2007
NZL,f,5-11,0,2007
NZL,f,12-17,0,2007
NZL,f,18-59,0,2007
NZL,f,60+,0,2007
NZL,m,0-4,0,2007
NZL,m,5-11,0,2007
NZL,m,12-17,0,2007
NZL,m,18-59,0,2007
NZL,m,60+,0,2007
NZL,f,0-4,0,2007
NZL,f,5-11,0,2007
NZL,f,12-17,0,2007
NZL,f,18-59,0,2007
NZL,f,60+,0,2007
NZL,m,0-4,0,2007
NZL,m,5-11,0,2007
NZL,m,12-17,0,2007
NZL,m,18-59,0,2007
NZL,m,60+,0,2007
PAK,f,0-4,0,2007
PAK,f,5-11,0,2007
PAK,f,12-17,0,2007
PAK,f,18-59,0,2007
PAK,f,60+,0,2007
PAK,m,0-4,0,2007
PAK,m,5-11,0,2007
PAK,m,12-17,0,2007
PAK,m,18-59,0,2007
PAK,m,60+,0,2007
PAK,f,0-4,39470,2007
PAK,f,5-11,110048,2007
PAK,f,12-17,65010,2007
PAK,f,18-59,184393,2007
PAK,f,60+,10725,2007
PAK,m,0-4,41540,2007
PAK,m,5-11,117812,2007
PAK,m,12-17,78713,2007
PAK,m,18-59,217420,2007
PAK,m,60+,21535,2007
POL,f,0-4,0,2007
POL,f,5-11,0,2007
POL,f,12-17,0,2007
POL,f,18-59,0,2007
POL,f,60+,0,2007
POL,m,0-4,0,2007
POL,m,5-11,0,2007
POL,m,12-17,0,2007
POL,m,18-59,0,2007
POL,m,60+,0,2007
POL,f,0-4,0,2007
POL,f,5-11,0,2007
POL,f,12-17,0,2007
POL,f,18-59,0,2007
POL,f,60+,0,2007
POL,m,0-4,0,2007
POL,m,5-11,0,2007
POL,m,12-17,0,2007
POL,m,18-59,0,2007
POL,m,60+,0,2007
PRT,f,0-4,0,2007
PRT,f,5-11,0,2007
PRT,f,12-17,0,2007
PRT,f,18-59,0,2007
PRT,f,60+,0,2007
PRT,m,0-4,0,2007
PRT,m,5-11,0,2007
PRT,m,12-17,0,2007
PRT,m,18-59,0,2007
PRT,m,60+,0,2007
QAT,f,0-4,0,2007
QAT,f,5-11,0,2007
QAT,f,12-17,0,2007
QAT,f,18-59,0,2007
QAT,f,60+,0,2007
QAT,m,0-4,0,2007
QAT,m,5-11,0,2007
QAT,m,12-17,0,2007
QAT,m,18-59,40,2007
QAT,m,60+,0,2007
ROU,f,0-4,0,2007
ROU,f,5-11,0,2007
ROU,f,12-17,0,2007
ROU,f,18-59,0,2007
ROU,f,60+,0,2007
ROU,m,0-4,0,2007
ROU,m,5-11,0,2007
ROU,m,12-17,0,2007
ROU,m,18-59,0,2007
ROU,m,60+,0,2007
RUS,f,0-4,0,2007
RUS,f,5-11,0,2007
RUS,f,12-17,0,2007
RUS,f,18-59,0,2007
RUS,f,60+,0,2007
RUS,m,0-4,0,2007
RUS,m,5-11,0,2007
RUS,m,12-17,0,2007
RUS,m,18-59,0,2007
RUS,m,60+,0,2007
RUS,f,0-4,0,2007
RUS,f,5-11,0,2007
RUS,f,12-17,0,2007
RUS,f,18-59,0,2007
RUS,f,60+,0,2007
RUS,m,0-4,0,2007
RUS,m,5-11,0,2007
RUS,m,12-17,0,2007
RUS,m,18-59,0,2007
RUS,m,60+,0,2007
SAU,f,0-4,0,2007
SAU,f,5-11,0,2007
SAU,f,12-17,0,2007
SAU,f,18-59,9,2007
SAU,f,60+,0,2007
SAU,m,0-4,0,2007
SAU,m,5-11,0,2007
SAU,m,12-17,0,2007
SAU,m,18-59,0,2007
SAU,m,60+,0,2007
SVK,f,0-4,0,2007
SVK,f,5-11,0,2007
SVK,f,12-17,0,2007
SVK,f,18-59,0,2007
SVK,f,60+,0,2007
SVK,m,0-4,0,2007
SVK,m,5-11,0,2007
SVK,m,12-17,0,2007
SVK,m,18-59,0,2007
SVK,m,60+,0,2007
SVK,f,0-4,0,2007
SVK,f,5-11,0,2007
SVK,f,12-17,0,2007
SVK,f,18-59,0,2007
SVK,f,60+,0,2007
SVK,m,0-4,0,2007
SVK,m,5-11,0,2007
SVK,m,12-17,0,2007
SVK,m,18-59,0,2007
SVK,m,60+,0,2007
SWE,f,0-4,0,2007
SWE,f,5-11,0,2007
SWE,f,12-17,0,2007
SWE,f,18-59,0,2007
SWE,f,60+,0,2007
SWE,m,0-4,0,2007
SWE,m,5-11,0,2007
SWE,m,12-17,0,2007
SWE,m,18-59,0,2007
SWE,m,60+,0,2007
SWE,f,0-4,0,2007
SWE,f,5-11,0,2007
SWE,f,12-17,0,2007
SWE,f,18-59,0,2007
SWE,f,60+,0,2007
SWE,m,0-4,0,2007
SWE,m,5-11,0,2007
SWE,m,12-17,0,2007
SWE,m,18-59,0,2007
SWE,m,60+,0,2007
SYR,f,0-4,11,2007
SYR,f,5-11,27,2007
SYR,f,12-17,47,2007
SYR,f,18-59,100,2007
SYR,f,60+,0,2007
SYR,m,0-4,20,2007
SYR,m,5-11,43,2007
SYR,m,12-17,58,2007
SYR,m,18-59,152,2007
SYR,m,60+,5,2007
SYR,f,0-4,5,2007
SYR,f,5-11,13,2007
SYR,f,12-17,22,2007
SYR,f,18-59,58,2007
SYR,f,60+,8,2007
SYR,m,0-4,5,2007
SYR,m,5-11,16,2007
SYR,m,12-17,24,2007
SYR,m,18-59,62,2007
SYR,m,60+,13,2007
THA,f,0-4,0,2007
THA,f,5-11,0,2007
THA,f,12-17,0,2007
THA,f,18-59,0,2007
THA,f,60+,0,2007
THA,m,0-4,0,2007
THA,m,5-11,0,2007
THA,m,12-17,0,2007
THA,m,18-59,5,2007
THA,m,60+,0,2007
TJK,f,0-4,0,2007
TJK,f,5-11,0,2007
TJK,f,12-17,0,2007
TJK,f,18-59,0,2007
TJK,f,60+,0,2007
TJK,m,0-4,0,2007
TJK,m,5-11,0,2007
TJK,m,12-17,0,2007
TJK,m,18-59,0,2007
TJK,m,60+,0,2007
TJK,f,0-4,0,2007
TJK,f,5-11,0,2007
TJK,f,12-17,7,2007
TJK,f,18-59,14,2007
TJK,f,60+,0,2007
TJK,m,0-4,0,2007
TJK,m,5-11,8,2007
TJK,m,12-17,0,2007
TJK,m,18-59,9,2007
TJK,m,60+,0,2007
TKM,f,0-4,5,2007
TKM,f,5-11,10,2007
TKM,f,12-17,7,2007
TKM,f,18-59,20,2007
TKM,f,60+,0,2007
TKM,m,0-4,7,2007
TKM,m,5-11,10,2007
TKM,m,12-17,7,2007
TKM,m,18-59,19,2007
TKM,m,60+,0,2007
TUR,f,0-4,22,2007
TUR,f,5-11,53,2007
TUR,f,12-17,55,2007
TUR,f,18-59,149,2007
TUR,f,60+,0,2007
TUR,m,0-4,30,2007
TUR,m,5-11,62,2007
TUR,m,12-17,84,2007
TUR,m,18-59,246,2007
TUR,m,60+,0,2007
TUR,f,0-4,0,2007
TUR,f,5-11,16,2007
TUR,f,12-17,37,2007
TUR,f,18-59,40,2007
TUR,f,60+,0,2007
TUR,m,0-4,5,2007
TUR,m,5-11,12,2007
TUR,m,12-17,49,2007
TUR,m,18-59,53,2007
TUR,m,60+,0,2007
UKR,f,0-4,0,2007
UKR,f,5-11,0,2007
UKR,f,12-17,0,2007
UKR,f,18-59,0,2007
UKR,f,60+,0,2007
UKR,m,0-4,0,2007
UKR,m,5-11,0,2007
UKR,m,12-17,0,2007
UKR,m,18-59,0,2007
UKR,m,60+,0,2007
UKR,f,0-4,0,2007
UKR,f,5-11,0,2007
UKR,f,12-17,0,2007
UKR,f,18-59,0,2007
UKR,f,60+,0,2007
UKR,m,0-4,0,2007
UKR,m,5-11,0,2007
UKR,m,12-17,0,2007
UKR,m,18-59,0,2007
UKR,m,60+,0,2007
USA,f,0-4,0,2007
USA,f,5-11,0,2007
USA,f,12-17,0,2007
USA,f,18-59,0,2007
USA,f,60+,0,2007
USA,m,0-4,0,2007
USA,m,5-11,0,2007
USA,m,12-17,0,2007
USA,m,18-59,0,2007
USA,m,60+,0,2007
USA,f,0-4,0,2007
USA,f,5-11,0,2007
USA,f,12-17,0,2007
USA,f,18-59,0,2007
USA,f,60+,0,2007
USA,m,0-4,0,2007
USA,m,5-11,0,2007
USA,m,12-17,0,2007
USA,m,18-59,0,2007
USA,m,60+,0,2007
UZB,f,0-4,0,2007
UZB,f,5-11,0,2007
UZB,f,12-17,0,2007
UZB,f,18-59,0,2007
UZB,f,60+,0,2007
UZB,m,0-4,0,2007
UZB,m,5-11,0,2007
UZB,m,12-17,0,2007
UZB,m,18-59,0,2007
UZB,m,60+,0,2007
ZAF,f,0-4,0,2007
ZAF,f,5-11,0,2007
ZAF,f,12-17,0,2007
ZAF,f,18-59,0,2007
ZAF,f,60+,0,2007
ZAF,m,0-4,0,2007
ZAF,m,5-11,0,2007
ZAF,m,12-17,0,2007
ZAF,m,18-59,0,2007
ZAF,m,60+,0,2007
AUS,f,0-4,0,2008
AUS,f,5-11,0,2008
AUS,f,12-17,0,2008
AUS,f,18-59,0,2008
AUS,f,60+,0,2008
AUS,m,0-4,0,2008
AUS,m,5-11,0,2008
AUS,m,12-17,0,2008
AUS,m,18-59,0,2008
AUS,m,60+,0,2008
AUS,f,0-4,0,2008
AUS,f,5-11,0,2008
AUS,f,12-17,0,2008
AUS,f,18-59,0,2008
AUS,f,60+,0,2008
AUS,m,0-4,0,2008
AUS,m,5-11,0,2008
AUS,m,12-17,0,2008
AUS,m,18-59,0,2008
AUS,m,60+,0,2008
AUT,f,0-4,0,2008
AUT,f,5-11,0,2008
AUT,f,12-17,0,2008
AUT,f,18-59,0,2008
AUT,f,60+,0,2008
AUT,m,0-4,0,2008
AUT,m,5-11,0,2008
AUT,m,12-17,0,2008
AUT,m,18-59,0,2008
AUT,m,60+,0,2008
AUT,f,0-4,0,2008
AUT,f,5-11,0,2008
AUT,f,12-17,0,2008
AUT,f,18-59,0,2008
AUT,f,60+,0,2008
AUT,m,0-4,0,2008
AUT,m,5-11,0,2008
AUT,m,12-17,0,2008
AUT,m,18-59,0,2008
AUT,m,60+,0,2008
AZE,f,0-4,0,2008
AZE,f,5-11,0,2008
AZE,f,12-17,5,2008
AZE,f,18-59,5,2008
AZE,f,60+,0,2008
AZE,m,0-4,0,2008
AZE,m,5-11,0,2008
AZE,m,12-17,0,2008
AZE,m,18-59,9,2008
AZE,m,60+,0,2008
AZE,f,0-4,18,2008
AZE,f,5-11,27,2008
AZE,f,12-17,16,2008
AZE,f,18-59,68,2008
AZE,f,60+,8,2008
AZE,m,0-4,18,2008
AZE,m,5-11,32,2008
AZE,m,12-17,20,2008
AZE,m,18-59,256,2008
AZE,m,60+,6,2008
AZE,f,0-4,8,2008
AZE,f,5-11,7,2008
AZE,f,12-17,8,2008
AZE,f,18-59,29,2008
AZE,f,60+,0,2008
AZE,m,0-4,5,2008
AZE,m,5-11,9,2008
AZE,m,12-17,8,2008
AZE,m,18-59,51,2008
AZE,m,60+,0,2008
BEL,f,0-4,0,2008
BEL,f,5-11,0,2008
BEL,f,12-17,0,2008
BEL,f,18-59,0,2008
BEL,f,60+,0,2008
BEL,m,0-4,0,2008
BEL,m,5-11,0,2008
BEL,m,12-17,0,2008
BEL,m,18-59,0,2008
BEL,m,60+,0,2008
BGR,f,0-4,0,2008
BGR,f,5-11,0,2008
BGR,f,12-17,0,2008
BGR,f,18-59,13,2008
BGR,f,60+,0,2008
BGR,m,0-4,0,2008
BGR,m,5-11,0,2008
BGR,m,12-17,6,2008
BGR,m,18-59,36,2008
BGR,m,60+,0,2008
BGR,f,0-4,0,2008
BGR,f,5-11,0,2008
BGR,f,12-17,0,2008
BGR,f,18-59,0,2008
BGR,f,60+,0,2008
BGR,m,0-4,0,2008
BGR,m,5-11,0,2008
BGR,m,12-17,0,2008
BGR,m,18-59,0,2008
BGR,m,60+,0,2008
BLR,f,0-4,0,2008
BLR,f,5-11,0,2008
BLR,f,12-17,0,2008
BLR,f,18-59,5,2008
BLR,f,60+,0,2008
BLR,m,0-4,7,2008
BLR,m,5-11,0,2008
BLR,m,12-17,5,2008
BLR,m,18-59,12,2008
BLR,m,60+,0,2008
BLR,f,0-4,6,2008
BLR,f,5-11,43,2008
BLR,f,12-17,28,2008
BLR,f,18-59,87,2008
BLR,f,60+,8,2008
BLR,m,0-4,9,2008
BLR,m,5-11,20,2008
BLR,m,12-17,31,2008
BLR,m,18-59,199,2008
BLR,m,60+,5,2008
BRA,f,0-4,0,2008
BRA,f,5-11,0,2008
BRA,f,12-17,0,2008
BRA,f,18-59,0,2008
BRA,f,60+,0,2008
BRA,m,0-4,0,2008
BRA,m,5-11,0,2008
BRA,m,12-17,0,2008
BRA,m,18-59,5,2008
BRA,m,60+,0,2008
CAN,f,0-4,29,2008
CAN,f,5-11,38,2008
CAN,f,12-17,35,2008
CAN,f,18-59,131,2008
CAN,f,60+,12,2008
CAN,m,0-4,39,2008
CAN,m,5-11,41,2008
CAN,m,12-17,27,2008
CAN,m,18-59,240,2008
CAN,m,60+,6,2008
CAN,f,0-4,0,2008
CAN,f,5-11,0,2008
CAN,f,12-17,0,2008
CAN,f,18-59,0,2008
CAN,f,60+,0,2008
CAN,m,0-4,0,2008
CAN,m,5-11,0,2008
CAN,m,12-17,0,2008
CAN,m,18-59,0,2008
CAN,m,60+,0,2008
CHE,f,0-4,16,2008
CHE,f,5-11,24,2008
CHE,f,12-17,15,2008
CHE,f,18-59,70,2008
CHE,f,60+,0,2008
CHE,m,0-4,24,2008
CHE,m,5-11,25,2008
CHE,m,12-17,38,2008
CHE,m,18-59,370,2008
CHE,m,60+,0,2008
CHE,f,0-4,29,2008
CHE,f,5-11,52,2008
CHE,f,12-17,52,2008
CHE,f,18-59,135,2008
CHE,f,60+,23,2008
CHE,m,0-4,19,2008
CHE,m,5-11,62,2008
CHE,m,12-17,61,2008
CHE,m,18-59,346,2008
CHE,m,60+,18,2008
CHL,f,0-4,0,2008
CHL,f,5-11,0,2008
CHL,f,12-17,0,2008
CHL,f,18-59,0,2008
CHL,f,60+,0,2008
CHL,m,0-4,0,2008
CHL,m,5-11,0,2008
CHL,m,12-17,0,2008
CHL,m,18-59,0,2008
CHL,m,60+,0,2008
CIV,f,0-4,0,2008
CIV,f,5-11,0,2008
CIV,f,12-17,0,2008
CIV,f,18-59,9,2008
CIV,f,60+,0,2008
CIV,m,0-4,0,2008
CIV,m,5-11,0,2008
CIV,m,12-17,0,2008
CIV,m,18-59,7,2008
CIV,m,60+,0,2008
CYP,f,0-4,0,2008
CYP,f,5-11,0,2008
CYP,f,12-17,0,2008
CYP,f,18-59,0,2008
CYP,f,60+,0,2008
CYP,m,0-4,0,2008
CYP,m,5-11,0,2008
CYP,m,12-17,0,2008
CYP,m,18-59,0,2008
CYP,m,60+,0,2008
CYP,f,0-4,0,2008
CYP,f,5-11,0,2008
CYP,f,12-17,0,2008
CYP,f,18-59,0,2008
CYP,f,60+,0,2008
CYP,m,0-4,0,2008
CYP,m,5-11,0,2008
CYP,m,12-17,0,2008
CYP,m,18-59,0,2008
CYP,m,60+,0,2008
CZE,f,0-4,0,2008
CZE,f,5-11,0,2008
CZE,f,12-17,0,2008
CZE,f,18-59,0,2008
CZE,f,60+,0,2008
CZE,m,0-4,0,2008
CZE,m,5-11,0,2008
CZE,m,12-17,0,2008
CZE,m,18-59,0,2008
CZE,m,60+,0,2008
CZE,f,0-4,0,2008
CZE,f,5-11,0,2008
CZE,f,12-17,0,2008
CZE,f,18-59,0,2008
CZE,f,60+,0,2008
CZE,m,0-4,0,2008
CZE,m,5-11,0,2008
CZE,m,12-17,0,2008
CZE,m,18-59,0,2008
CZE,m,60+,0,2008
DEU,f,0-4,0,2008
DEU,f,5-11,0,2008
DEU,f,12-17,0,2008
DEU,f,18-59,0,2008
DEU,f,60+,0,2008
DEU,m,0-4,0,2008
DEU,m,5-11,0,2008
DEU,m,12-17,0,2008
DEU,m,18-59,0,2008
DEU,m,60+,0,2008
DEU,f,0-4,0,2008
DEU,f,5-11,0,2008
DEU,f,12-17,0,2008
DEU,f,18-59,0,2008
DEU,f,60+,0,2008
DEU,m,0-4,0,2008
DEU,m,5-11,0,2008
DEU,m,12-17,0,2008
DEU,m,18-59,0,2008
DEU,m,60+,0,2008
DEU,f,0-4,0,2008
DEU,f,5-11,0,2008
DEU,f,12-17,0,2008
DEU,f,18-59,0,2008
DEU,f,60+,0,2008
DEU,m,0-4,0,2008
DEU,m,5-11,0,2008
DEU,m,12-17,0,2008
DEU,m,18-59,0,2008
DEU,m,60+,0,2008
DNK,f,0-4,0,2008
DNK,f,5-11,0,2008
DNK,f,12-17,0,2008
DNK,f,18-59,0,2008
DNK,f,60+,0,2008
DNK,m,0-4,0,2008
DNK,m,5-11,0,2008
DNK,m,12-17,0,2008
DNK,m,18-59,0,2008
DNK,m,60+,0,2008
DNK,f,0-4,0,2008
DNK,f,5-11,0,2008
DNK,f,12-17,0,2008
DNK,f,18-59,0,2008
DNK,f,60+,0,2008
DNK,m,0-4,0,2008
DNK,m,5-11,0,2008
DNK,m,12-17,0,2008
DNK,m,18-59,0,2008
DNK,m,60+,0,2008
ECU,f,0-4,0,2008
ECU,f,5-11,0,2008
ECU,f,12-17,0,2008
ECU,f,18-59,5,2008
ECU,f,60+,0,2008
ECU,m,0-4,0,2008
ECU,m,5-11,0,2008
ECU,m,12-17,0,2008
ECU,m,18-59,9,2008
ECU,m,60+,0,2008
ECU,f,0-4,0,2008
ECU,f,5-11,5,2008
ECU,f,12-17,5,2008
ECU,f,18-59,25,2008
ECU,f,60+,0,2008
ECU,m,0-4,0,2008
ECU,m,5-11,0,2008
ECU,m,12-17,7,2008
ECU,m,18-59,32,2008
ECU,m,60+,0,2008
EGY,f,0-4,0,2008
EGY,f,5-11,0,2008
EGY,f,12-17,0,2008
EGY,f,18-59,0,2008
EGY,f,60+,0,2008
EGY,m,0-4,0,2008
EGY,m,5-11,5,2008
EGY,m,12-17,0,2008
EGY,m,18-59,23,2008
EGY,m,60+,0,2008
ESP,f,0-4,0,2008
ESP,f,5-11,0,2008
ESP,f,12-17,0,2008
ESP,f,18-59,0,2008
ESP,f,60+,0,2008
ESP,m,0-4,0,2008
ESP,m,5-11,0,2008
ESP,m,12-17,0,2008
ESP,m,18-59,0,2008
ESP,m,60+,0,2008
EST,f,0-4,0,2008
EST,f,5-11,0,2008
EST,f,12-17,0,2008
EST,f,18-59,0,2008
EST,f,60+,0,2008
EST,m,0-4,0,2008
EST,m,5-11,0,2008
EST,m,12-17,0,2008
EST,m,18-59,6,2008
EST,m,60+,0,2008
FIN,f,0-4,0,2008
FIN,f,5-11,0,2008
FIN,f,12-17,0,2008
FIN,f,18-59,0,2008
FIN,f,60+,0,2008
FIN,m,0-4,0,2008
FIN,m,5-11,0,2008
FIN,m,12-17,0,2008
FIN,m,18-59,0,2008
FIN,m,60+,0,2008
FIN,f,0-4,0,2008
FIN,f,5-11,0,2008
FIN,f,12-17,0,2008
FIN,f,18-59,0,2008
FIN,f,60+,0,2008
FIN,m,0-4,0,2008
FIN,m,5-11,0,2008
FIN,m,12-17,0,2008
FIN,m,18-59,0,2008
FIN,m,60+,0,2008
FRA,f,0-4,0,2008
FRA,f,5-11,0,2008
FRA,f,12-17,0,2008
FRA,f,18-59,0,2008
FRA,f,60+,0,2008
FRA,m,0-4,0,2008
FRA,m,5-11,0,2008
FRA,m,12-17,0,2008
FRA,m,18-59,0,2008
FRA,m,60+,0,2008
GBR,f,0-4,0,2008
GBR,f,5-11,0,2008
GBR,f,12-17,0,2008
GBR,f,18-59,0,2008
GBR,f,60+,0,2008
GBR,m,0-4,0,2008
GBR,m,5-11,0,2008
GBR,m,12-17,0,2008
GBR,m,18-59,0,2008
GBR,m,60+,0,2008
GEO,f,0-4,0,2008
GEO,f,5-11,0,2008
GEO,f,12-17,0,2008
GEO,f,18-59,0,2008
GEO,f,60+,0,2008
GEO,m,0-4,0,2008
GEO,m,5-11,0,2008
GEO,m,12-17,5,2008
GEO,m,18-59,0,2008
GEO,m,60+,0,2008
GRC,f,0-4,0,2008
GRC,f,5-11,0,2008
GRC,f,12-17,0,2008
GRC,f,18-59,0,2008
GRC,f,60+,0,2008
GRC,m,0-4,0,2008
GRC,m,5-11,0,2008
GRC,m,12-17,0,2008
GRC,m,18-59,0,2008
GRC,m,60+,0,2008
GRC,f,0-4,0,2008
GRC,f,5-11,0,2008
GRC,f,12-17,0,2008
GRC,f,18-59,0,2008
GRC,f,60+,0,2008
GRC,m,0-4,0,2008
GRC,m,5-11,0,2008
GRC,m,12-17,0,2008
GRC,m,18-59,0,2008
GRC,m,60+,0,2008
HKG,f,0-4,0,2008
HKG,f,5-11,0,2008
HKG,f,12-17,0,2008
HKG,f,18-59,0,2008
HKG,f,60+,0,2008
HKG,m,0-4,0,2008
HKG,m,5-11,0,2008
HKG,m,12-17,0,2008
HKG,m,18-59,6,2008
HKG,m,60+,0,2008
HUN,f,0-4,0,2008
HUN,f,5-11,0,2008
HUN,f,12-17,0,2008
HUN,f,18-59,0,2008
HUN,f,60+,0,2008
HUN,m,0-4,0,2008
HUN,m,5-11,0,2008
HUN,m,12-17,0,2008
HUN,m,18-59,0,2008
HUN,m,60+,0,2008
HUN,f,0-4,0,2008
HUN,f,5-11,0,2008
HUN,f,12-17,0,2008
HUN,f,18-59,0,2008
HUN,f,60+,0,2008
HUN,m,0-4,0,2008
HUN,m,5-11,0,2008
HUN,m,12-17,0,2008
HUN,m,18-59,0,2008
HUN,m,60+,0,2008
IDN,f,0-4,0,2008
IDN,f,5-11,0,2008
IDN,f,12-17,0,2008
IDN,f,18-59,9,2008
IDN,f,60+,0,2008
IDN,m,0-4,0,2008
IDN,m,5-11,5,2008
IDN,m,12-17,21,2008
IDN,m,18-59,101,2008
IDN,m,60+,0,2008
IDN,f,0-4,0,2008
IDN,f,5-11,0,2008
IDN,f,12-17,7,2008
IDN,f,18-59,0,2008
IDN,f,60+,0,2008
IDN,m,0-4,0,2008
IDN,m,5-11,5,2008
IDN,m,12-17,0,2008
IDN,m,18-59,17,2008
IDN,m,60+,0,2008
IND,f,0-4,206,2008
IND,f,5-11,124,2008
IND,f,12-17,75,2008
IND,f,18-59,335,2008
IND,f,60+,13,2008
IND,m,0-4,193,2008
IND,m,5-11,126,2008
IND,m,12-17,136,2008
IND,m,18-59,438,2008
IND,m,60+,15,2008
IND,f,0-4,226,2008
IND,f,5-11,362,2008
IND,f,12-17,724,2008
IND,f,18-59,3010,2008
IND,f,60+,302,2008
IND,m,0-4,242,2008
IND,m,5-11,445,2008
IND,m,12-17,794,2008
IND,m,18-59,2078,2008
IND,m,60+,258,2008
IRL,f,0-4,0,2008
IRL,f,5-11,0,2008
IRL,f,12-17,0,2008
IRL,f,18-59,0,2008
IRL,f,60+,0,2008
IRL,m,0-4,0,2008
IRL,m,5-11,0,2008
IRL,m,12-17,0,2008
IRL,m,18-59,0,2008
IRL,m,60+,0,2008
IRL,f,0-4,0,2008
IRL,f,5-11,0,2008
IRL,f,12-17,0,2008
IRL,f,18-59,0,2008
IRL,f,60+,0,2008
IRL,m,0-4,0,2008
IRL,m,5-11,0,2008
IRL,m,12-17,0,2008
IRL,m,18-59,0,2008
IRL,m,60+,0,2008
IRN,f,0-4,0,2008
IRN,f,5-11,130,2008
IRN,f,12-17,152,2008
IRN,f,18-59,415,2008
IRN,f,60+,24,2008
IRN,m,0-4,0,2008
IRN,m,5-11,138,2008
IRN,m,12-17,169,2008
IRN,m,18-59,508,2008
IRN,m,60+,39,2008
IRN,f,0-4,26,2008
IRN,f,5-11,77229,2008
IRN,f,12-17,90474,2008
IRN,f,18-59,246387,2008
IRN,f,60+,14388,2008
IRN,m,0-4,26,2008
IRN,m,5-11,86010,2008
IRN,m,12-17,96634,2008
IRN,m,18-59,301487,2008
IRN,m,60+,22934,2008
ISL,f,0-4,0,2008
ISL,f,5-11,0,2008
ISL,f,12-17,0,2008
ISL,f,18-59,0,2008
ISL,f,60+,0,2008
ISL,m,0-4,0,2008
ISL,m,5-11,0,2008
ISL,m,12-17,0,2008
ISL,m,18-59,5,2008
ISL,m,60+,0,2008
ITA,f,0-4,0,2008
ITA,f,5-11,0,2008
ITA,f,12-17,0,2008
ITA,f,18-59,0,2008
ITA,f,60+,0,2008
ITA,m,0-4,0,2008
ITA,m,5-11,0,2008
ITA,m,12-17,0,2008
ITA,m,18-59,0,2008
ITA,m,60+,0,2008
JPN,f,0-4,0,2008
JPN,f,5-11,0,2008
JPN,f,12-17,0,2008
JPN,f,18-59,0,2008
JPN,f,60+,0,2008
JPN,m,0-4,0,2008
JPN,m,5-11,0,2008
JPN,m,12-17,0,2008
JPN,m,18-59,0,2008
JPN,m,60+,0,2008
JPN,f,0-4,0,2008
JPN,f,5-11,0,2008
JPN,f,12-17,0,2008
JPN,f,18-59,0,2008
JPN,f,60+,0,2008
JPN,m,0-4,0,2008
JPN,m,5-11,0,2008
JPN,m,12-17,0,2008
JPN,m,18-59,0,2008
JPN,m,60+,0,2008
KAZ,f,0-4,0,2008
KAZ,f,5-11,0,2008
KAZ,f,12-17,0,2008
KAZ,f,18-59,0,2008
KAZ,f,60+,0,2008
KAZ,m,0-4,0,2008
KAZ,m,5-11,0,2008
KAZ,m,12-17,0,2008
KAZ,m,18-59,0,2008
KAZ,m,60+,0,2008
KAZ,f,0-4,28,2008
KAZ,f,5-11,0,2008
KAZ,f,12-17,52,2008
KAZ,f,18-59,104,2008
KAZ,f,60+,5,2008
KAZ,m,0-4,37,2008
KAZ,m,5-11,0,2008
KAZ,m,12-17,59,2008
KAZ,m,18-59,203,2008
KAZ,m,60+,5,2008
KGZ,f,0-4,18,2008
KGZ,f,5-11,30,2008
KGZ,f,12-17,37,2008
KGZ,f,18-59,80,2008
KGZ,f,60+,0,2008
KGZ,m,0-4,18,2008
KGZ,m,5-11,39,2008
KGZ,m,12-17,27,2008
KGZ,m,18-59,171,2008
KGZ,m,60+,5,2008
KGZ,f,0-4,5,2008
KGZ,f,5-11,13,2008
KGZ,f,12-17,17,2008
KGZ,f,18-59,83,2008
KGZ,f,60+,5,2008
KGZ,m,0-4,0,2008
KGZ,m,5-11,15,2008
KGZ,m,12-17,15,2008
KGZ,m,18-59,109,2008
KGZ,m,60+,5,2008
KWT,f,0-4,0,2008
KWT,f,5-11,0,2008
KWT,f,12-17,8,2008
KWT,f,18-59,14,2008
KWT,f,60+,0,2008
KWT,m,0-4,0,2008
KWT,m,5-11,6,2008
KWT,m,12-17,17,2008
KWT,m,18-59,1750,2008
KWT,m,60+,0,2008
LBN,f,0-4,0,2008
LBN,f,5-11,0,2008
LBN,f,12-17,0,2008
LBN,f,18-59,0,2008
LBN,f,60+,0,2008
LBN,m,0-4,0,2008
LBN,m,5-11,0,2008
LBN,m,12-17,6,2008
LBN,m,18-59,0,2008
LBN,m,60+,0,2008
LBN,f,0-4,0,2008
LBN,f,5-11,0,2008
LBN,f,12-17,0,2008
LBN,f,18-59,0,2008
LBN,f,60+,0,2008
LBN,m,0-4,0,2008
LBN,m,5-11,0,2008
LBN,m,12-17,0,2008
LBN,m,18-59,8,2008
LBN,m,60+,0,2008
LKA,f,0-4,0,2008
LKA,f,5-11,5,2008
LKA,f,12-17,0,2008
LKA,f,18-59,0,2008
LKA,f,60+,0,2008
LKA,m,0-4,0,2008
LKA,m,5-11,0,2008
LKA,m,12-17,0,2008
LKA,m,18-59,0,2008
LKA,m,60+,0,2008
LKA,f,0-4,0,2008
LKA,f,5-11,0,2008
LKA,f,12-17,0,2008
LKA,f,18-59,5,2008
LKA,f,60+,0,2008
LKA,m,0-4,0,2008
LKA,m,5-11,0,2008
LKA,m,12-17,0,2008
LKA,m,18-59,0,2008
LKA,m,60+,0,2008
LTU,f,0-4,0,2008
LTU,f,5-11,0,2008
LTU,f,12-17,0,2008
LTU,f,18-59,0,2008
LTU,f,60+,0,2008
LTU,m,0-4,0,2008
LTU,m,5-11,0,2008
LTU,m,12-17,0,2008
LTU,m,18-59,0,2008
LTU,m,60+,0,2008
LVA,f,0-4,0,2008
LVA,f,5-11,8,2008
LVA,f,12-17,0,2008
LVA,f,18-59,0,2008
LVA,f,60+,0,2008
LVA,m,0-4,0,2008
LVA,m,5-11,0,2008
LVA,m,12-17,0,2008
LVA,m,18-59,0,2008
LVA,m,60+,0,2008
MDA,f,0-4,0,2008
MDA,f,5-11,0,2008
MDA,f,12-17,5,2008
MDA,f,18-59,0,2008
MDA,f,60+,0,2008
MDA,m,0-4,0,2008
MDA,m,5-11,0,2008
MDA,m,12-17,0,2008
MDA,m,18-59,5,2008
MDA,m,60+,0,2008
MLT,f,0-4,0,2008
MLT,f,5-11,0,2008
MLT,f,12-17,0,2008
MLT,f,18-59,0,2008
MLT,f,60+,0,2008
MLT,m,0-4,0,2008
MLT,m,5-11,0,2008
MLT,m,12-17,0,2008
MLT,m,18-59,0,2008
MLT,m,60+,0,2008
MYS,f,0-4,27,2008
MYS,f,5-11,51,2008
MYS,f,12-17,29,2008
MYS,f,18-59,105,2008
MYS,f,60+,0,2008
MYS,m,0-4,20,2008
MYS,m,5-11,32,2008
MYS,m,12-17,44,2008
MYS,m,18-59,157,2008
MYS,m,60+,0,2008
MYS,f,0-4,0,2008
MYS,f,5-11,0,2008
MYS,f,12-17,7,2008
MYS,f,18-59,12,2008
MYS,f,60+,0,2008
MYS,m,0-4,5,2008
MYS,m,5-11,5,2008
MYS,m,12-17,5,2008
MYS,m,18-59,28,2008
MYS,m,60+,0,2008
NLD,f,0-4,0,2008
NLD,f,5-11,0,2008
NLD,f,12-17,0,2008
NLD,f,18-59,0,2008
NLD,f,60+,0,2008
NLD,m,0-4,0,2008
NLD,m,5-11,0,2008
NLD,m,12-17,0,2008
NLD,m,18-59,0,2008
NLD,m,60+,0,2008
NOR,f,0-4,0,2008
NOR,f,5-11,0,2008
NOR,f,12-17,0,2008
NOR,f,18-59,0,2008
NOR,f,60+,0,2008
NOR,m,0-4,0,2008
NOR,m,5-11,0,2008
NOR,m,12-17,0,2008
NOR,m,18-59,0,2008
NOR,m,60+,0,2008
NOR,f,0-4,0,2008
NOR,f,5-11,0,2008
NOR,f,12-17,0,2008
NOR,f,18-59,0,2008
NOR,f,60+,0,2008
NOR,m,0-4,0,2008
NOR,m,5-11,0,2008
NOR,m,12-17,0,2008
NOR,m,18-59,0,2008
NOR,m,60+,0,2008
NZL,f,0-4,0,2008
NZL,f,5-11,0,2008
NZL,f,12-17,0,2008
NZL,f,18-59,0,2008
NZL,f,60+,0,2008
NZL,m,0-4,0,2008
NZL,m,5-11,0,2008
NZL,m,12-17,0,2008
NZL,m,18-59,0,2008
NZL,m,60+,0,2008
NZL,f,0-4,0,2008
NZL,f,5-11,0,2008
NZL,f,12-17,0,2008
NZL,f,18-59,0,2008
NZL,f,60+,0,2008
NZL,m,0-4,0,2008
NZL,m,5-11,0,2008
NZL,m,12-17,0,2008
NZL,m,18-59,0,2008
NZL,m,60+,0,2008
PAK,f,0-4,178,2008
PAK,f,5-11,312,2008
PAK,f,12-17,188,2008
PAK,f,18-59,462,2008
PAK,f,60+,59,2008
PAK,m,0-4,181,2008
PAK,m,5-11,339,2008
PAK,m,12-17,217,2008
PAK,m,18-59,511,2008
PAK,m,60+,88,2008
PAK,f,0-4,33020,2008
PAK,f,5-11,96060,2008
PAK,f,12-17,57501,2008
PAK,f,18-59,159375,2008
PAK,f,60+,9411,2008
PAK,m,0-4,34631,2008
PAK,m,5-11,102122,2008
PAK,m,12-17,68555,2008
PAK,m,18-59,185469,2008
PAK,m,60+,18791,2008
POL,f,0-4,0,2008
POL,f,5-11,0,2008
POL,f,12-17,0,2008
POL,f,18-59,0,2008
POL,f,60+,0,2008
POL,m,0-4,0,2008
POL,m,5-11,0,2008
POL,m,12-17,0,2008
POL,m,18-59,0,2008
POL,m,60+,0,2008
POL,f,0-4,0,2008
POL,f,5-11,0,2008
POL,f,12-17,0,2008
POL,f,18-59,0,2008
POL,f,60+,0,2008
POL,m,0-4,0,2008
POL,m,5-11,0,2008
POL,m,12-17,0,2008
POL,m,18-59,0,2008
POL,m,60+,0,2008
PRT,f,0-4,0,2008
PRT,f,5-11,0,2008
PRT,f,12-17,0,2008
PRT,f,18-59,0,2008
PRT,f,60+,0,2008
PRT,m,0-4,0,2008
PRT,m,5-11,0,2008
PRT,m,12-17,0,2008
PRT,m,18-59,0,2008
PRT,m,60+,0,2008
ROU,f,0-4,0,2008
ROU,f,5-11,0,2008
ROU,f,12-17,0,2008
ROU,f,18-59,0,2008
ROU,f,60+,0,2008
ROU,m,0-4,0,2008
ROU,m,5-11,0,2008
ROU,m,12-17,0,2008
ROU,m,18-59,0,2008
ROU,m,60+,0,2008
RUS,f,0-4,0,2008
RUS,f,5-11,0,2008
RUS,f,12-17,0,2008
RUS,f,18-59,0,2008
RUS,f,60+,0,2008
RUS,m,0-4,0,2008
RUS,m,5-11,0,2008
RUS,m,12-17,0,2008
RUS,m,18-59,0,2008
RUS,m,60+,0,2008
RUS,f,0-4,0,2008
RUS,f,5-11,0,2008
RUS,f,12-17,0,2008
RUS,f,18-59,0,2008
RUS,f,60+,0,2008
RUS,m,0-4,0,2008
RUS,m,5-11,0,2008
RUS,m,12-17,0,2008
RUS,m,18-59,0,2008
RUS,m,60+,0,2008
SAU,f,0-4,0,2008
SAU,f,5-11,0,2008
SAU,f,12-17,0,2008
SAU,f,18-59,0,2008
SAU,f,60+,0,2008
SAU,m,0-4,0,2008
SAU,m,5-11,0,2008
SAU,m,12-17,0,2008
SAU,m,18-59,5,2008
SAU,m,60+,0,2008
SVK,f,0-4,0,2008
SVK,f,5-11,0,2008
SVK,f,12-17,0,2008
SVK,f,18-59,0,2008
SVK,f,60+,0,2008
SVK,m,0-4,0,2008
SVK,m,5-11,9,2008
SVK,m,12-17,0,2008
SVK,m,18-59,9,2008
SVK,m,60+,0,2008
SVN,f,0-4,0,2008
SVN,f,5-11,0,2008
SVN,f,12-17,0,2008
SVN,f,18-59,0,2008
SVN,f,60+,0,2008
SVN,m,0-4,0,2008
SVN,m,5-11,0,2008
SVN,m,12-17,0,2008
SVN,m,18-59,0,2008
SVN,m,60+,0,2008
SWE,f,0-4,0,2008
SWE,f,5-11,0,2008
SWE,f,12-17,0,2008
SWE,f,18-59,0,2008
SWE,f,60+,0,2008
SWE,m,0-4,0,2008
SWE,m,5-11,0,2008
SWE,m,12-17,0,2008
SWE,m,18-59,0,2008
SWE,m,60+,0,2008
SWE,f,0-4,0,2008
SWE,f,5-11,0,2008
SWE,f,12-17,0,2008
SWE,f,18-59,0,2008
SWE,f,60+,0,2008
SWE,m,0-4,0,2008
SWE,m,5-11,0,2008
SWE,m,12-17,0,2008
SWE,m,18-59,0,2008
SWE,m,60+,0,2008
SYR,f,0-4,17,2008
SYR,f,5-11,19,2008
SYR,f,12-17,23,2008
SYR,f,18-59,65,2008
SYR,f,60+,0,2008
SYR,m,0-4,29,2008
SYR,m,5-11,26,2008
SYR,m,12-17,37,2008
SYR,m,18-59,73,2008
SYR,m,60+,0,2008
SYR,f,0-4,16,2008
SYR,f,5-11,28,2008
SYR,f,12-17,52,2008
SYR,f,18-59,126,2008
SYR,f,60+,10,2008
SYR,m,0-4,21,2008
SYR,m,5-11,43,2008
SYR,m,12-17,57,2008
SYR,m,18-59,147,2008
SYR,m,60+,17,2008
TJK,f,0-4,0,2008
TJK,f,5-11,0,2008
TJK,f,12-17,0,2008
TJK,f,18-59,0,2008
TJK,f,60+,0,2008
TJK,m,0-4,0,2008
TJK,m,5-11,0,2008
TJK,m,12-17,0,2008
TJK,m,18-59,0,2008
TJK,m,60+,0,2008
TJK,f,0-4,0,2008
TJK,f,5-11,0,2008
TJK,f,12-17,5,2008
TJK,f,18-59,10,2008
TJK,f,60+,0,2008
TJK,m,0-4,5,2008
TJK,m,5-11,0,2008
TJK,m,12-17,0,2008
TJK,m,18-59,6,2008
TJK,m,60+,0,2008
TKM,f,0-4,0,2008
TKM,f,5-11,0,2008
TKM,f,12-17,7,2008
TKM,f,18-59,13,2008
TKM,f,60+,0,2008
TKM,m,0-4,0,2008
TKM,m,5-11,6,2008
TKM,m,12-17,0,2008
TKM,m,18-59,20,2008
TKM,m,60+,0,2008
TUR,f,0-4,184,2008
TUR,f,5-11,216,2008
TUR,f,12-17,180,2008
TUR,f,18-59,623,2008
TUR,f,60+,11,2008
TUR,m,0-4,197,2008
TUR,m,5-11,260,2008
TUR,m,12-17,336,2008
TUR,m,18-59,787,2008
TUR,m,60+,15,2008
TUR,f,0-4,5,2008
TUR,f,5-11,39,2008
TUR,f,12-17,43,2008
TUR,f,18-59,66,2008
TUR,f,60+,0,2008
TUR,m,0-4,10,2008
TUR,m,5-11,26,2008
TUR,m,12-17,51,2008
TUR,m,18-59,107,2008
TUR,m,60+,0,2008
UKR,f,0-4,0,2008
UKR,f,5-11,7,2008
UKR,f,12-17,6,2008
UKR,f,18-59,16,2008
UKR,f,60+,0,2008
UKR,m,0-4,5,2008
UKR,m,5-11,0,2008
UKR,m,12-17,8,2008
UKR,m,18-59,87,2008
UKR,m,60+,0,2008
UKR,f,0-4,5,2008
UKR,f,5-11,0,2008
UKR,f,12-17,120,2008
UKR,f,18-59,188,2008
UKR,f,60+,13,2008
UKR,m,0-4,5,2008
UKR,m,5-11,0,2008
UKR,m,12-17,127,2008
UKR,m,18-59,676,2008
UKR,m,60+,22,2008
USA,f,0-4,0,2008
USA,f,5-11,0,2008
USA,f,12-17,0,2008
USA,f,18-59,0,2008
USA,f,60+,0,2008
USA,m,0-4,0,2008
USA,m,5-11,0,2008
USA,m,12-17,0,2008
USA,m,18-59,0,2008
USA,m,60+,0,2008
USA,f,0-4,0,2008
USA,f,5-11,0,2008
USA,f,12-17,0,2008
USA,f,18-59,0,2008
USA,f,60+,0,2008
USA,m,0-4,0,2008
USA,m,5-11,0,2008
USA,m,12-17,0,2008
USA,m,18-59,0,2008
USA,m,60+,0,2008
UZB,f,0-4,26,2008
UZB,f,5-11,86,2008
UZB,f,12-17,25,2008
UZB,f,18-59,223,2008
UZB,f,60+,11,2008
UZB,m,0-4,30,2008
UZB,m,5-11,58,2008
UZB,m,12-17,80,2008
UZB,m,18-59,260,2008
UZB,m,60+,10,2008
ZAF,f,0-4,0,2008
ZAF,f,5-11,0,2008
ZAF,f,12-17,0,2008
ZAF,f,18-59,0,2008
ZAF,f,60+,0,2008
ZAF,m,0-4,0,2008
ZAF,m,5-11,0,2008
ZAF,m,12-17,0,2008
ZAF,m,18-59,0,2008
ZAF,m,60+,0,2008
ARE,f,0-4,0,2009
ARE,f,5-11,0,2009
ARE,f,12-17,0,2009
ARE,f,18-59,0,2009
ARE,f,60+,0,2009
ARE,m,0-4,5,2009
ARE,m,5-11,0,2009
ARE,m,12-17,0,2009
ARE,m,18-59,0,2009
ARE,m,60+,0,2009
AUS,f,0-4,0,2009
AUS,f,5-11,0,2009
AUS,f,12-17,0,2009
AUS,f,18-59,0,2009
AUS,f,60+,0,2009
AUS,m,0-4,0,2009
AUS,m,5-11,0,2009
AUS,m,12-17,0,2009
AUS,m,18-59,0,2009
AUS,m,60+,0,2009
AUS,f,0-4,0,2009
AUS,f,5-11,0,2009
AUS,f,12-17,0,2009
AUS,f,18-59,0,2009
AUS,f,60+,0,2009
AUS,m,0-4,0,2009
AUS,m,5-11,0,2009
AUS,m,12-17,0,2009
AUS,m,18-59,0,2009
AUS,m,60+,0,2009
AUT,f,0-4,0,2009
AUT,f,5-11,0,2009
AUT,f,12-17,0,2009
AUT,f,18-59,0,2009
AUT,f,60+,0,2009
AUT,m,0-4,0,2009
AUT,m,5-11,0,2009
AUT,m,12-17,0,2009
AUT,m,18-59,0,2009
AUT,m,60+,0,2009
AUT,f,0-4,0,2009
AUT,f,5-11,0,2009
AUT,f,12-17,0,2009
AUT,f,18-59,0,2009
AUT,f,60+,0,2009
AUT,m,0-4,0,2009
AUT,m,5-11,0,2009
AUT,m,12-17,0,2009
AUT,m,18-59,0,2009
AUT,m,60+,0,2009
AZE,f,0-4,0,2009
AZE,f,5-11,0,2009
AZE,f,12-17,0,2009
AZE,f,18-59,0,2009
AZE,f,60+,0,2009
AZE,m,0-4,0,2009
AZE,m,5-11,0,2009
AZE,m,12-17,0,2009
AZE,m,18-59,5,2009
AZE,m,60+,0,2009
AZE,f,0-4,15,2009
AZE,f,5-11,31,2009
AZE,f,12-17,20,2009
AZE,f,18-59,77,2009
AZE,f,60+,9,2009
AZE,m,0-4,20,2009
AZE,m,5-11,32,2009
AZE,m,12-17,24,2009
AZE,m,18-59,272,2009
AZE,m,60+,8,2009
AZE,f,0-4,6,2009
AZE,f,5-11,10,2009
AZE,f,12-17,10,2009
AZE,f,18-59,39,2009
AZE,f,60+,0,2009
AZE,m,0-4,6,2009
AZE,m,5-11,14,2009
AZE,m,12-17,7,2009
AZE,m,18-59,57,2009
AZE,m,60+,0,2009
BEL,f,0-4,0,2009
BEL,f,5-11,0,2009
BEL,f,12-17,0,2009
BEL,f,18-59,0,2009
BEL,f,60+,0,2009
BEL,m,0-4,0,2009
BEL,m,5-11,0,2009
BEL,m,12-17,0,2009
BEL,m,18-59,0,2009
BEL,m,60+,0,2009
BGR,f,0-4,0,2009
BGR,f,5-11,0,2009
BGR,f,12-17,0,2009
BGR,f,18-59,7,2009
BGR,f,60+,5,2009
BGR,m,0-4,0,2009
BGR,m,5-11,5,2009
BGR,m,12-17,5,2009
BGR,m,18-59,31,2009
BGR,m,60+,5,2009
BGR,f,0-4,0,2009
BGR,f,5-11,0,2009
BGR,f,12-17,0,2009
BGR,f,18-59,0,2009
BGR,f,60+,0,2009
BGR,m,0-4,0,2009
BGR,m,5-11,0,2009
BGR,m,12-17,0,2009
BGR,m,18-59,0,2009
BGR,m,60+,0,2009
BLR,f,0-4,6,2009
BLR,f,5-11,0,2009
BLR,f,12-17,0,2009
BLR,f,18-59,6,2009
BLR,f,60+,0,2009
BLR,m,0-4,8,2009
BLR,m,5-11,14,2009
BLR,m,12-17,5,2009
BLR,m,18-59,17,2009
BLR,m,60+,0,2009
BLR,f,0-4,7,2009
BLR,f,5-11,43,2009
BLR,f,12-17,29,2009
BLR,f,18-59,76,2009
BLR,f,60+,8,2009
BLR,m,0-4,9,2009
BLR,m,5-11,19,2009
BLR,m,12-17,25,2009
BLR,m,18-59,187,2009
BLR,m,60+,5,2009
BRA,f,0-4,0,2009
BRA,f,5-11,0,2009
BRA,f,12-17,0,2009
BRA,f,18-59,5,2009
BRA,f,60+,0,2009
BRA,m,0-4,0,2009
BRA,m,5-11,0,2009
BRA,m,12-17,0,2009
BRA,m,18-59,7,2009
BRA,m,60+,0,2009
CAN,f,0-4,34,2009
CAN,f,5-11,49,2009
CAN,f,12-17,26,2009
CAN,f,18-59,149,2009
CAN,f,60+,18,2009
CAN,m,0-4,41,2009
CAN,m,5-11,41,2009
CAN,m,12-17,40,2009
CAN,m,18-59,286,2009
CAN,m,60+,6,2009
CAN,f,0-4,0,2009
CAN,f,5-11,0,2009
CAN,f,12-17,0,2009
CAN,f,18-59,0,2009
CAN,f,60+,0,2009
CAN,m,0-4,0,2009
CAN,m,5-11,0,2009
CAN,m,12-17,0,2009
CAN,m,18-59,0,2009
CAN,m,60+,0,2009
CHE,f,0-4,25,2009
CHE,f,5-11,30,2009
CHE,f,12-17,23,2009
CHE,f,18-59,102,2009
CHE,f,60+,5,2009
CHE,m,0-4,38,2009
CHE,m,5-11,40,2009
CHE,m,12-17,67,2009
CHE,m,18-59,533,2009
CHE,m,60+,6,2009
CHE,f,0-4,35,2009
CHE,f,5-11,64,2009
CHE,f,12-17,60,2009
CHE,f,18-59,153,2009
CHE,f,60+,20,2009
CHE,m,0-4,34,2009
CHE,m,5-11,60,2009
CHE,m,12-17,68,2009
CHE,m,18-59,391,2009
CHE,m,60+,18,2009
CHN,f,0-4,0,2009
CHN,f,5-11,0,2009
CHN,f,12-17,0,2009
CHN,f,18-59,0,2009
CHN,f,60+,0,2009
CHN,m,0-4,0,2009
CHN,m,5-11,0,2009
CHN,m,12-17,7,2009
CHN,m,18-59,0,2009
CHN,m,60+,0,2009
CIV,f,0-4,0,2009
CIV,f,5-11,0,2009
CIV,f,12-17,0,2009
CIV,f,18-59,9,2009
CIV,f,60+,0,2009
CIV,m,0-4,0,2009
CIV,m,5-11,0,2009
CIV,m,12-17,0,2009
CIV,m,18-59,8,2009
CIV,m,60+,0,2009
CYM,f,0-4,0,2009
CYM,f,5-11,0,2009
CYM,f,12-17,0,2009
CYM,f,18-59,0,2009
CYM,f,60+,0,2009
CYM,m,0-4,0,2009
CYM,m,5-11,0,2009
CYM,m,12-17,0,2009
CYM,m,18-59,5,2009
CYM,m,60+,0,2009
CYP,f,0-4,0,2009
CYP,f,5-11,0,2009
CYP,f,12-17,0,2009
CYP,f,18-59,0,2009
CYP,f,60+,0,2009
CYP,m,0-4,0,2009
CYP,m,5-11,0,2009
CYP,m,12-17,0,2009
CYP,m,18-59,0,2009
CYP,m,60+,0,2009
CYP,f,0-4,0,2009
CYP,f,5-11,0,2009
CYP,f,12-17,0,2009
CYP,f,18-59,0,2009
CYP,f,60+,0,2009
CYP,m,0-4,0,2009
CYP,m,5-11,0,2009
CYP,m,12-17,0,2009
CYP,m,18-59,0,2009
CYP,m,60+,0,2009
CZE,f,0-4,0,2009
CZE,f,5-11,0,2009
CZE,f,12-17,0,2009
CZE,f,18-59,0,2009
CZE,f,60+,0,2009
CZE,m,0-4,0,2009
CZE,m,5-11,0,2009
CZE,m,12-17,0,2009
CZE,m,18-59,0,2009
CZE,m,60+,0,2009
CZE,f,0-4,0,2009
CZE,f,5-11,0,2009
CZE,f,12-17,0,2009
CZE,f,18-59,0,2009
CZE,f,60+,0,2009
CZE,m,0-4,0,2009
CZE,m,5-11,0,2009
CZE,m,12-17,0,2009
CZE,m,18-59,0,2009
CZE,m,60+,0,2009
DEU,f,0-4,158,2009
DEU,f,5-11,217,2009
DEU,f,12-17,216,2009
DEU,f,18-59,700,2009
DEU,f,60+,67,2009
DEU,m,0-4,159,2009
DEU,m,5-11,232,2009
DEU,m,12-17,624,2009
DEU,m,18-59,1469,2009
DEU,m,60+,49,2009
DEU,f,0-4,0,2009
DEU,f,5-11,0,2009
DEU,f,12-17,0,2009
DEU,f,18-59,0,2009
DEU,f,60+,0,2009
DEU,m,0-4,0,2009
DEU,m,5-11,0,2009
DEU,m,12-17,0,2009
DEU,m,18-59,0,2009
DEU,m,60+,0,2009
DEU,f,0-4,277,2009
DEU,f,5-11,1253,2009
DEU,f,12-17,1831,2009
DEU,f,18-59,8511,2009
DEU,f,60+,2237,2009
DEU,m,0-4,282,2009
DEU,m,5-11,1333,2009
DEU,m,12-17,2138,2009
DEU,m,18-59,10907,2009
DEU,m,60+,1551,2009
DNK,f,0-4,0,2009
DNK,f,5-11,0,2009
DNK,f,12-17,0,2009
DNK,f,18-59,0,2009
DNK,f,60+,0,2009
DNK,m,0-4,0,2009
DNK,m,5-11,0,2009
DNK,m,12-17,0,2009
DNK,m,18-59,0,2009
DNK,m,60+,0,2009
DNK,f,0-4,0,2009
DNK,f,5-11,0,2009
DNK,f,12-17,0,2009
DNK,f,18-59,0,2009
DNK,f,60+,0,2009
DNK,m,0-4,0,2009
DNK,m,5-11,0,2009
DNK,m,12-17,0,2009
DNK,m,18-59,0,2009
DNK,m,60+,0,2009
ECU,f,0-4,0,2009
ECU,f,5-11,0,2009
ECU,f,12-17,0,2009
ECU,f,18-59,7,2009
ECU,f,60+,0,2009
ECU,m,0-4,0,2009
ECU,m,5-11,0,2009
ECU,m,12-17,5,2009
ECU,m,18-59,12,2009
ECU,m,60+,0,2009
ECU,f,0-4,0,2009
ECU,f,5-11,0,2009
ECU,f,12-17,11,2009
ECU,f,18-59,35,2009
ECU,f,60+,0,2009
ECU,m,0-4,0,2009
ECU,m,5-11,6,2009
ECU,m,12-17,8,2009
ECU,m,18-59,40,2009
ECU,m,60+,5,2009
ESP,f,0-4,0,2009
ESP,f,5-11,0,2009
ESP,f,12-17,0,2009
ESP,f,18-59,0,2009
ESP,f,60+,0,2009
ESP,m,0-4,0,2009
ESP,m,5-11,0,2009
ESP,m,12-17,0,2009
ESP,m,18-59,0,2009
ESP,m,60+,0,2009
EST,f,0-4,0,2009
EST,f,5-11,0,2009
EST,f,12-17,0,2009
EST,f,18-59,0,2009
EST,f,60+,0,2009
EST,m,0-4,0,2009
EST,m,5-11,0,2009
EST,m,12-17,0,2009
EST,m,18-59,9,2009
EST,m,60+,0,2009
EST,f,0-4,0,2009
EST,f,5-11,0,2009
EST,f,12-17,0,2009
EST,f,18-59,0,2009
EST,f,60+,0,2009
EST,m,0-4,0,2009
EST,m,5-11,0,2009
EST,m,12-17,0,2009
EST,m,18-59,6,2009
EST,m,60+,0,2009
FIN,f,0-4,0,2009
FIN,f,5-11,0,2009
FIN,f,12-17,0,2009
FIN,f,18-59,0,2009
FIN,f,60+,0,2009
FIN,m,0-4,0,2009
FIN,m,5-11,0,2009
FIN,m,12-17,0,2009
FIN,m,18-59,0,2009
FIN,m,60+,0,2009
FIN,f,0-4,0,2009
FIN,f,5-11,0,2009
FIN,f,12-17,0,2009
FIN,f,18-59,0,2009
FIN,f,60+,0,2009
FIN,m,0-4,0,2009
FIN,m,5-11,0,2009
FIN,m,12-17,0,2009
FIN,m,18-59,0,2009
FIN,m,60+,0,2009
FJI,f,0-4,0,2009
FJI,f,5-11,0,2009
FJI,f,12-17,0,2009
FJI,f,18-59,5,2009
FJI,f,60+,0,2009
FJI,m,0-4,0,2009
FJI,m,5-11,0,2009
FJI,m,12-17,0,2009
FJI,m,18-59,0,2009
FJI,m,60+,0,2009
FRA,f,0-4,0,2009
FRA,f,5-11,0,2009
FRA,f,12-17,0,2009
FRA,f,18-59,0,2009
FRA,f,60+,0,2009
FRA,m,0-4,0,2009
FRA,m,5-11,0,2009
FRA,m,12-17,0,2009
FRA,m,18-59,0,2009
FRA,m,60+,0,2009
GBR,f,0-4,0,2009
GBR,f,5-11,0,2009
GBR,f,12-17,0,2009
GBR,f,18-59,0,2009
GBR,f,60+,0,2009
GBR,m,0-4,0,2009
GBR,m,5-11,0,2009
GBR,m,12-17,0,2009
GBR,m,18-59,0,2009
GBR,m,60+,0,2009
GRC,f,0-4,0,2009
GRC,f,5-11,0,2009
GRC,f,12-17,0,2009
GRC,f,18-59,0,2009
GRC,f,60+,0,2009
GRC,m,0-4,0,2009
GRC,m,5-11,0,2009
GRC,m,12-17,0,2009
GRC,m,18-59,0,2009
GRC,m,60+,0,2009
HKG,f,0-4,0,2009
HKG,f,5-11,0,2009
HKG,f,12-17,0,2009
HKG,f,18-59,0,2009
HKG,f,60+,0,2009
HKG,m,0-4,5,2009
HKG,m,5-11,0,2009
HKG,m,12-17,0,2009
HKG,m,18-59,10,2009
HKG,m,60+,0,2009
HRV,f,0-4,0,2009
HRV,f,5-11,0,2009
HRV,f,12-17,0,2009
HRV,f,18-59,0,2009
HRV,f,60+,0,2009
HRV,m,0-4,0,2009
HRV,m,5-11,0,2009
HRV,m,12-17,9,2009
HRV,m,18-59,0,2009
HRV,m,60+,0,2009
HRV,f,0-4,0,2009
HRV,f,5-11,0,2009
HRV,f,12-17,0,2009
HRV,f,18-59,0,2009
HRV,f,60+,0,2009
HRV,m,0-4,0,2009
HRV,m,5-11,0,2009
HRV,m,12-17,0,2009
HRV,m,18-59,5,2009
HRV,m,60+,0,2009
HUN,f,0-4,0,2009
HUN,f,5-11,0,2009
HUN,f,12-17,0,2009
HUN,f,18-59,0,2009
HUN,f,60+,0,2009
HUN,m,0-4,0,2009
HUN,m,5-11,0,2009
HUN,m,12-17,0,2009
HUN,m,18-59,0,2009
HUN,m,60+,0,2009
HUN,f,0-4,5,2009
HUN,f,5-11,5,2009
HUN,f,12-17,11,2009
HUN,f,18-59,21,2009
HUN,f,60+,0,2009
HUN,m,0-4,0,2009
HUN,m,5-11,19,2009
HUN,m,12-17,269,2009
HUN,m,18-59,1554,2009
HUN,m,60+,23,2009
IDN,f,0-4,8,2009
IDN,f,5-11,10,2009
IDN,f,12-17,8,2009
IDN,f,18-59,44,2009
IDN,f,60+,0,2009
IDN,m,0-4,7,2009
IDN,m,5-11,24,2009
IDN,m,12-17,167,2009
IDN,m,18-59,1143,2009
IDN,m,60+,0,2009
IDN,f,0-4,6,2009
IDN,f,5-11,7,2009
IDN,f,12-17,7,2009
IDN,f,18-59,25,2009
IDN,f,60+,0,2009
IDN,m,0-4,5,2009
IDN,m,5-11,11,2009
IDN,m,12-17,48,2009
IDN,m,18-59,106,2009
IDN,m,60+,5,2009
IND,f,0-4,70,2009
IND,f,5-11,113,2009
IND,f,12-17,109,2009
IND,f,18-59,336,2009
IND,f,60+,18,2009
IND,m,0-4,83,2009
IND,m,5-11,125,2009
IND,m,12-17,126,2009
IND,m,18-59,335,2009
IND,m,60+,20,2009
IND,f,0-4,236,2009
IND,f,5-11,388,2009
IND,f,12-17,635,2009
IND,f,18-59,3047,2009
IND,f,60+,307,2009
IND,m,0-4,255,2009
IND,m,5-11,457,2009
IND,m,12-17,758,2009
IND,m,18-59,2180,2009
IND,m,60+,265,2009
IRL,f,0-4,0,2009
IRL,f,5-11,0,2009
IRL,f,12-17,0,2009
IRL,f,18-59,0,2009
IRL,f,60+,0,2009
IRL,m,0-4,0,2009
IRL,m,5-11,0,2009
IRL,m,12-17,0,2009
IRL,m,18-59,0,2009
IRL,m,60+,0,2009
IRL,f,0-4,0,2009
IRL,f,5-11,0,2009
IRL,f,12-17,0,2009
IRL,f,18-59,0,2009
IRL,f,60+,0,2009
IRL,m,0-4,0,2009
IRL,m,5-11,0,2009
IRL,m,12-17,0,2009
IRL,m,18-59,0,2009
IRL,m,60+,0,2009
IRN,f,0-4,0,2009
IRN,f,5-11,138,2009
IRN,f,12-17,167,2009
IRN,f,18-59,453,2009
IRN,f,60+,28,2009
IRN,m,0-4,0,2009
IRN,m,5-11,147,2009
IRN,m,12-17,185,2009
IRN,m,18-59,558,2009
IRN,m,60+,42,2009
IRN,f,0-4,20,2009
IRN,f,5-11,82928,2009
IRN,f,12-17,100414,2009
IRN,f,18-59,269263,2009
IRN,f,60+,15718,2009
IRN,m,0-4,20,2009
IRN,m,5-11,88548,2009
IRN,m,12-17,111047,2009
IRN,m,18-59,329475,2009
IRN,m,60+,25061,2009
ISL,f,0-4,0,2009
ISL,f,5-11,0,2009
ISL,f,12-17,0,2009
ISL,f,18-59,0,2009
ISL,f,60+,0,2009
ISL,m,0-4,0,2009
ISL,m,5-11,0,2009
ISL,m,12-17,0,2009
ISL,m,18-59,5,2009
ISL,m,60+,0,2009
ITA,f,0-4,0,2009
ITA,f,5-11,0,2009
ITA,f,12-17,0,2009
ITA,f,18-59,0,2009
ITA,f,60+,0,2009
ITA,m,0-4,0,2009
ITA,m,5-11,0,2009
ITA,m,12-17,0,2009
ITA,m,18-59,0,2009
ITA,m,60+,0,2009
JOR,f,0-4,0,2009
JOR,f,5-11,7,2009
JOR,f,12-17,0,2009
JOR,f,18-59,0,2009
JOR,f,60+,0,2009
JOR,m,0-4,0,2009
JOR,m,5-11,0,2009
JOR,m,12-17,5,2009
JOR,m,18-59,8,2009
JOR,m,60+,0,2009
JOR,f,0-4,0,2009
JOR,f,5-11,0,2009
JOR,f,12-17,0,2009
JOR,f,18-59,0,2009
JOR,f,60+,0,2009
JOR,m,0-4,0,2009
JOR,m,5-11,0,2009
JOR,m,12-17,0,2009
JOR,m,18-59,5,2009
JOR,m,60+,0,2009
JPN,f,0-4,0,2009
JPN,f,5-11,0,2009
JPN,f,12-17,0,2009
JPN,f,18-59,0,2009
JPN,f,60+,0,2009
JPN,m,0-4,0,2009
JPN,m,5-11,0,2009
JPN,m,12-17,0,2009
JPN,m,18-59,0,2009
JPN,m,60+,0,2009
KAZ,f,0-4,0,2009
KAZ,f,5-11,0,2009
KAZ,f,12-17,0,2009
KAZ,f,18-59,0,2009
KAZ,f,60+,0,2009
KAZ,m,0-4,0,2009
KAZ,m,5-11,0,2009
KAZ,m,12-17,0,2009
KAZ,m,18-59,0,2009
KAZ,m,60+,0,2009
KAZ,f,0-4,5,2009
KAZ,f,5-11,16,2009
KAZ,f,12-17,40,2009
KAZ,f,18-59,121,2009
KAZ,f,60+,5,2009
KAZ,m,0-4,5,2009
KAZ,m,5-11,14,2009
KAZ,m,12-17,30,2009
KAZ,m,18-59,187,2009
KAZ,m,60+,6,2009
KGZ,f,0-4,17,2009
KGZ,f,5-11,24,2009
KGZ,f,12-17,24,2009
KGZ,f,18-59,66,2009
KGZ,f,60+,0,2009
KGZ,m,0-4,18,2009
KGZ,m,5-11,27,2009
KGZ,m,12-17,21,2009
KGZ,m,18-59,116,2009
KGZ,m,60+,5,2009
KGZ,f,0-4,5,2009
KGZ,f,5-11,14,2009
KGZ,f,12-17,20,2009
KGZ,f,18-59,98,2009
KGZ,f,60+,5,2009
KGZ,m,0-4,5,2009
KGZ,m,5-11,8,2009
KGZ,m,12-17,14,2009
KGZ,m,18-59,148,2009
KGZ,m,60+,6,2009
KOR,f,0-4,0,2009
KOR,f,5-11,0,2009
KOR,f,12-17,0,2009
KOR,f,18-59,0,2009
KOR,f,60+,0,2009
KOR,m,0-4,0,2009
KOR,m,5-11,0,2009
KOR,m,12-17,0,2009
KOR,m,18-59,9,2009
KOR,m,60+,0,2009
KWT,f,0-4,0,2009
KWT,f,5-11,0,2009
KWT,f,12-17,9,2009
KWT,f,18-59,15,2009
KWT,f,60+,0,2009
KWT,m,0-4,0,2009
KWT,m,5-11,6,2009
KWT,m,12-17,18,2009
KWT,m,18-59,1752,2009
KWT,m,60+,0,2009
LBN,f,0-4,0,2009
LBN,f,5-11,0,2009
LBN,f,12-17,0,2009
LBN,f,18-59,0,2009
LBN,f,60+,0,2009
LBN,m,0-4,0,2009
LBN,m,5-11,0,2009
LBN,m,12-17,0,2009
LBN,m,18-59,6,2009
LBN,m,60+,0,2009
LBN,f,0-4,0,2009
LBN,f,5-11,0,2009
LBN,f,12-17,0,2009
LBN,f,18-59,0,2009
LBN,f,60+,0,2009
LBN,m,0-4,0,2009
LBN,m,5-11,0,2009
LBN,m,12-17,0,2009
LBN,m,18-59,8,2009
LBN,m,60+,0,2009
LKA,f,0-4,0,2009
LKA,f,5-11,0,2009
LKA,f,12-17,0,2009
LKA,f,18-59,0,2009
LKA,f,60+,0,2009
LKA,m,0-4,0,2009
LKA,m,5-11,0,2009
LKA,m,12-17,0,2009
LKA,m,18-59,0,2009
LKA,m,60+,0,2009
LTU,f,0-4,0,2009
LTU,f,5-11,0,2009
LTU,f,12-17,0,2009
LTU,f,18-59,0,2009
LTU,f,60+,0,2009
LTU,m,0-4,0,2009
LTU,m,5-11,0,2009
LTU,m,12-17,0,2009
LTU,m,18-59,5,2009
LTU,m,60+,0,2009
LTU,f,0-4,0,2009
LTU,f,5-11,0,2009
LTU,f,12-17,0,2009
LTU,f,18-59,0,2009
LTU,f,60+,0,2009
LTU,m,0-4,0,2009
LTU,m,5-11,0,2009
LTU,m,12-17,5,2009
LTU,m,18-59,0,2009
LTU,m,60+,0,2009
LUX,f,0-4,0,2009
LUX,f,5-11,0,2009
LUX,f,12-17,0,2009
LUX,f,18-59,0,2009
LUX,f,60+,0,2009
LUX,m,0-4,0,2009
LUX,m,5-11,0,2009
LUX,m,12-17,0,2009
LUX,m,18-59,0,2009
LUX,m,60+,0,2009
LVA,f,0-4,0,2009
LVA,f,5-11,6,2009
LVA,f,12-17,5,2009
LVA,f,18-59,0,2009
LVA,f,60+,0,2009
LVA,m,0-4,0,2009
LVA,m,5-11,0,2009
LVA,m,12-17,9,2009
LVA,m,18-59,0,2009
LVA,m,60+,0,2009
LVA,f,0-4,0,2009
LVA,f,5-11,0,2009
LVA,f,12-17,0,2009
LVA,f,18-59,0,2009
LVA,f,60+,0,2009
LVA,m,0-4,0,2009
LVA,m,5-11,0,2009
LVA,m,12-17,0,2009
LVA,m,18-59,5,2009
LVA,m,60+,0,2009
MDA,f,0-4,0,2009
MDA,f,5-11,0,2009
MDA,f,12-17,0,2009
MDA,f,18-59,0,2009
MDA,f,60+,0,2009
MDA,m,0-4,0,2009
MDA,m,5-11,7,2009
MDA,m,12-17,0,2009
MDA,m,18-59,0,2009
MDA,m,60+,0,2009
MDA,f,0-4,0,2009
MDA,f,5-11,0,2009
MDA,f,12-17,0,2009
MDA,f,18-59,0,2009
MDA,f,60+,0,2009
MDA,m,0-4,0,2009
MDA,m,5-11,0,2009
MDA,m,12-17,0,2009
MDA,m,18-59,9,2009
MDA,m,60+,0,2009
MLT,f,0-4,0,2009
MLT,f,5-11,0,2009
MLT,f,12-17,0,2009
MLT,f,18-59,0,2009
MLT,f,60+,0,2009
MLT,m,0-4,0,2009
MLT,m,5-11,0,2009
MLT,m,12-17,0,2009
MLT,m,18-59,0,2009
MLT,m,60+,0,2009
MYS,f,0-4,17,2009
MYS,f,5-11,27,2009
MYS,f,12-17,17,2009
MYS,f,18-59,67,2009
MYS,f,60+,0,2009
MYS,m,0-4,16,2009
MYS,m,5-11,22,2009
MYS,m,12-17,27,2009
MYS,m,18-59,103,2009
MYS,m,60+,0,2009
MYS,f,0-4,13,2009
MYS,f,5-11,19,2009
MYS,f,12-17,17,2009
MYS,f,18-59,63,2009
MYS,f,60+,0,2009
MYS,m,0-4,13,2009
MYS,m,5-11,15,2009
MYS,m,12-17,19,2009
MYS,m,18-59,84,2009
MYS,m,60+,5,2009
NLD,f,0-4,0,2009
NLD,f,5-11,0,2009
NLD,f,12-17,0,2009
NLD,f,18-59,0,2009
NLD,f,60+,0,2009
NLD,m,0-4,0,2009
NLD,m,5-11,0,2009
NLD,m,12-17,0,2009
NLD,m,18-59,0,2009
NLD,m,60+,0,2009
NLD,f,0-4,0,2009
NLD,f,5-11,0,2009
NLD,f,12-17,0,2009
NLD,f,18-59,0,2009
NLD,f,60+,0,2009
NLD,m,0-4,0,2009
NLD,m,5-11,0,2009
NLD,m,12-17,0,2009
NLD,m,18-59,0,2009
NLD,m,60+,0,2009
NOR,f,0-4,0,2009
NOR,f,5-11,0,2009
NOR,f,12-17,0,2009
NOR,f,18-59,0,2009
NOR,f,60+,0,2009
NOR,m,0-4,0,2009
NOR,m,5-11,0,2009
NOR,m,12-17,0,2009
NOR,m,18-59,0,2009
NOR,m,60+,0,2009
NOR,f,0-4,0,2009
NOR,f,5-11,0,2009
NOR,f,12-17,0,2009
NOR,f,18-59,0,2009
NOR,f,60+,0,2009
NOR,m,0-4,0,2009
NOR,m,5-11,0,2009
NOR,m,12-17,0,2009
NOR,m,18-59,0,2009
NOR,m,60+,0,2009
NZL,f,0-4,0,2009
NZL,f,5-11,0,2009
NZL,f,12-17,0,2009
NZL,f,18-59,0,2009
NZL,f,60+,0,2009
NZL,m,0-4,0,2009
NZL,m,5-11,0,2009
NZL,m,12-17,0,2009
NZL,m,18-59,0,2009
NZL,m,60+,0,2009
NZL,f,0-4,0,2009
NZL,f,5-11,0,2009
NZL,f,12-17,0,2009
NZL,f,18-59,0,2009
NZL,f,60+,0,2009
NZL,m,0-4,0,2009
NZL,m,5-11,0,2009
NZL,m,12-17,0,2009
NZL,m,18-59,0,2009
NZL,m,60+,0,2009
PAK,f,0-4,68,2009
PAK,f,5-11,211,2009
PAK,f,12-17,247,2009
PAK,f,18-59,601,2009
PAK,f,60+,40,2009
PAK,m,0-4,84,2009
PAK,m,5-11,211,2009
PAK,m,12-17,230,2009
PAK,m,18-59,464,2009
PAK,m,60+,33,2009
PAK,f,0-4,22251,2009
PAK,f,5-11,99856,2009
PAK,f,12-17,56422,2009
PAK,f,18-59,163878,2009
PAK,f,60+,9456,2009
PAK,m,0-4,23687,2009
PAK,m,5-11,105475,2009
PAK,m,12-17,66314,2009
PAK,m,18-59,192329,2009
PAK,m,60+,18948,2009
PAN,f,0-4,0,2009
PAN,f,5-11,0,2009
PAN,f,12-17,0,2009
PAN,f,18-59,0,2009
PAN,f,60+,0,2009
PAN,m,0-4,0,2009
PAN,m,5-11,0,2009
PAN,m,12-17,0,2009
PAN,m,18-59,5,2009
PAN,m,60+,0,2009
POL,f,0-4,0,2009
POL,f,5-11,0,2009
POL,f,12-17,0,2009
POL,f,18-59,0,2009
POL,f,60+,0,2009
POL,m,0-4,0,2009
POL,m,5-11,0,2009
POL,m,12-17,0,2009
POL,m,18-59,0,2009
POL,m,60+,0,2009
POL,f,0-4,0,2009
POL,f,5-11,0,2009
POL,f,12-17,0,2009
POL,f,18-59,0,2009
POL,f,60+,0,2009
POL,m,0-4,0,2009
POL,m,5-11,0,2009
POL,m,12-17,0,2009
POL,m,18-59,0,2009
POL,m,60+,0,2009
PRT,f,0-4,0,2009
PRT,f,5-11,0,2009
PRT,f,12-17,0,2009
PRT,f,18-59,0,2009
PRT,f,60+,0,2009
PRT,m,0-4,0,2009
PRT,m,5-11,0,2009
PRT,m,12-17,0,2009
PRT,m,18-59,0,2009
PRT,m,60+,0,2009
ROU,f,0-4,0,2009
ROU,f,5-11,0,2009
ROU,f,12-17,0,2009
ROU,f,18-59,0,2009
ROU,f,60+,0,2009
ROU,m,0-4,0,2009
ROU,m,5-11,0,2009
ROU,m,12-17,0,2009
ROU,m,18-59,0,2009
ROU,m,60+,0,2009
ROU,f,0-4,0,2009
ROU,f,5-11,0,2009
ROU,f,12-17,0,2009
ROU,f,18-59,0,2009
ROU,f,60+,0,2009
ROU,m,0-4,0,2009
ROU,m,5-11,0,2009
ROU,m,12-17,0,2009
ROU,m,18-59,0,2009
ROU,m,60+,0,2009
RUS,f,0-4,0,2009
RUS,f,5-11,0,2009
RUS,f,12-17,0,2009
RUS,f,18-59,0,2009
RUS,f,60+,0,2009
RUS,m,0-4,0,2009
RUS,m,5-11,0,2009
RUS,m,12-17,0,2009
RUS,m,18-59,0,2009
RUS,m,60+,0,2009
RUS,f,0-4,0,2009
RUS,f,5-11,0,2009
RUS,f,12-17,0,2009
RUS,f,18-59,0,2009
RUS,f,60+,0,2009
RUS,m,0-4,0,2009
RUS,m,5-11,0,2009
RUS,m,12-17,0,2009
RUS,m,18-59,0,2009
RUS,m,60+,0,2009
SRB,f,0-4,0,2009
SRB,f,5-11,0,2009
SRB,f,12-17,0,2009
SRB,f,18-59,0,2009
SRB,f,60+,0,2009
SRB,m,0-4,0,2009
SRB,m,5-11,0,2009
SRB,m,12-17,0,2009
SRB,m,18-59,15,2009
SRB,m,60+,0,2009
SVK,f,0-4,0,2009
SVK,f,5-11,0,2009
SVK,f,12-17,0,2009
SVK,f,18-59,0,2009
SVK,f,60+,0,2009
SVK,m,0-4,0,2009
SVK,m,5-11,0,2009
SVK,m,12-17,0,2009
SVK,m,18-59,0,2009
SVK,m,60+,0,2009
SVN,f,0-4,0,2009
SVN,f,5-11,0,2009
SVN,f,12-17,0,2009
SVN,f,18-59,0,2009
SVN,f,60+,0,2009
SVN,m,0-4,0,2009
SVN,m,5-11,0,2009
SVN,m,12-17,0,2009
SVN,m,18-59,0,2009
SVN,m,60+,0,2009
SVN,f,0-4,0,2009
SVN,f,5-11,0,2009
SVN,f,12-17,0,2009
SVN,f,18-59,0,2009
SVN,f,60+,0,2009
SVN,m,0-4,0,2009
SVN,m,5-11,0,2009
SVN,m,12-17,0,2009
SVN,m,18-59,0,2009
SVN,m,60+,0,2009
SWE,f,0-4,0,2009
SWE,f,5-11,0,2009
SWE,f,12-17,0,2009
SWE,f,18-59,0,2009
SWE,f,60+,0,2009
SWE,m,0-4,0,2009
SWE,m,5-11,0,2009
SWE,m,12-17,0,2009
SWE,m,18-59,0,2009
SWE,m,60+,0,2009
SWE,f,0-4,0,2009
SWE,f,5-11,0,2009
SWE,f,12-17,0,2009
SWE,f,18-59,0,2009
SWE,f,60+,0,2009
SWE,m,0-4,0,2009
SWE,m,5-11,0,2009
SWE,m,12-17,0,2009
SWE,m,18-59,0,2009
SWE,m,60+,0,2009
SYR,f,0-4,23,2009
SYR,f,5-11,33,2009
SYR,f,12-17,37,2009
SYR,f,18-59,104,2009
SYR,f,60+,8,2009
SYR,m,0-4,48,2009
SYR,m,5-11,49,2009
SYR,m,12-17,33,2009
SYR,m,18-59,127,2009
SYR,m,60+,5,2009
SYR,f,0-4,30,2009
SYR,f,5-11,83,2009
SYR,f,12-17,88,2009
SYR,f,18-59,239,2009
SYR,f,60+,16,2009
SYR,m,0-4,33,2009
SYR,m,5-11,82,2009
SYR,m,12-17,109,2009
SYR,m,18-59,260,2009
SYR,m,60+,23,2009
TJK,f,0-4,0,2009
TJK,f,5-11,0,2009
TJK,f,12-17,7,2009
TJK,f,18-59,6,2009
TJK,f,60+,0,2009
TJK,m,0-4,0,2009
TJK,m,5-11,0,2009
TJK,m,12-17,6,2009
TJK,m,18-59,5,2009
TJK,m,60+,0,2009
TJK,f,0-4,0,2009
TJK,f,5-11,7,2009
TJK,f,12-17,0,2009
TJK,f,18-59,10,2009
TJK,f,60+,0,2009
TJK,m,0-4,0,2009
TJK,m,5-11,6,2009
TJK,m,12-17,0,2009
TJK,m,18-59,8,2009
TJK,m,60+,0,2009
TKM,f,0-4,0,2009
TKM,f,5-11,0,2009
TKM,f,12-17,6,2009
TKM,f,18-59,6,2009
TKM,f,60+,0,2009
TKM,m,0-4,0,2009
TKM,m,5-11,0,2009
TKM,m,12-17,0,2009
TKM,m,18-59,17,2009
TKM,m,60+,0,2009
TUR,f,0-4,75,2009
TUR,f,5-11,152,2009
TUR,f,12-17,112,2009
TUR,f,18-59,424,2009
TUR,f,60+,0,2009
TUR,m,0-4,73,2009
TUR,m,5-11,152,2009
TUR,m,12-17,196,2009
TUR,m,18-59,695,2009
TUR,m,60+,17,2009
TUR,f,0-4,47,2009
TUR,f,5-11,65,2009
TUR,f,12-17,99,2009
TUR,f,18-59,263,2009
TUR,f,60+,7,2009
TUR,m,0-4,36,2009
TUR,m,5-11,76,2009
TUR,m,12-17,122,2009
TUR,m,18-59,319,2009
TUR,m,60+,6,2009
UKR,f,0-4,0,2009
UKR,f,5-11,7,2009
UKR,f,12-17,11,2009
UKR,f,18-59,33,2009
UKR,f,60+,0,2009
UKR,m,0-4,0,2009
UKR,m,5-11,5,2009
UKR,m,12-17,41,2009
UKR,m,18-59,282,2009
UKR,m,60+,0,2009
UKR,f,0-4,10,2009
UKR,f,5-11,6,2009
UKR,f,12-17,145,2009
UKR,f,18-59,204,2009
UKR,f,60+,13,2009
UKR,m,0-4,6,2009
UKR,m,5-11,5,2009
UKR,m,12-17,144,2009
UKR,m,18-59,684,2009
UKR,m,60+,22,2009
USA,f,0-4,0,2009
USA,f,5-11,0,2009
USA,f,12-17,0,2009
USA,f,18-59,0,2009
USA,f,60+,0,2009
USA,m,0-4,0,2009
USA,m,5-11,0,2009
USA,m,12-17,0,2009
USA,m,18-59,0,2009
USA,m,60+,0,2009
USA,f,0-4,0,2009
USA,f,5-11,0,2009
USA,f,12-17,0,2009
USA,f,18-59,0,2009
USA,f,60+,0,2009
USA,m,0-4,0,2009
USA,m,5-11,0,2009
USA,m,12-17,0,2009
USA,m,18-59,0,2009
USA,m,60+,0,2009
UZB,f,0-4,24,2009
UZB,f,5-11,31,2009
UZB,f,12-17,47,2009
UZB,f,18-59,144,2009
UZB,f,60+,6,2009
UZB,m,0-4,26,2009
UZB,m,5-11,28,2009
UZB,m,12-17,39,2009
UZB,m,18-59,191,2009
UZB,m,60+,10,2009
ZAF,f,0-4,0,2009
ZAF,f,5-11,0,2009
ZAF,f,12-17,0,2009
ZAF,f,18-59,0,2009
ZAF,f,60+,0,2009
ZAF,m,0-4,0,2009
ZAF,m,5-11,0,2009
ZAF,m,12-17,0,2009
ZAF,m,18-59,0,2009
ZAF,m,60+,0,2009
ARE,f,0-4,0,2001
ARE,f,5-11,0,2001
ARE,f,12-17,0,2001
ARE,f,18-59,0,2001
ARE,f,60+,0,2001
ARE,m,0-4,0,2001
ARE,m,5-11,5,2001
ARE,m,12-17,6,2001
ARE,m,18-59,5,2001
ARE,m,60+,0,2001
ARE,f,0-4,0,2001
ARE,f,5-11,0,2001
ARE,f,12-17,6,2001
ARE,f,18-59,0,2001
ARE,f,60+,0,2001
ARE,m,0-4,0,2001
ARE,m,5-11,0,2001
ARE,m,12-17,0,2001
ARE,m,18-59,0,2001
ARE,m,60+,0,2001
AUS,f,0-4,0,2001
AUS,f,5-11,0,2001
AUS,f,12-17,0,2001
AUS,f,18-59,0,2001
AUS,f,60+,0,2001
AUS,m,0-4,0,2001
AUS,m,5-11,0,2001
AUS,m,12-17,0,2001
AUS,m,18-59,0,2001
AUS,m,60+,0,2001
AUS,f,0-4,0,2001
AUS,f,5-11,0,2001
AUS,f,12-17,0,2001
AUS,f,18-59,0,2001
AUS,f,60+,0,2001
AUS,m,0-4,0,2001
AUS,m,5-11,0,2001
AUS,m,12-17,0,2001
AUS,m,18-59,0,2001
AUS,m,60+,0,2001
AUT,f,0-4,0,2001
AUT,f,5-11,0,2001
AUT,f,12-17,0,2001
AUT,f,18-59,0,2001
AUT,f,60+,0,2001
AUT,m,0-4,0,2001
AUT,m,5-11,0,2001
AUT,m,12-17,0,2001
AUT,m,18-59,0,2001
AUT,m,60+,0,2001
AZE,f,0-4,36,2001
AZE,f,5-11,76,2001
AZE,f,12-17,65,2001
AZE,f,18-59,83,2001
AZE,f,60+,6,2001
AZE,m,0-4,47,2001
AZE,m,5-11,79,2001
AZE,m,12-17,67,2001
AZE,m,18-59,460,2001
AZE,m,60+,12,2001
AZE,f,0-4,8,2001
AZE,f,5-11,12,2001
AZE,f,12-17,10,2001
AZE,f,18-59,38,2001
AZE,f,60+,0,2001
AZE,m,0-4,9,2001
AZE,m,5-11,26,2001
AZE,m,12-17,22,2001
AZE,m,18-59,118,2001
AZE,m,60+,0,2001
BEL,f,0-4,0,2001
BEL,f,5-11,0,2001
BEL,f,12-17,0,2001
BEL,f,18-59,0,2001
BEL,f,60+,0,2001
BEL,m,0-4,0,2001
BEL,m,5-11,0,2001
BEL,m,12-17,0,2001
BEL,m,18-59,0,2001
BEL,m,60+,0,2001
BGR,f,0-4,0,2001
BGR,f,5-11,40,2001
BGR,f,12-17,35,2001
BGR,f,18-59,75,2001
BGR,f,60+,0,2001
BGR,m,0-4,0,2001
BGR,m,5-11,41,2001
BGR,m,12-17,36,2001
BGR,m,18-59,396,2001
BGR,m,60+,0,2001
BGR,f,0-4,0,2001
BGR,f,5-11,0,2001
BGR,f,12-17,0,2001
BGR,f,18-59,0,2001
BGR,f,60+,0,2001
BGR,m,0-4,0,2001
BGR,m,5-11,0,2001
BGR,m,12-17,0,2001
BGR,m,18-59,0,2001
BGR,m,60+,0,2001
BLR,f,0-4,5,2001
BLR,f,5-11,22,2001
BLR,f,12-17,26,2001
BLR,f,18-59,38,2001
BLR,f,60+,0,2001
BLR,m,0-4,5,2001
BLR,m,5-11,16,2001
BLR,m,12-17,15,2001
BLR,m,18-59,86,2001
BLR,m,60+,0,2001
BLR,f,0-4,9,2001
BLR,f,5-11,40,2001
BLR,f,12-17,36,2001
BLR,f,18-59,81,2001
BLR,f,60+,6,2001
BLR,m,0-4,9,2001
BLR,m,5-11,34,2001
BLR,m,12-17,35,2001
BLR,m,18-59,199,2001
BLR,m,60+,5,2001
BRA,f,0-4,0,2001
BRA,f,5-11,0,2001
BRA,f,12-17,0,2001
BRA,f,18-59,0,2001
BRA,f,60+,0,2001
BRA,m,0-4,0,2001
BRA,m,5-11,0,2001
BRA,m,12-17,0,2001
BRA,m,18-59,0,2001
BRA,m,60+,0,2001
CAN,f,0-4,0,2001
CAN,f,5-11,0,2001
CAN,f,12-17,0,2001
CAN,f,18-59,0,2001
CAN,f,60+,0,2001
CAN,m,0-4,0,2001
CAN,m,5-11,0,2001
CAN,m,12-17,0,2001
CAN,m,18-59,0,2001
CAN,m,60+,0,2001
CAN,f,0-4,0,2001
CAN,f,5-11,0,2001
CAN,f,12-17,0,2001
CAN,f,18-59,0,2001
CAN,f,60+,0,2001
CAN,m,0-4,0,2001
CAN,m,5-11,0,2001
CAN,m,12-17,0,2001
CAN,m,18-59,0,2001
CAN,m,60+,0,2001
CHE,f,0-4,35,2001
CHE,f,5-11,40,2001
CHE,f,12-17,34,2001
CHE,f,18-59,110,2001
CHE,f,60+,9,2001
CHE,m,0-4,38,2001
CHE,m,5-11,61,2001
CHE,m,12-17,52,2001
CHE,m,18-59,324,2001
CHE,m,60+,0,2001
CHE,f,0-4,0,2001
CHE,f,5-11,0,2001
CHE,f,12-17,0,2001
CHE,f,18-59,0,2001
CHE,f,60+,0,2001
CHE,m,0-4,0,2001
CHE,m,5-11,0,2001
CHE,m,12-17,0,2001
CHE,m,18-59,0,2001
CHE,m,60+,0,2001
CHL,f,0-4,0,2001
CHL,f,5-11,0,2001
CHL,f,12-17,0,2001
CHL,f,18-59,0,2001
CHL,f,60+,0,2001
CHL,m,0-4,0,2001
CHL,m,5-11,0,2001
CHL,m,12-17,0,2001
CHL,m,18-59,5,2001
CHL,m,60+,0,2001
CIV,f,0-4,0,2001
CIV,f,5-11,0,2001
CIV,f,12-17,0,2001
CIV,f,18-59,6,2001
CIV,f,60+,0,2001
CIV,m,0-4,0,2001
CIV,m,5-11,0,2001
CIV,m,12-17,0,2001
CIV,m,18-59,0,2001
CIV,m,60+,0,2001
CIV,f,0-4,0,2001
CIV,f,5-11,0,2001
CIV,f,12-17,0,2001
CIV,f,18-59,0,2001
CIV,f,60+,0,2001
CIV,m,0-4,0,2001
CIV,m,5-11,0,2001
CIV,m,12-17,0,2001
CIV,m,18-59,5,2001
CIV,m,60+,0,2001
CUB,f,0-4,0,2001
CUB,f,5-11,8,2001
CUB,f,12-17,0,2001
CUB,f,18-59,0,2001
CUB,f,60+,0,2001
CUB,m,0-4,0,2001
CUB,m,5-11,0,2001
CUB,m,12-17,6,2001
CUB,m,18-59,12,2001
CUB,m,60+,0,2001
CYP,f,0-4,0,2001
CYP,f,5-11,0,2001
CYP,f,12-17,0,2001
CYP,f,18-59,0,2001
CYP,f,60+,0,2001
CYP,m,0-4,0,2001
CYP,m,5-11,0,2001
CYP,m,12-17,0,2001
CYP,m,18-59,0,2001
CYP,m,60+,0,2001
CYP,f,0-4,0,2001
CYP,f,5-11,0,2001
CYP,f,12-17,0,2001
CYP,f,18-59,0,2001
CYP,f,60+,0,2001
CYP,m,0-4,0,2001
CYP,m,5-11,0,2001
CYP,m,12-17,0,2001
CYP,m,18-59,5,2001
CYP,m,60+,0,2001
CZE,f,0-4,0,2001
CZE,f,5-11,0,2001
CZE,f,12-17,0,2001
CZE,f,18-59,0,2001
CZE,f,60+,0,2001
CZE,m,0-4,0,2001
CZE,m,5-11,0,2001
CZE,m,12-17,0,2001
CZE,m,18-59,0,2001
CZE,m,60+,0,2001
CZE,f,0-4,0,2001
CZE,f,5-11,0,2001
CZE,f,12-17,0,2001
CZE,f,18-59,0,2001
CZE,f,60+,0,2001
CZE,m,0-4,0,2001
CZE,m,5-11,0,2001
CZE,m,12-17,0,2001
CZE,m,18-59,0,2001
CZE,m,60+,0,2001
DEU,f,0-4,0,2001
DEU,f,5-11,0,2001
DEU,f,12-17,0,2001
DEU,f,18-59,0,2001
DEU,f,60+,0,2001
DEU,m,0-4,0,2001
DEU,m,5-11,0,2001
DEU,m,12-17,0,2001
DEU,m,18-59,0,2001
DEU,m,60+,0,2001
DNK,f,0-4,0,2001
DNK,f,5-11,0,2001
DNK,f,12-17,0,2001
DNK,f,18-59,0,2001
DNK,f,60+,0,2001
DNK,m,0-4,0,2001
DNK,m,5-11,0,2001
DNK,m,12-17,0,2001
DNK,m,18-59,0,2001
DNK,m,60+,0,2001
DNK,f,0-4,0,2001
DNK,f,5-11,0,2001
DNK,f,12-17,0,2001
DNK,f,18-59,0,2001
DNK,f,60+,0,2001
DNK,m,0-4,0,2001
DNK,m,5-11,0,2001
DNK,m,12-17,0,2001
DNK,m,18-59,0,2001
DNK,m,60+,0,2001
ECU,f,0-4,0,2001
ECU,f,5-11,0,2001
ECU,f,12-17,0,2001
ECU,f,18-59,0,2001
ECU,f,60+,0,2001
ECU,m,0-4,0,2001
ECU,m,5-11,0,2001
ECU,m,12-17,0,2001
ECU,m,18-59,0,2001
ECU,m,60+,0,2001
EGY,f,0-4,0,2001
EGY,f,5-11,0,2001
EGY,f,12-17,0,2001
EGY,f,18-59,0,2001
EGY,f,60+,0,2001
EGY,m,0-4,0,2001
EGY,m,5-11,0,2001
EGY,m,12-17,0,2001
EGY,m,18-59,0,2001
EGY,m,60+,0,2001
EGY,f,0-4,5,2001
EGY,f,5-11,0,2001
EGY,f,12-17,0,2001
EGY,f,18-59,9,2001
EGY,f,60+,0,2001
EGY,m,0-4,0,2001
EGY,m,5-11,0,2001
EGY,m,12-17,9,2001
EGY,m,18-59,43,2001
EGY,m,60+,0,2001
ESP,f,0-4,0,2001
ESP,f,5-11,0,2001
ESP,f,12-17,0,2001
ESP,f,18-59,0,2001
ESP,f,60+,0,2001
ESP,m,0-4,0,2001
ESP,m,5-11,0,2001
ESP,m,12-17,0,2001
ESP,m,18-59,0,2001
ESP,m,60+,0,2001
EST,f,0-4,0,2001
EST,f,5-11,6,2001
EST,f,12-17,0,2001
EST,f,18-59,0,2001
EST,f,60+,0,2001
EST,m,0-4,0,2001
EST,m,5-11,0,2001
EST,m,12-17,0,2001
EST,m,18-59,0,2001
EST,m,60+,0,2001
ETH,f,0-4,5,2001
ETH,f,5-11,0,2001
ETH,f,12-17,0,2001
ETH,f,18-59,0,2001
ETH,f,60+,0,2001
ETH,m,0-4,0,2001
ETH,m,5-11,0,2001
ETH,m,12-17,0,2001
ETH,m,18-59,0,2001
ETH,m,60+,0,2001
FIN,f,0-4,0,2001
FIN,f,5-11,0,2001
FIN,f,12-17,0,2001
FIN,f,18-59,0,2001
FIN,f,60+,0,2001
FIN,m,0-4,0,2001
FIN,m,5-11,0,2001
FIN,m,12-17,0,2001
FIN,m,18-59,0,2001
FIN,m,60+,0,2001
FRA,f,0-4,0,2001
FRA,f,5-11,0,2001
FRA,f,12-17,0,2001
FRA,f,18-59,0,2001
FRA,f,60+,0,2001
FRA,m,0-4,0,2001
FRA,m,5-11,0,2001
FRA,m,12-17,0,2001
FRA,m,18-59,0,2001
FRA,m,60+,0,2001
GBR,f,0-4,0,2001
GBR,f,5-11,0,2001
GBR,f,12-17,0,2001
GBR,f,18-59,0,2001
GBR,f,60+,0,2001
GBR,m,0-4,0,2001
GBR,m,5-11,0,2001
GBR,m,12-17,0,2001
GBR,m,18-59,0,2001
GBR,m,60+,0,2001
GEO,f,0-4,0,2001
GEO,f,5-11,0,2001
GEO,f,12-17,0,2001
GEO,f,18-59,0,2001
GEO,f,60+,0,2001
GEO,m,0-4,0,2001
GEO,m,5-11,5,2001
GEO,m,12-17,0,2001
GEO,m,18-59,0,2001
GEO,m,60+,0,2001
GRC,f,0-4,0,2001
GRC,f,5-11,0,2001
GRC,f,12-17,0,2001
GRC,f,18-59,0,2001
GRC,f,60+,0,2001
GRC,m,0-4,0,2001
GRC,m,5-11,0,2001
GRC,m,12-17,0,2001
GRC,m,18-59,0,2001
GRC,m,60+,0,2001
GRC,f,0-4,0,2001
GRC,f,5-11,0,2001
GRC,f,12-17,0,2001
GRC,f,18-59,0,2001
GRC,f,60+,0,2001
GRC,m,0-4,0,2001
GRC,m,5-11,0,2001
GRC,m,12-17,0,2001
GRC,m,18-59,0,2001
GRC,m,60+,0,2001
HKG,f,0-4,0,2001
HKG,f,5-11,0,2001
HKG,f,12-17,0,2001
HKG,f,18-59,0,2001
HKG,f,60+,0,2001
HKG,m,0-4,0,2001
HKG,m,5-11,0,2001
HKG,m,12-17,0,2001
HKG,m,18-59,5,2001
HKG,m,60+,0,2001
HUN,f,0-4,0,2001
HUN,f,5-11,0,2001
HUN,f,12-17,0,2001
HUN,f,18-59,0,2001
HUN,f,60+,0,2001
HUN,m,0-4,0,2001
HUN,m,5-11,0,2001
HUN,m,12-17,0,2001
HUN,m,18-59,0,2001
HUN,m,60+,0,2001
HUN,f,0-4,0,2001
HUN,f,5-11,0,2001
HUN,f,12-17,0,2001
HUN,f,18-59,0,2001
HUN,f,60+,0,2001
HUN,m,0-4,0,2001
HUN,m,5-11,0,2001
HUN,m,12-17,0,2001
HUN,m,18-59,0,2001
HUN,m,60+,0,2001
IDN,f,0-4,12,2001
IDN,f,5-11,6,2001
IDN,f,12-17,5,2001
IDN,f,18-59,48,2001
IDN,f,60+,0,2001
IDN,m,0-4,20,2001
IDN,m,5-11,26,2001
IDN,m,12-17,25,2001
IDN,m,18-59,305,2001
IDN,m,60+,0,2001
IDN,f,0-4,0,2001
IDN,f,5-11,5,2001
IDN,f,12-17,0,2001
IDN,f,18-59,7,2001
IDN,f,60+,0,2001
IDN,m,0-4,0,2001
IDN,m,5-11,5,2001
IDN,m,12-17,6,2001
IDN,m,18-59,21,2001
IDN,m,60+,0,2001
IND,f,0-4,0,2001
IND,f,5-11,0,2001
IND,f,12-17,0,2001
IND,f,18-59,0,2001
IND,f,60+,0,2001
IND,m,0-4,0,2001
IND,m,5-11,0,2001
IND,m,12-17,0,2001
IND,m,18-59,0,2001
IND,m,60+,0,2001
IND,f,0-4,185,2001
IND,f,5-11,1198,2001
IND,f,12-17,1027,2001
IND,f,18-59,3469,2001
IND,f,60+,318,2001
IND,m,0-4,248,2001
IND,m,5-11,1241,2001
IND,m,12-17,1063,2001
IND,m,18-59,2881,2001
IND,m,60+,342,2001
IRL,f,0-4,0,2001
IRL,f,5-11,0,2001
IRL,f,12-17,0,2001
IRL,f,18-59,0,2001
IRL,f,60+,0,2001
IRL,m,0-4,0,2001
IRL,m,5-11,0,2001
IRL,m,12-17,0,2001
IRL,m,18-59,0,2001
IRL,m,60+,0,2001
IRN,f,0-4,68918,2001
IRN,f,5-11,127037,2001
IRN,f,12-17,108889,2001
IRN,f,18-59,248624,2001
IRN,f,60+,16065,2001
IRN,m,0-4,73877,2001
IRN,m,5-11,145845,2001
IRN,m,12-17,125010,2001
IRN,m,18-59,539272,2001
IRN,m,60+,28463,2001
ITA,f,0-4,0,2001
ITA,f,5-11,0,2001
ITA,f,12-17,0,2001
ITA,f,18-59,0,2001
ITA,f,60+,0,2001
ITA,m,0-4,0,2001
ITA,m,5-11,0,2001
ITA,m,12-17,0,2001
ITA,m,18-59,0,2001
ITA,m,60+,0,2001
JPN,f,0-4,0,2001
JPN,f,5-11,0,2001
JPN,f,12-17,0,2001
JPN,f,18-59,0,2001
JPN,f,60+,0,2001
JPN,m,0-4,0,2001
JPN,m,5-11,0,2001
JPN,m,12-17,0,2001
JPN,m,18-59,0,2001
JPN,m,60+,0,2001
JPN,f,0-4,0,2001
JPN,f,5-11,0,2001
JPN,f,12-17,0,2001
JPN,f,18-59,0,2001
JPN,f,60+,0,2001
JPN,m,0-4,0,2001
JPN,m,5-11,0,2001
JPN,m,12-17,0,2001
JPN,m,18-59,0,2001
JPN,m,60+,0,2001
KAZ,f,0-4,0,2001
KAZ,f,5-11,0,2001
KAZ,f,12-17,0,2001
KAZ,f,18-59,0,2001
KAZ,f,60+,0,2001
KAZ,m,0-4,0,2001
KAZ,m,5-11,0,2001
KAZ,m,12-17,0,2001
KAZ,m,18-59,0,2001
KAZ,m,60+,0,2001
KAZ,f,0-4,0,2001
KAZ,f,5-11,0,2001
KAZ,f,12-17,0,2001
KAZ,f,18-59,0,2001
KAZ,f,60+,0,2001
KAZ,m,0-4,0,2001
KAZ,m,5-11,0,2001
KAZ,m,12-17,0,2001
KAZ,m,18-59,0,2001
KAZ,m,60+,0,2001
KGZ,f,0-4,0,2001
KGZ,f,5-11,0,2001
KGZ,f,12-17,0,2001
KGZ,f,18-59,0,2001
KGZ,f,60+,0,2001
KGZ,m,0-4,0,2001
KGZ,m,5-11,0,2001
KGZ,m,12-17,0,2001
KGZ,m,18-59,0,2001
KGZ,m,60+,0,2001
KGZ,f,0-4,64,2001
KGZ,f,5-11,68,2001
KGZ,f,12-17,59,2001
KGZ,f,18-59,257,2001
KGZ,f,60+,19,2001
KGZ,m,0-4,59,2001
KGZ,m,5-11,53,2001
KGZ,m,12-17,46,2001
KGZ,m,18-59,285,2001
KGZ,m,60+,12,2001
KHM,f,0-4,0,2001
KHM,f,5-11,0,2001
KHM,f,12-17,0,2001
KHM,f,18-59,5,2001
KHM,f,60+,0,2001
KHM,m,0-4,0,2001
KHM,m,5-11,5,2001
KHM,m,12-17,0,2001
KHM,m,18-59,7,2001
KHM,m,60+,0,2001
KWT,f,0-4,0,2001
KWT,f,5-11,0,2001
KWT,f,12-17,5,2001
KWT,f,18-59,8,2001
KWT,f,60+,0,2001
KWT,m,0-4,0,2001
KWT,m,5-11,6,2001
KWT,m,12-17,0,2001
KWT,m,18-59,10,2001
KWT,m,60+,0,2001
KWT,f,0-4,0,2001
KWT,f,5-11,0,2001
KWT,f,12-17,7,2001
KWT,f,18-59,13,2001
KWT,f,60+,0,2001
KWT,m,0-4,0,2001
KWT,m,5-11,5,2001
KWT,m,12-17,5,2001
KWT,m,18-59,15,2001
KWT,m,60+,0,2001
LBN,f,0-4,0,2001
LBN,f,5-11,0,2001
LBN,f,12-17,0,2001
LBN,f,18-59,7,2001
LBN,f,60+,7,2001
LBN,m,0-4,0,2001
LBN,m,5-11,0,2001
LBN,m,12-17,0,2001
LBN,m,18-59,26,2001
LBN,m,60+,8,2001
LKA,f,0-4,6,2001
LKA,f,5-11,0,2001
LKA,f,12-17,0,2001
LKA,f,18-59,0,2001
LKA,f,60+,0,2001
LKA,m,0-4,0,2001
LKA,m,5-11,7,2001
LKA,m,12-17,0,2001
LKA,m,18-59,0,2001
LKA,m,60+,0,2001
LTU,f,0-4,0,2001
LTU,f,5-11,0,2001
LTU,f,12-17,0,2001
LTU,f,18-59,0,2001
LTU,f,60+,0,2001
LTU,m,0-4,0,2001
LTU,m,5-11,12,2001
LTU,m,12-17,6,2001
LTU,m,18-59,22,2001
LTU,m,60+,0,2001
LTU,f,0-4,0,2001
LTU,f,5-11,5,2001
LTU,f,12-17,0,2001
LTU,f,18-59,0,2001
LTU,f,60+,0,2001
LTU,m,0-4,0,2001
LTU,m,5-11,6,2001
LTU,m,12-17,0,2001
LTU,m,18-59,7,2001
LTU,m,60+,0,2001
MAR,f,0-4,0,2001
MAR,f,5-11,0,2001
MAR,f,12-17,0,2001
MAR,f,18-59,0,2001
MAR,f,60+,0,2001
MAR,m,0-4,0,2001
MAR,m,5-11,0,2001
MAR,m,12-17,0,2001
MAR,m,18-59,0,2001
MAR,m,60+,0,2001
MDA,f,0-4,0,2001
MDA,f,5-11,0,2001
MDA,f,12-17,0,2001
MDA,f,18-59,0,2001
MDA,f,60+,0,2001
MDA,m,0-4,0,2001
MDA,m,5-11,0,2001
MDA,m,12-17,0,2001
MDA,m,18-59,7,2001
MDA,m,60+,0,2001
MDA,f,0-4,0,2001
MDA,f,5-11,0,2001
MDA,f,12-17,0,2001
MDA,f,18-59,0,2001
MDA,f,60+,0,2001
MDA,m,0-4,0,2001
MDA,m,5-11,0,2001
MDA,m,12-17,0,2001
MDA,m,18-59,7,2001
MDA,m,60+,0,2001
MEX,f,0-4,0,2001
MEX,f,5-11,0,2001
MEX,f,12-17,0,2001
MEX,f,18-59,0,2001
MEX,f,60+,0,2001
MEX,m,0-4,0,2001
MEX,m,5-11,0,2001
MEX,m,12-17,0,2001
MEX,m,18-59,9,2001
MEX,m,60+,0,2001
MLT,f,0-4,0,2001
MLT,f,5-11,0,2001
MLT,f,12-17,0,2001
MLT,f,18-59,0,2001
MLT,f,60+,0,2001
MLT,m,0-4,0,2001
MLT,m,5-11,0,2001
MLT,m,12-17,0,2001
MLT,m,18-59,0,2001
MLT,m,60+,0,2001
MYS,f,0-4,0,2001
MYS,f,5-11,0,2001
MYS,f,12-17,0,2001
MYS,f,18-59,0,2001
MYS,f,60+,0,2001
MYS,m,0-4,0,2001
MYS,m,5-11,0,2001
MYS,m,12-17,0,2001
MYS,m,18-59,0,2001
MYS,m,60+,0,2001
MYS,f,0-4,0,2001
MYS,f,5-11,7,2001
MYS,f,12-17,7,2001
MYS,f,18-59,11,2001
MYS,f,60+,5,2001
MYS,m,0-4,5,2001
MYS,m,5-11,5,2001
MYS,m,12-17,5,2001
MYS,m,18-59,32,2001
MYS,m,60+,0,2001
NLD,f,0-4,0,2001
NLD,f,5-11,0,2001
NLD,f,12-17,0,2001
NLD,f,18-59,0,2001
NLD,f,60+,0,2001
NLD,m,0-4,0,2001
NLD,m,5-11,0,2001
NLD,m,12-17,0,2001
NLD,m,18-59,0,2001
NLD,m,60+,0,2001
NLD,f,0-4,0,2001
NLD,f,5-11,0,2001
NLD,f,12-17,0,2001
NLD,f,18-59,0,2001
NLD,f,60+,0,2001
NLD,m,0-4,0,2001
NLD,m,5-11,0,2001
NLD,m,12-17,0,2001
NLD,m,18-59,0,2001
NLD,m,60+,0,2001
NOR,f,0-4,0,2001
NOR,f,5-11,0,2001
NOR,f,12-17,0,2001
NOR,f,18-59,0,2001
NOR,f,60+,0,2001
NOR,m,0-4,0,2001
NOR,m,5-11,0,2001
NOR,m,12-17,0,2001
NOR,m,18-59,0,2001
NOR,m,60+,0,2001
NZL,f,0-4,0,2001
NZL,f,5-11,0,2001
NZL,f,12-17,0,2001
NZL,f,18-59,0,2001
NZL,f,60+,0,2001
NZL,m,0-4,0,2001
NZL,m,5-11,0,2001
NZL,m,12-17,0,2001
NZL,m,18-59,0,2001
NZL,m,60+,0,2001
OMN,f,0-4,0,2001
OMN,f,5-11,0,2001
OMN,f,12-17,0,2001
OMN,f,18-59,0,2001
OMN,f,60+,0,2001
OMN,m,0-4,0,2001
OMN,m,5-11,0,2001
OMN,m,12-17,0,2001
OMN,m,18-59,16,2001
OMN,m,60+,0,2001
PAK,f,0-4,122591,2001
PAK,f,5-11,174858,2001
PAK,f,12-17,149878,2001
PAK,f,18-59,327785,2001
PAK,f,60+,23976,2001
PAK,m,0-4,120689,2001
PAK,m,5-11,174524,2001
PAK,m,12-17,149590,2001
PAK,m,18-59,236912,2001
PAK,m,60+,28231,2001
POL,f,0-4,0,2001
POL,f,5-11,0,2001
POL,f,12-17,0,2001
POL,f,18-59,0,2001
POL,f,60+,0,2001
POL,m,0-4,0,2001
POL,m,5-11,0,2001
POL,m,12-17,0,2001
POL,m,18-59,0,2001
POL,m,60+,0,2001
PRT,f,0-4,0,2001
PRT,f,5-11,0,2001
PRT,f,12-17,0,2001
PRT,f,18-59,0,2001
PRT,f,60+,0,2001
PRT,m,0-4,0,2001
PRT,m,5-11,0,2001
PRT,m,12-17,0,2001
PRT,m,18-59,0,2001
PRT,m,60+,0,2001
QAT,f,0-4,0,2001
QAT,f,5-11,0,2001
QAT,f,12-17,0,2001
QAT,f,18-59,0,2001
QAT,f,60+,0,2001
QAT,m,0-4,0,2001
QAT,m,5-11,0,2001
QAT,m,12-17,0,2001
QAT,m,18-59,40,2001
QAT,m,60+,0,2001
ROU,f,0-4,11,2001
ROU,f,5-11,12,2001
ROU,f,12-17,10,2001
ROU,f,18-59,35,2001
ROU,f,60+,0,2001
ROU,m,0-4,7,2001
ROU,m,5-11,17,2001
ROU,m,12-17,15,2001
ROU,m,18-59,32,2001
ROU,m,60+,0,2001
RUS,f,0-4,0,2001
RUS,f,5-11,0,2001
RUS,f,12-17,0,2001
RUS,f,18-59,0,2001
RUS,f,60+,0,2001
RUS,m,0-4,0,2001
RUS,m,5-11,0,2001
RUS,m,12-17,0,2001
RUS,m,18-59,0,2001
RUS,m,60+,0,2001
RUS,f,0-4,0,2001
RUS,f,5-11,0,2001
RUS,f,12-17,0,2001
RUS,f,18-59,0,2001
RUS,f,60+,0,2001
RUS,m,0-4,0,2001
RUS,m,5-11,0,2001
RUS,m,12-17,0,2001
RUS,m,18-59,0,2001
RUS,m,60+,0,2001
RUS,f,0-4,0,2001
RUS,f,5-11,0,2001
RUS,f,12-17,0,2001
RUS,f,18-59,0,2001
RUS,f,60+,0,2001
RUS,m,0-4,0,2001
RUS,m,5-11,0,2001
RUS,m,12-17,0,2001
RUS,m,18-59,0,2001
RUS,m,60+,0,2001
SAU,f,0-4,0,2001
SAU,f,5-11,6,2001
SAU,f,12-17,5,2001
SAU,f,18-59,9,2001
SAU,f,60+,0,2001
SAU,m,0-4,0,2001
SAU,m,5-11,0,2001
SAU,m,12-17,9,2001
SAU,m,18-59,14,2001
SAU,m,60+,0,2001
SAU,f,0-4,0,2001
SAU,f,5-11,12,2001
SAU,f,12-17,10,2001
SAU,f,18-59,30,2001
SAU,f,60+,5,2001
SAU,m,0-4,6,2001
SAU,m,5-11,9,2001
SAU,m,12-17,7,2001
SAU,m,18-59,65,2001
SAU,m,60+,5,2001
SRB,f,0-4,0,2001
SRB,f,5-11,0,2001
SRB,f,12-17,0,2001
SRB,f,18-59,0,2001
SRB,f,60+,0,2001
SRB,m,0-4,0,2001
SRB,m,5-11,0,2001
SRB,m,12-17,0,2001
SRB,m,18-59,0,2001
SRB,m,60+,0,2001
SRB,f,0-4,0,2001
SRB,f,5-11,0,2001
SRB,f,12-17,0,2001
SRB,f,18-59,0,2001
SRB,f,60+,0,2001
SRB,m,0-4,0,2001
SRB,m,5-11,0,2001
SRB,m,12-17,0,2001
SRB,m,18-59,0,2001
SRB,m,60+,0,2001
SVK,f,0-4,0,2001
SVK,f,5-11,0,2001
SVK,f,12-17,0,2001
SVK,f,18-59,0,2001
SVK,f,60+,0,2001
SVK,m,0-4,0,2001
SVK,m,5-11,0,2001
SVK,m,12-17,0,2001
SVK,m,18-59,0,2001
SVK,m,60+,0,2001
SVK,f,0-4,0,2001
SVK,f,5-11,0,2001
SVK,f,12-17,0,2001
SVK,f,18-59,0,2001
SVK,f,60+,0,2001
SVK,m,0-4,0,2001
SVK,m,5-11,0,2001
SVK,m,12-17,0,2001
SVK,m,18-59,0,2001
SVK,m,60+,0,2001
SVN,f,0-4,0,2001
SVN,f,5-11,0,2001
SVN,f,12-17,0,2001
SVN,f,18-59,0,2001
SVN,f,60+,0,2001
SVN,m,0-4,0,2001
SVN,m,5-11,0,2001
SVN,m,12-17,0,2001
SVN,m,18-59,0,2001
SVN,m,60+,0,2001
SWE,f,0-4,0,2001
SWE,f,5-11,0,2001
SWE,f,12-17,0,2001
SWE,f,18-59,0,2001
SWE,f,60+,0,2001
SWE,m,0-4,0,2001
SWE,m,5-11,0,2001
SWE,m,12-17,0,2001
SWE,m,18-59,0,2001
SWE,m,60+,0,2001
SYR,f,0-4,0,2001
SYR,f,5-11,0,2001
SYR,f,12-17,0,2001
SYR,f,18-59,0,2001
SYR,f,60+,0,2001
SYR,m,0-4,0,2001
SYR,m,5-11,0,2001
SYR,m,12-17,0,2001
SYR,m,18-59,0,2001
SYR,m,60+,0,2001
SYR,f,0-4,22,2001
SYR,f,5-11,48,2001
SYR,f,12-17,42,2001
SYR,f,18-59,70,2001
SYR,f,60+,5,2001
SYR,m,0-4,28,2001
SYR,m,5-11,54,2001
SYR,m,12-17,47,2001
SYR,m,18-59,77,2001
SYR,m,60+,14,2001
THA,f,0-4,0,2001
THA,f,5-11,0,2001
THA,f,12-17,0,2001
THA,f,18-59,0,2001
THA,f,60+,0,2001
THA,m,0-4,0,2001
THA,m,5-11,0,2001
THA,m,12-17,0,2001
THA,m,18-59,0,2001
THA,m,60+,0,2001
THA,f,0-4,0,2001
THA,f,5-11,0,2001
THA,f,12-17,5,2001
THA,f,18-59,0,2001
THA,f,60+,0,2001
THA,m,0-4,0,2001
THA,m,5-11,0,2001
THA,m,12-17,0,2001
THA,m,18-59,14,2001
THA,m,60+,0,2001
TJK,f,0-4,0,2001
TJK,f,5-11,0,2001
TJK,f,12-17,0,2001
TJK,f,18-59,0,2001
TJK,f,60+,0,2001
TJK,m,0-4,0,2001
TJK,m,5-11,0,2001
TJK,m,12-17,0,2001
TJK,m,18-59,0,2001
TJK,m,60+,0,2001
TJK,f,0-4,188,2001
TJK,f,5-11,385,2001
TJK,f,12-17,329,2001
TJK,f,18-59,607,2001
TJK,f,60+,90,2001
TJK,m,0-4,363,2001
TJK,m,5-11,593,2001
TJK,m,12-17,508,2001
TJK,m,18-59,1095,2001
TJK,m,60+,239,2001
TKM,f,0-4,0,2001
TKM,f,5-11,0,2001
TKM,f,12-17,0,2001
TKM,f,18-59,0,2001
TKM,f,60+,0,2001
TKM,m,0-4,0,2001
TKM,m,5-11,0,2001
TKM,m,12-17,0,2001
TKM,m,18-59,0,2001
TKM,m,60+,0,2001
TKM,f,0-4,0,2001
TKM,f,5-11,0,2001
TKM,f,12-17,0,2001
TKM,f,18-59,0,2001
TKM,f,60+,0,2001
TKM,m,0-4,0,2001
TKM,m,5-11,0,2001
TKM,m,12-17,0,2001
TKM,m,18-59,0,2001
TKM,m,60+,0,2001
TUR,f,0-4,5,2001
TUR,f,5-11,30,2001
TUR,f,12-17,26,2001
TUR,f,18-59,62,2001
TUR,f,60+,0,2001
TUR,m,0-4,16,2001
TUR,m,5-11,30,2001
TUR,m,12-17,30,2001
TUR,m,18-59,108,2001
TUR,m,60+,0,2001
TUR,f,0-4,8,2001
TUR,f,5-11,10,2001
TUR,f,12-17,10,2001
TUR,f,18-59,28,2001
TUR,f,60+,0,2001
TUR,m,0-4,0,2001
TUR,m,5-11,16,2001
TUR,m,12-17,11,2001
TUR,m,18-59,23,2001
TUR,m,60+,0,2001
UKR,f,0-4,0,2001
UKR,f,5-11,9,2001
UKR,f,12-17,9,2001
UKR,f,18-59,12,2001
UKR,f,60+,0,2001
UKR,m,0-4,0,2001
UKR,m,5-11,17,2001
UKR,m,12-17,0,2001
UKR,m,18-59,25,2001
UKR,m,60+,0,2001
UKR,f,0-4,40,2001
UKR,f,5-11,101,2001
UKR,f,12-17,87,2001
UKR,f,18-59,189,2001
UKR,f,60+,18,2001
UKR,m,0-4,36,2001
UKR,m,5-11,125,2001
UKR,m,12-17,107,2001
UKR,m,18-59,863,2001
UKR,m,60+,21,2001
USA,f,0-4,0,2001
USA,f,5-11,0,2001
USA,f,12-17,0,2001
USA,f,18-59,0,2001
USA,f,60+,0,2001
USA,m,0-4,0,2001
USA,m,5-11,0,2001
USA,m,12-17,0,2001
USA,m,18-59,0,2001
USA,m,60+,0,2001
USA,f,0-4,0,2001
USA,f,5-11,0,2001
USA,f,12-17,0,2001
USA,f,18-59,0,2001
USA,f,60+,0,2001
USA,m,0-4,0,2001
USA,m,5-11,0,2001
USA,m,12-17,0,2001
USA,m,18-59,0,2001
USA,m,60+,0,2001
UZB,f,0-4,47,2001
UZB,f,5-11,125,2001
UZB,f,12-17,107,2001
UZB,f,18-59,248,2001
UZB,f,60+,12,2001
UZB,m,0-4,47,2001
UZB,m,5-11,132,2001
UZB,m,12-17,114,2001
UZB,m,18-59,469,2001
UZB,m,60+,15,2001
UZB,f,0-4,79,2001
UZB,f,5-11,292,2001
UZB,f,12-17,252,2001
UZB,f,18-59,580,2001
UZB,f,60+,16,2001
UZB,m,0-4,93,2001
UZB,m,5-11,314,2001
UZB,m,12-17,270,2001
UZB,m,18-59,645,2001
UZB,m,60+,28,2001
ZAF,f,0-4,0,2001
ZAF,f,5-11,0,2001
ZAF,f,12-17,0,2001
ZAF,f,18-59,0,2001
ZAF,f,60+,0,2001
ZAF,m,0-4,0,2001
ZAF,m,5-11,0,2001
ZAF,m,12-17,0,2001
ZAF,m,18-59,0,2001
ZAF,m,60+,0,2001
ZAF,f,0-4,0,2001
ZAF,f,5-11,0,2001
ZAF,f,12-17,0,2001
ZAF,f,18-59,0,2001
ZAF,f,60+,0,2001
ZAF,m,0-4,0,2001
ZAF,m,5-11,0,2001
ZAF,m,12-17,0,2001
ZAF,m,18-59,0,2001
ZAF,m,60+,0,2001
ZWE,f,0-4,0,2001
ZWE,f,5-11,5,2001
ZWE,f,12-17,13,2001
ZWE,f,18-59,8,2001
ZWE,f,60+,0,2001
ZWE,m,0-4,0,2001
ZWE,m,5-11,13,2001
ZWE,m,12-17,0,2001
ZWE,m,18-59,43,2001
ZWE,m,60+,0,2001
ARE,f,0-4,0,2002
ARE,f,5-11,0,2002
ARE,f,12-17,0,2002
ARE,f,18-59,0,2002
ARE,f,60+,0,2002
ARE,m,0-4,0,2002
ARE,m,5-11,8,2002
ARE,m,12-17,0,2002
ARE,m,18-59,8,2002
ARE,m,60+,0,2002
ARE,f,0-4,0,2002
ARE,f,5-11,0,2002
ARE,f,12-17,6,2002
ARE,f,18-59,0,2002
ARE,f,60+,0,2002
ARE,m,0-4,0,2002
ARE,m,5-11,0,2002
ARE,m,12-17,0,2002
ARE,m,18-59,0,2002
ARE,m,60+,0,2002
AUS,f,0-4,0,2002
AUS,f,5-11,0,2002
AUS,f,12-17,0,2002
AUS,f,18-59,0,2002
AUS,f,60+,0,2002
AUS,m,0-4,0,2002
AUS,m,5-11,0,2002
AUS,m,12-17,0,2002
AUS,m,18-59,0,2002
AUS,m,60+,0,2002
AUS,f,0-4,0,2002
AUS,f,5-11,0,2002
AUS,f,12-17,0,2002
AUS,f,18-59,0,2002
AUS,f,60+,0,2002
AUS,m,0-4,0,2002
AUS,m,5-11,0,2002
AUS,m,12-17,0,2002
AUS,m,18-59,0,2002
AUS,m,60+,0,2002
AUT,f,0-4,0,2002
AUT,f,5-11,0,2002
AUT,f,12-17,0,2002
AUT,f,18-59,0,2002
AUT,f,60+,0,2002
AUT,m,0-4,0,2002
AUT,m,5-11,0,2002
AUT,m,12-17,0,2002
AUT,m,18-59,0,2002
AUT,m,60+,0,2002
AZE,f,0-4,19,2002
AZE,f,5-11,40,2002
AZE,f,12-17,35,2002
AZE,f,18-59,132,2002
AZE,f,60+,14,2002
AZE,m,0-4,22,2002
AZE,m,5-11,51,2002
AZE,m,12-17,44,2002
AZE,m,18-59,546,2002
AZE,m,60+,16,2002
AZE,f,0-4,6,2002
AZE,f,5-11,16,2002
AZE,f,12-17,14,2002
AZE,f,18-59,39,2002
AZE,f,60+,0,2002
AZE,m,0-4,7,2002
AZE,m,5-11,32,2002
AZE,m,12-17,28,2002
AZE,m,18-59,115,2002
AZE,m,60+,0,2002
BEL,f,0-4,0,2002
BEL,f,5-11,0,2002
BEL,f,12-17,0,2002
BEL,f,18-59,0,2002
BEL,f,60+,0,2002
BEL,m,0-4,0,2002
BEL,m,5-11,0,2002
BEL,m,12-17,0,2002
BEL,m,18-59,0,2002
BEL,m,60+,0,2002
BGR,f,0-4,0,2002
BGR,f,5-11,9,2002
BGR,f,12-17,0,2002
BGR,f,18-59,16,2002
BGR,f,60+,0,2002
BGR,m,0-4,0,2002
BGR,m,5-11,9,2002
BGR,m,12-17,7,2002
BGR,m,18-59,316,2002
BGR,m,60+,0,2002
BGR,f,0-4,0,2002
BGR,f,5-11,0,2002
BGR,f,12-17,0,2002
BGR,f,18-59,0,2002
BGR,f,60+,0,2002
BGR,m,0-4,0,2002
BGR,m,5-11,0,2002
BGR,m,12-17,0,2002
BGR,m,18-59,0,2002
BGR,m,60+,0,2002
BLR,f,0-4,5,2002
BLR,f,5-11,9,2002
BLR,f,12-17,8,2002
BLR,f,18-59,26,2002
BLR,f,60+,0,2002
BLR,m,0-4,5,2002
BLR,m,5-11,11,2002
BLR,m,12-17,9,2002
BLR,m,18-59,92,2002
BLR,m,60+,0,2002
BLR,f,0-4,10,2002
BLR,f,5-11,47,2002
BLR,f,12-17,42,2002
BLR,f,18-59,87,2002
BLR,f,60+,7,2002
BLR,m,0-4,13,2002
BLR,m,5-11,37,2002
BLR,m,12-17,33,2002
BLR,m,18-59,197,2002
BLR,m,60+,5,2002
BRA,f,0-4,0,2002
BRA,f,5-11,0,2002
BRA,f,12-17,0,2002
BRA,f,18-59,0,2002
BRA,f,60+,0,2002
BRA,m,0-4,0,2002
BRA,m,5-11,0,2002
BRA,m,12-17,0,2002
BRA,m,18-59,0,2002
BRA,m,60+,0,2002
CAN,f,0-4,0,2002
CAN,f,5-11,0,2002
CAN,f,12-17,0,2002
CAN,f,18-59,0,2002
CAN,f,60+,0,2002
CAN,m,0-4,0,2002
CAN,m,5-11,0,2002
CAN,m,12-17,0,2002
CAN,m,18-59,0,2002
CAN,m,60+,0,2002
CAN,f,0-4,0,2002
CAN,f,5-11,0,2002
CAN,f,12-17,0,2002
CAN,f,18-59,0,2002
CAN,f,60+,0,2002
CAN,m,0-4,0,2002
CAN,m,5-11,0,2002
CAN,m,12-17,0,2002
CAN,m,18-59,0,2002
CAN,m,60+,0,2002
CHE,f,0-4,23,2002
CHE,f,5-11,42,2002
CHE,f,12-17,36,2002
CHE,f,18-59,116,2002
CHE,f,60+,12,2002
CHE,m,0-4,19,2002
CHE,m,5-11,51,2002
CHE,m,12-17,43,2002
CHE,m,18-59,348,2002
CHE,m,60+,9,2002
CHE,f,0-4,0,2002
CHE,f,5-11,0,2002
CHE,f,12-17,0,2002
CHE,f,18-59,0,2002
CHE,f,60+,0,2002
CHE,m,0-4,0,2002
CHE,m,5-11,0,2002
CHE,m,12-17,0,2002
CHE,m,18-59,0,2002
CHE,m,60+,0,2002
CHL,f,0-4,0,2002
CHL,f,5-11,0,2002
CHL,f,12-17,0,2002
CHL,f,18-59,0,2002
CHL,f,60+,0,2002
CHL,m,0-4,0,2002
CHL,m,5-11,0,2002
CHL,m,12-17,0,2002
CHL,m,18-59,5,2002
CHL,m,60+,0,2002
CHN,f,0-4,0,2002
CHN,f,5-11,0,2002
CHN,f,12-17,0,2002
CHN,f,18-59,0,2002
CHN,f,60+,0,2002
CHN,m,0-4,0,2002
CHN,m,5-11,8,2002
CHN,m,12-17,0,2002
CHN,m,18-59,0,2002
CHN,m,60+,0,2002
CIV,f,0-4,0,2002
CIV,f,5-11,0,2002
CIV,f,12-17,0,2002
CIV,f,18-59,6,2002
CIV,f,60+,0,2002
CIV,m,0-4,0,2002
CIV,m,5-11,0,2002
CIV,m,12-17,0,2002
CIV,m,18-59,0,2002
CIV,m,60+,0,2002
CIV,f,0-4,0,2002
CIV,f,5-11,0,2002
CIV,f,12-17,0,2002
CIV,f,18-59,0,2002
CIV,f,60+,0,2002
CIV,m,0-4,0,2002
CIV,m,5-11,0,2002
CIV,m,12-17,0,2002
CIV,m,18-59,5,2002
CIV,m,60+,0,2002
CUB,f,0-4,0,2002
CUB,f,5-11,8,2002
CUB,f,12-17,0,2002
CUB,f,18-59,0,2002
CUB,f,60+,0,2002
CUB,m,0-4,0,2002
CUB,m,5-11,0,2002
CUB,m,12-17,6,2002
CUB,m,18-59,10,2002
CUB,m,60+,0,2002
CYP,f,0-4,0,2002
CYP,f,5-11,0,2002
CYP,f,12-17,0,2002
CYP,f,18-59,0,2002
CYP,f,60+,0,2002
CYP,m,0-4,0,2002
CYP,m,5-11,0,2002
CYP,m,12-17,0,2002
CYP,m,18-59,0,2002
CYP,m,60+,0,2002
CYP,f,0-4,0,2002
CYP,f,5-11,0,2002
CYP,f,12-17,0,2002
CYP,f,18-59,0,2002
CYP,f,60+,0,2002
CYP,m,0-4,0,2002
CYP,m,5-11,0,2002
CYP,m,12-17,0,2002
CYP,m,18-59,5,2002
CYP,m,60+,0,2002
CZE,f,0-4,0,2002
CZE,f,5-11,0,2002
CZE,f,12-17,0,2002
CZE,f,18-59,0,2002
CZE,f,60+,0,2002
CZE,m,0-4,0,2002
CZE,m,5-11,0,2002
CZE,m,12-17,0,2002
CZE,m,18-59,0,2002
CZE,m,60+,0,2002
CZE,f,0-4,0,2002
CZE,f,5-11,0,2002
CZE,f,12-17,0,2002
CZE,f,18-59,0,2002
CZE,f,60+,0,2002
CZE,m,0-4,0,2002
CZE,m,5-11,0,2002
CZE,m,12-17,0,2002
CZE,m,18-59,0,2002
CZE,m,60+,0,2002
DEU,f,0-4,0,2002
DEU,f,5-11,0,2002
DEU,f,12-17,0,2002
DEU,f,18-59,0,2002
DEU,f,60+,0,2002
DEU,m,0-4,0,2002
DEU,m,5-11,0,2002
DEU,m,12-17,0,2002
DEU,m,18-59,0,2002
DEU,m,60+,0,2002
DEU,f,0-4,0,2002
DEU,f,5-11,0,2002
DEU,f,12-17,0,2002
DEU,f,18-59,0,2002
DEU,f,60+,0,2002
DEU,m,0-4,0,2002
DEU,m,5-11,0,2002
DEU,m,12-17,0,2002
DEU,m,18-59,0,2002
DEU,m,60+,0,2002
DNK,f,0-4,0,2002
DNK,f,5-11,0,2002
DNK,f,12-17,0,2002
DNK,f,18-59,0,2002
DNK,f,60+,0,2002
DNK,m,0-4,0,2002
DNK,m,5-11,0,2002
DNK,m,12-17,0,2002
DNK,m,18-59,0,2002
DNK,m,60+,0,2002
DNK,f,0-4,0,2002
DNK,f,5-11,0,2002
DNK,f,12-17,0,2002
DNK,f,18-59,0,2002
DNK,f,60+,0,2002
DNK,m,0-4,0,2002
DNK,m,5-11,0,2002
DNK,m,12-17,0,2002
DNK,m,18-59,0,2002
DNK,m,60+,0,2002
ECU,f,0-4,0,2002
ECU,f,5-11,0,2002
ECU,f,12-17,0,2002
ECU,f,18-59,0,2002
ECU,f,60+,0,2002
ECU,m,0-4,0,2002
ECU,m,5-11,0,2002
ECU,m,12-17,0,2002
ECU,m,18-59,0,2002
ECU,m,60+,0,2002
EGY,f,0-4,0,2002
EGY,f,5-11,0,2002
EGY,f,12-17,0,2002
EGY,f,18-59,8,2002
EGY,f,60+,0,2002
EGY,m,0-4,0,2002
EGY,m,5-11,5,2002
EGY,m,12-17,0,2002
EGY,m,18-59,30,2002
EGY,m,60+,0,2002
ESP,f,0-4,0,2002
ESP,f,5-11,0,2002
ESP,f,12-17,0,2002
ESP,f,18-59,0,2002
ESP,f,60+,0,2002
ESP,m,0-4,0,2002
ESP,m,5-11,0,2002
ESP,m,12-17,0,2002
ESP,m,18-59,0,2002
ESP,m,60+,0,2002
EST,f,0-4,0,2002
EST,f,5-11,6,2002
EST,f,12-17,0,2002
EST,f,18-59,0,2002
EST,f,60+,0,2002
EST,m,0-4,0,2002
EST,m,5-11,0,2002
EST,m,12-17,0,2002
EST,m,18-59,0,2002
EST,m,60+,0,2002
ETH,f,0-4,0,2002
ETH,f,5-11,0,2002
ETH,f,12-17,5,2002
ETH,f,18-59,0,2002
ETH,f,60+,0,2002
ETH,m,0-4,0,2002
ETH,m,5-11,0,2002
ETH,m,12-17,0,2002
ETH,m,18-59,0,2002
ETH,m,60+,0,2002
FIN,f,0-4,0,2002
FIN,f,5-11,0,2002
FIN,f,12-17,0,2002
FIN,f,18-59,0,2002
FIN,f,60+,0,2002
FIN,m,0-4,0,2002
FIN,m,5-11,0,2002
FIN,m,12-17,0,2002
FIN,m,18-59,0,2002
FIN,m,60+,0,2002
FRA,f,0-4,0,2002
FRA,f,5-11,0,2002
FRA,f,12-17,0,2002
FRA,f,18-59,0,2002
FRA,f,60+,0,2002
FRA,m,0-4,0,2002
FRA,m,5-11,0,2002
FRA,m,12-17,0,2002
FRA,m,18-59,0,2002
FRA,m,60+,0,2002
GBR,f,0-4,0,2002
GBR,f,5-11,0,2002
GBR,f,12-17,0,2002
GBR,f,18-59,0,2002
GBR,f,60+,0,2002
GBR,m,0-4,0,2002
GBR,m,5-11,0,2002
GBR,m,12-17,0,2002
GBR,m,18-59,0,2002
GBR,m,60+,0,2002
GEO,f,0-4,0,2002
GEO,f,5-11,0,2002
GEO,f,12-17,0,2002
GEO,f,18-59,0,2002
GEO,f,60+,0,2002
GEO,m,0-4,0,2002
GEO,m,5-11,5,2002
GEO,m,12-17,0,2002
GEO,m,18-59,0,2002
GEO,m,60+,0,2002
GRC,f,0-4,0,2002
GRC,f,5-11,0,2002
GRC,f,12-17,6,2002
GRC,f,18-59,16,2002
GRC,f,60+,0,2002
GRC,m,0-4,5,2002
GRC,m,5-11,28,2002
GRC,m,12-17,24,2002
GRC,m,18-59,296,2002
GRC,m,60+,0,2002
GRC,f,0-4,0,2002
GRC,f,5-11,0,2002
GRC,f,12-17,0,2002
GRC,f,18-59,0,2002
GRC,f,60+,0,2002
GRC,m,0-4,0,2002
GRC,m,5-11,0,2002
GRC,m,12-17,5,2002
GRC,m,18-59,6,2002
GRC,m,60+,0,2002
HKG,f,0-4,0,2002
HKG,f,5-11,0,2002
HKG,f,12-17,0,2002
HKG,f,18-59,0,2002
HKG,f,60+,0,2002
HKG,m,0-4,0,2002
HKG,m,5-11,0,2002
HKG,m,12-17,0,2002
HKG,m,18-59,5,2002
HKG,m,60+,0,2002
HRV,f,0-4,0,2002
HRV,f,5-11,0,2002
HRV,f,12-17,0,2002
HRV,f,18-59,0,2002
HRV,f,60+,0,2002
HRV,m,0-4,0,2002
HRV,m,5-11,0,2002
HRV,m,12-17,0,2002
HRV,m,18-59,5,2002
HRV,m,60+,0,2002
HUN,f,0-4,0,2002
HUN,f,5-11,0,2002
HUN,f,12-17,0,2002
HUN,f,18-59,0,2002
HUN,f,60+,0,2002
HUN,m,0-4,0,2002
HUN,m,5-11,0,2002
HUN,m,12-17,0,2002
HUN,m,18-59,0,2002
HUN,m,60+,0,2002
HUN,f,0-4,0,2002
HUN,f,5-11,0,2002
HUN,f,12-17,0,2002
HUN,f,18-59,0,2002
HUN,f,60+,0,2002
HUN,m,0-4,0,2002
HUN,m,5-11,0,2002
HUN,m,12-17,0,2002
HUN,m,18-59,0,2002
HUN,m,60+,0,2002
IDN,f,0-4,7,2002
IDN,f,5-11,0,2002
IDN,f,12-17,0,2002
IDN,f,18-59,0,2002
IDN,f,60+,0,2002
IDN,m,0-4,0,2002
IDN,m,5-11,7,2002
IDN,m,12-17,0,2002
IDN,m,18-59,33,2002
IDN,m,60+,0,2002
IDN,f,0-4,0,2002
IDN,f,5-11,14,2002
IDN,f,12-17,13,2002
IDN,f,18-59,34,2002
IDN,f,60+,0,2002
IDN,m,0-4,6,2002
IDN,m,5-11,20,2002
IDN,m,12-17,18,2002
IDN,m,18-59,43,2002
IDN,m,60+,0,2002
IND,f,0-4,0,2002
IND,f,5-11,0,2002
IND,f,12-17,0,2002
IND,f,18-59,0,2002
IND,f,60+,0,2002
IND,m,0-4,0,2002
IND,m,5-11,0,2002
IND,m,12-17,0,2002
IND,m,18-59,0,2002
IND,m,60+,0,2002
IND,f,0-4,193,2002
IND,f,5-11,1087,2002
IND,f,12-17,931,2002
IND,f,18-59,3415,2002
IND,f,60+,321,2002
IND,m,0-4,226,2002
IND,m,5-11,1131,2002
IND,m,12-17,970,2002
IND,m,18-59,2747,2002
IND,m,60+,350,2002
IRL,f,0-4,0,2002
IRL,f,5-11,0,2002
IRL,f,12-17,0,2002
IRL,f,18-59,0,2002
IRL,f,60+,0,2002
IRL,m,0-4,0,2002
IRL,m,5-11,0,2002
IRL,m,12-17,0,2002
IRL,m,18-59,0,2002
IRL,m,60+,0,2002
IRN,f,0-4,0,2002
IRN,f,5-11,0,2002
IRN,f,12-17,0,2002
IRN,f,18-59,0,2002
IRN,f,60+,0,2002
IRN,m,0-4,0,2002
IRN,m,5-11,0,2002
IRN,m,12-17,0,2002
IRN,m,18-59,0,2002
IRN,m,60+,0,2002
ITA,f,0-4,0,2002
ITA,f,5-11,0,2002
ITA,f,12-17,0,2002
ITA,f,18-59,0,2002
ITA,f,60+,0,2002
ITA,m,0-4,0,2002
ITA,m,5-11,0,2002
ITA,m,12-17,0,2002
ITA,m,18-59,0,2002
ITA,m,60+,0,2002
JOR,f,0-4,0,2002
JOR,f,5-11,0,2002
JOR,f,12-17,6,2002
JOR,f,18-59,0,2002
JOR,f,60+,0,2002
JOR,m,0-4,0,2002
JOR,m,5-11,0,2002
JOR,m,12-17,0,2002
JOR,m,18-59,0,2002
JOR,m,60+,0,2002
JPN,f,0-4,0,2002
JPN,f,5-11,0,2002
JPN,f,12-17,0,2002
JPN,f,18-59,0,2002
JPN,f,60+,0,2002
JPN,m,0-4,0,2002
JPN,m,5-11,0,2002
JPN,m,12-17,0,2002
JPN,m,18-59,0,2002
JPN,m,60+,0,2002
JPN,f,0-4,0,2002
JPN,f,5-11,0,2002
JPN,f,12-17,0,2002
JPN,f,18-59,0,2002
JPN,f,60+,0,2002
JPN,m,0-4,0,2002
JPN,m,5-11,0,2002
JPN,m,12-17,0,2002
JPN,m,18-59,0,2002
JPN,m,60+,0,2002
KAZ,f,0-4,0,2002
KAZ,f,5-11,0,2002
KAZ,f,12-17,0,2002
KAZ,f,18-59,0,2002
KAZ,f,60+,0,2002
KAZ,m,0-4,0,2002
KAZ,m,5-11,0,2002
KAZ,m,12-17,0,2002
KAZ,m,18-59,0,2002
KAZ,m,60+,0,2002
KGZ,f,0-4,0,2002
KGZ,f,5-11,0,2002
KGZ,f,12-17,0,2002
KGZ,f,18-59,0,2002
KGZ,f,60+,0,2002
KGZ,m,0-4,0,2002
KGZ,m,5-11,0,2002
KGZ,m,12-17,0,2002
KGZ,m,18-59,0,2002
KGZ,m,60+,0,2002
KGZ,f,0-4,76,2002
KGZ,f,5-11,46,2002
KGZ,f,12-17,40,2002
KGZ,f,18-59,239,2002
KGZ,f,60+,12,2002
KGZ,m,0-4,83,2002
KGZ,m,5-11,52,2002
KGZ,m,12-17,44,2002
KGZ,m,18-59,266,2002
KGZ,m,60+,13,2002
KHM,f,0-4,0,2002
KHM,f,5-11,0,2002
KHM,f,12-17,0,2002
KHM,f,18-59,5,2002
KHM,f,60+,0,2002
KHM,m,0-4,0,2002
KHM,m,5-11,0,2002
KHM,m,12-17,0,2002
KHM,m,18-59,10,2002
KHM,m,60+,0,2002
KWT,f,0-4,0,2002
KWT,f,5-11,0,2002
KWT,f,12-17,8,2002
KWT,f,18-59,9,2002
KWT,f,60+,0,2002
KWT,m,0-4,0,2002
KWT,m,5-11,0,2002
KWT,m,12-17,5,2002
KWT,m,18-59,13,2002
KWT,m,60+,0,2002
KWT,f,0-4,0,2002
KWT,f,5-11,7,2002
KWT,f,12-17,7,2002
KWT,f,18-59,19,2002
KWT,f,60+,0,2002
KWT,m,0-4,0,2002
KWT,m,5-11,7,2002
KWT,m,12-17,6,2002
KWT,m,18-59,32,2002
KWT,m,60+,0,2002
LBN,f,0-4,0,2002
LBN,f,5-11,0,2002
LBN,f,12-17,0,2002
LBN,f,18-59,7,2002
LBN,f,60+,7,2002
LBN,m,0-4,0,2002
LBN,m,5-11,0,2002
LBN,m,12-17,5,2002
LBN,m,18-59,22,2002
LBN,m,60+,6,2002
LKA,f,0-4,6,2002
LKA,f,5-11,0,2002
LKA,f,12-17,0,2002
LKA,f,18-59,0,2002
LKA,f,60+,0,2002
LKA,m,0-4,0,2002
LKA,m,5-11,7,2002
LKA,m,12-17,0,2002
LKA,m,18-59,0,2002
LKA,m,60+,0,2002
LTU,f,0-4,0,2002
LTU,f,5-11,8,2002
LTU,f,12-17,0,2002
LTU,f,18-59,0,2002
LTU,f,60+,0,2002
LTU,m,0-4,0,2002
LTU,m,5-11,5,2002
LTU,m,12-17,5,2002
LTU,m,18-59,9,2002
LTU,m,60+,0,2002
LTU,f,0-4,0,2002
LTU,f,5-11,0,2002
LTU,f,12-17,0,2002
LTU,f,18-59,0,2002
LTU,f,60+,0,2002
LTU,m,0-4,0,2002
LTU,m,5-11,0,2002
LTU,m,12-17,0,2002
LTU,m,18-59,0,2002
LTU,m,60+,0,2002
LTU,f,0-4,0,2002
LTU,f,5-11,10,2002
LTU,f,12-17,6,2002
LTU,f,18-59,7,2002
LTU,f,60+,0,2002
LTU,m,0-4,0,2002
LTU,m,5-11,8,2002
LTU,m,12-17,0,2002
LTU,m,18-59,18,2002
LTU,m,60+,0,2002
MAR,f,0-4,0,2002
MAR,f,5-11,0,2002
MAR,f,12-17,0,2002
MAR,f,18-59,0,2002
MAR,f,60+,0,2002
MAR,m,0-4,0,2002
MAR,m,5-11,0,2002
MAR,m,12-17,0,2002
MAR,m,18-59,0,2002
MAR,m,60+,0,2002
MDA,f,0-4,0,2002
MDA,f,5-11,0,2002
MDA,f,12-17,0,2002
MDA,f,18-59,0,2002
MDA,f,60+,0,2002
MDA,m,0-4,0,2002
MDA,m,5-11,0,2002
MDA,m,12-17,0,2002
MDA,m,18-59,7,2002
MDA,m,60+,0,2002
MDA,f,0-4,0,2002
MDA,f,5-11,0,2002
MDA,f,12-17,0,2002
MDA,f,18-59,0,2002
MDA,f,60+,0,2002
MDA,m,0-4,0,2002
MDA,m,5-11,0,2002
MDA,m,12-17,0,2002
MDA,m,18-59,5,2002
MDA,m,60+,0,2002
MEX,f,0-4,0,2002
MEX,f,5-11,0,2002
MEX,f,12-17,0,2002
MEX,f,18-59,0,2002
MEX,f,60+,0,2002
MEX,m,0-4,0,2002
MEX,m,5-11,0,2002
MEX,m,12-17,0,2002
MEX,m,18-59,7,2002
MEX,m,60+,0,2002
MLT,f,0-4,0,2002
MLT,f,5-11,0,2002
MLT,f,12-17,0,2002
MLT,f,18-59,0,2002
MLT,f,60+,0,2002
MLT,m,0-4,0,2002
MLT,m,5-11,0,2002
MLT,m,12-17,0,2002
MLT,m,18-59,0,2002
MLT,m,60+,0,2002
MYS,f,0-4,0,2002
MYS,f,5-11,0,2002
MYS,f,12-17,0,2002
MYS,f,18-59,0,2002
MYS,f,60+,0,2002
MYS,m,0-4,0,2002
MYS,m,5-11,0,2002
MYS,m,12-17,0,2002
MYS,m,18-59,0,2002
MYS,m,60+,0,2002
MYS,f,0-4,0,2002
MYS,f,5-11,7,2002
MYS,f,12-17,0,2002
MYS,f,18-59,7,2002
MYS,f,60+,0,2002
MYS,m,0-4,5,2002
MYS,m,5-11,0,2002
MYS,m,12-17,0,2002
MYS,m,18-59,17,2002
MYS,m,60+,0,2002
NLD,f,0-4,0,2002
NLD,f,5-11,0,2002
NLD,f,12-17,0,2002
NLD,f,18-59,0,2002
NLD,f,60+,0,2002
NLD,m,0-4,0,2002
NLD,m,5-11,0,2002
NLD,m,12-17,0,2002
NLD,m,18-59,0,2002
NLD,m,60+,0,2002
NLD,f,0-4,0,2002
NLD,f,5-11,0,2002
NLD,f,12-17,0,2002
NLD,f,18-59,0,2002
NLD,f,60+,0,2002
NLD,m,0-4,0,2002
NLD,m,5-11,0,2002
NLD,m,12-17,0,2002
NLD,m,18-59,0,2002
NLD,m,60+,0,2002
NOR,f,0-4,0,2002
NOR,f,5-11,0,2002
NOR,f,12-17,0,2002
NOR,f,18-59,0,2002
NOR,f,60+,0,2002
NOR,m,0-4,0,2002
NOR,m,5-11,0,2002
NOR,m,12-17,0,2002
NOR,m,18-59,0,2002
NOR,m,60+,0,2002
NZL,f,0-4,0,2002
NZL,f,5-11,0,2002
NZL,f,12-17,0,2002
NZL,f,18-59,0,2002
NZL,f,60+,0,2002
NZL,m,0-4,0,2002
NZL,m,5-11,0,2002
NZL,m,12-17,0,2002
NZL,m,18-59,0,2002
NZL,m,60+,0,2002
OMN,f,0-4,0,2002
OMN,f,5-11,0,2002
OMN,f,12-17,0,2002
OMN,f,18-59,0,2002
OMN,f,60+,0,2002
OMN,m,0-4,0,2002
OMN,m,5-11,0,2002
OMN,m,12-17,0,2002
OMN,m,18-59,16,2002
OMN,m,60+,0,2002
PAK,f,0-4,100629,2002
PAK,f,5-11,143189,2002
PAK,f,12-17,122734,2002
PAK,f,18-59,263478,2002
PAK,f,60+,19486,2002
PAK,m,0-4,98099,2002
PAK,m,5-11,141385,2002
PAK,m,12-17,121188,2002
PAK,m,18-59,193438,2002
PAK,m,60+,22943,2002
POL,f,0-4,0,2002
POL,f,5-11,0,2002
POL,f,12-17,0,2002
POL,f,18-59,0,2002
POL,f,60+,0,2002
POL,m,0-4,0,2002
POL,m,5-11,0,2002
POL,m,12-17,0,2002
POL,m,18-59,0,2002
POL,m,60+,0,2002
POL,f,0-4,0,2002
POL,f,5-11,0,2002
POL,f,12-17,0,2002
POL,f,18-59,0,2002
POL,f,60+,0,2002
POL,m,0-4,0,2002
POL,m,5-11,0,2002
POL,m,12-17,0,2002
POL,m,18-59,0,2002
POL,m,60+,0,2002
PRT,f,0-4,0,2002
PRT,f,5-11,0,2002
PRT,f,12-17,0,2002
PRT,f,18-59,0,2002
PRT,f,60+,0,2002
PRT,m,0-4,0,2002
PRT,m,5-11,0,2002
PRT,m,12-17,0,2002
PRT,m,18-59,0,2002
PRT,m,60+,0,2002
QAT,f,0-4,0,2002
QAT,f,5-11,0,2002
QAT,f,12-17,0,2002
QAT,f,18-59,0,2002
QAT,f,60+,0,2002
QAT,m,0-4,0,2002
QAT,m,5-11,0,2002
QAT,m,12-17,0,2002
QAT,m,18-59,40,2002
QAT,m,60+,0,2002
ROU,f,0-4,0,2002
ROU,f,5-11,0,2002
ROU,f,12-17,0,2002
ROU,f,18-59,0,2002
ROU,f,60+,0,2002
ROU,m,0-4,0,2002
ROU,m,5-11,0,2002
ROU,m,12-17,0,2002
ROU,m,18-59,0,2002
ROU,m,60+,0,2002
RUS,f,0-4,0,2002
RUS,f,5-11,0,2002
RUS,f,12-17,0,2002
RUS,f,18-59,0,2002
RUS,f,60+,0,2002
RUS,m,0-4,0,2002
RUS,m,5-11,0,2002
RUS,m,12-17,0,2002
RUS,m,18-59,0,2002
RUS,m,60+,0,2002
RUS,f,0-4,0,2002
RUS,f,5-11,0,2002
RUS,f,12-17,0,2002
RUS,f,18-59,0,2002
RUS,f,60+,0,2002
RUS,m,0-4,0,2002
RUS,m,5-11,0,2002
RUS,m,12-17,0,2002
RUS,m,18-59,0,2002
RUS,m,60+,0,2002
RUS,f,0-4,0,2002
RUS,f,5-11,0,2002
RUS,f,12-17,0,2002
RUS,f,18-59,0,2002
RUS,f,60+,0,2002
RUS,m,0-4,0,2002
RUS,m,5-11,0,2002
RUS,m,12-17,0,2002
RUS,m,18-59,0,2002
RUS,m,60+,0,2002
SAU,f,0-4,0,2002
SAU,f,5-11,0,2002
SAU,f,12-17,5,2002
SAU,f,18-59,0,2002
SAU,f,60+,0,2002
SAU,m,0-4,0,2002
SAU,m,5-11,0,2002
SAU,m,12-17,0,2002
SAU,m,18-59,5,2002
SAU,m,60+,0,2002
SAU,f,0-4,0,2002
SAU,f,5-11,10,2002
SAU,f,12-17,9,2002
SAU,f,18-59,33,2002
SAU,f,60+,5,2002
SAU,m,0-4,6,2002
SAU,m,5-11,9,2002
SAU,m,12-17,7,2002
SAU,m,18-59,25,2002
SAU,m,60+,5,2002
SRB,f,0-4,0,2002
SRB,f,5-11,0,2002
SRB,f,12-17,0,2002
SRB,f,18-59,0,2002
SRB,f,60+,0,2002
SRB,m,0-4,0,2002
SRB,m,5-11,0,2002
SRB,m,12-17,0,2002
SRB,m,18-59,0,2002
SRB,m,60+,0,2002
SRB,f,0-4,0,2002
SRB,f,5-11,0,2002
SRB,f,12-17,0,2002
SRB,f,18-59,0,2002
SRB,f,60+,0,2002
SRB,m,0-4,0,2002
SRB,m,5-11,0,2002
SRB,m,12-17,0,2002
SRB,m,18-59,0,2002
SRB,m,60+,0,2002
SVK,f,0-4,0,2002
SVK,f,5-11,0,2002
SVK,f,12-17,0,2002
SVK,f,18-59,0,2002
SVK,f,60+,0,2002
SVK,m,0-4,0,2002
SVK,m,5-11,0,2002
SVK,m,12-17,0,2002
SVK,m,18-59,0,2002
SVK,m,60+,0,2002
SVK,f,0-4,0,2002
SVK,f,5-11,0,2002
SVK,f,12-17,0,2002
SVK,f,18-59,0,2002
SVK,f,60+,0,2002
SVK,m,0-4,0,2002
SVK,m,5-11,0,2002
SVK,m,12-17,0,2002
SVK,m,18-59,0,2002
SVK,m,60+,0,2002
SWE,f,0-4,0,2002
SWE,f,5-11,0,2002
SWE,f,12-17,0,2002
SWE,f,18-59,0,2002
SWE,f,60+,0,2002
SWE,m,0-4,0,2002
SWE,m,5-11,0,2002
SWE,m,12-17,0,2002
SWE,m,18-59,0,2002
SWE,m,60+,0,2002
SWE,f,0-4,0,2002
SWE,f,5-11,0,2002
SWE,f,12-17,0,2002
SWE,f,18-59,0,2002
SWE,f,60+,0,2002
SWE,m,0-4,0,2002
SWE,m,5-11,0,2002
SWE,m,12-17,0,2002
SWE,m,18-59,0,2002
SWE,m,60+,0,2002
SYR,f,0-4,20,2002
SYR,f,5-11,48,2002
SYR,f,12-17,42,2002
SYR,f,18-59,86,2002
SYR,f,60+,5,2002
SYR,m,0-4,21,2002
SYR,m,5-11,57,2002
SYR,m,12-17,48,2002
SYR,m,18-59,85,2002
SYR,m,60+,16,2002
THA,f,0-4,0,2002
THA,f,5-11,0,2002
THA,f,12-17,0,2002
THA,f,18-59,0,2002
THA,f,60+,0,2002
THA,m,0-4,0,2002
THA,m,5-11,0,2002
THA,m,12-17,0,2002
THA,m,18-59,0,2002
THA,m,60+,0,2002
THA,f,0-4,0,2002
THA,f,5-11,0,2002
THA,f,12-17,5,2002
THA,f,18-59,0,2002
THA,f,60+,0,2002
THA,m,0-4,0,2002
THA,m,5-11,0,2002
THA,m,12-17,0,2002
THA,m,18-59,9,2002
THA,m,60+,0,2002
TJK,f,0-4,0,2002
TJK,f,5-11,0,2002
TJK,f,12-17,0,2002
TJK,f,18-59,0,2002
TJK,f,60+,0,2002
TJK,m,0-4,0,2002
TJK,m,5-11,0,2002
TJK,m,12-17,0,2002
TJK,m,18-59,0,2002
TJK,m,60+,0,2002
TJK,f,0-4,12,2002
TJK,f,5-11,35,2002
TJK,f,12-17,30,2002
TJK,f,18-59,67,2002
TJK,f,60+,5,2002
TJK,m,0-4,14,2002
TJK,m,5-11,27,2002
TJK,m,12-17,23,2002
TJK,m,18-59,68,2002
TJK,m,60+,5,2002
TKM,f,0-4,47,2002
TKM,f,5-11,108,2002
TKM,f,12-17,96,2002
TKM,f,18-59,290,2002
TKM,f,60+,15,2002
TKM,m,0-4,84,2002
TKM,m,5-11,125,2002
TKM,m,12-17,109,2002
TKM,m,18-59,341,2002
TKM,m,60+,48,2002
TUR,f,0-4,0,2002
TUR,f,5-11,0,2002
TUR,f,12-17,0,2002
TUR,f,18-59,0,2002
TUR,f,60+,0,2002
TUR,m,0-4,0,2002
TUR,m,5-11,0,2002
TUR,m,12-17,0,2002
TUR,m,18-59,0,2002
TUR,m,60+,0,2002
TUR,f,0-4,0,2002
TUR,f,5-11,11,2002
TUR,f,12-17,15,2002
TUR,f,18-59,23,2002
TUR,f,60+,0,2002
TUR,m,0-4,0,2002
TUR,m,5-11,6,2002
TUR,m,12-17,11,2002
TUR,m,18-59,37,2002
TUR,m,60+,0,2002
UKR,f,0-4,40,2002
UKR,f,5-11,100,2002
UKR,f,12-17,86,2002
UKR,f,18-59,187,2002
UKR,f,60+,20,2002
UKR,m,0-4,36,2002
UKR,m,5-11,124,2002
UKR,m,12-17,106,2002
UKR,m,18-59,852,2002
UKR,m,60+,21,2002
USA,f,0-4,0,2002
USA,f,5-11,0,2002
USA,f,12-17,0,2002
USA,f,18-59,0,2002
USA,f,60+,0,2002
USA,m,0-4,0,2002
USA,m,5-11,0,2002
USA,m,12-17,0,2002
USA,m,18-59,0,2002
USA,m,60+,0,2002
USA,f,0-4,0,2002
USA,f,5-11,0,2002
USA,f,12-17,0,2002
USA,f,18-59,0,2002
USA,f,60+,0,2002
USA,m,0-4,0,2002
USA,m,5-11,0,2002
USA,m,12-17,0,2002
USA,m,18-59,0,2002
USA,m,60+,0,2002
UZB,f,0-4,44,2002
UZB,f,5-11,121,2002
UZB,f,12-17,103,2002
UZB,f,18-59,186,2002
UZB,f,60+,31,2002
UZB,m,0-4,43,2002
UZB,m,5-11,94,2002
UZB,m,12-17,81,2002
UZB,m,18-59,326,2002
UZB,m,60+,31,2002
UZB,f,0-4,61,2002
UZB,f,5-11,273,2002
UZB,f,12-17,233,2002
UZB,f,18-59,635,2002
UZB,f,60+,16,2002
UZB,m,0-4,72,2002
UZB,m,5-11,305,2002
UZB,m,12-17,263,2002
UZB,m,18-59,725,2002
UZB,m,60+,28,2002
ZAF,f,0-4,0,2002
ZAF,f,5-11,0,2002
ZAF,f,12-17,0,2002
ZAF,f,18-59,0,2002
ZAF,f,60+,0,2002
ZAF,m,0-4,0,2002
ZAF,m,5-11,0,2002
ZAF,m,12-17,0,2002
ZAF,m,18-59,0,2002
ZAF,m,60+,0,2002
ZAF,f,0-4,0,2002
ZAF,f,5-11,0,2002
ZAF,f,12-17,0,2002
ZAF,f,18-59,0,2002
ZAF,f,60+,0,2002
ZAF,m,0-4,0,2002
ZAF,m,5-11,0,2002
ZAF,m,12-17,0,2002
ZAF,m,18-59,0,2002
ZAF,m,60+,0,2002
ZWE,f,0-4,0,2002
ZWE,f,5-11,5,2002
ZWE,f,12-17,13,2002
ZWE,f,18-59,8,2002
ZWE,f,60+,0,2002
ZWE,m,0-4,0,2002
ZWE,m,5-11,13,2002
ZWE,m,12-17,0,2002
ZWE,m,18-59,43,2002
ZWE,m,60+,0,2002
ARE,f,0-4,0,2003
ARE,f,5-11,0,2003
ARE,f,12-17,6,2003
ARE,f,18-59,0,2003
ARE,f,60+,0,2003
ARE,m,0-4,0,2003
ARE,m,5-11,0,2003
ARE,m,12-17,0,2003
ARE,m,18-59,0,2003
ARE,m,60+,0,2003
AUS,f,0-4,0,2003
AUS,f,5-11,0,2003
AUS,f,12-17,0,2003
AUS,f,18-59,0,2003
AUS,f,60+,0,2003
AUS,m,0-4,0,2003
AUS,m,5-11,0,2003
AUS,m,12-17,0,2003
AUS,m,18-59,0,2003
AUS,m,60+,0,2003
AUS,f,0-4,0,2003
AUS,f,5-11,0,2003
AUS,f,12-17,0,2003
AUS,f,18-59,0,2003
AUS,f,60+,0,2003
AUS,m,0-4,0,2003
AUS,m,5-11,0,2003
AUS,m,12-17,0,2003
AUS,m,18-59,0,2003
AUS,m,60+,0,2003
AUT,f,0-4,0,2003
AUT,f,5-11,0,2003
AUT,f,12-17,0,2003
AUT,f,18-59,0,2003
AUT,f,60+,0,2003
AUT,m,0-4,0,2003
AUT,m,5-11,0,2003
AUT,m,12-17,0,2003
AUT,m,18-59,0,2003
AUT,m,60+,0,2003
AZE,f,0-4,8,2003
AZE,f,5-11,20,2003
AZE,f,12-17,18,2003
AZE,f,18-59,171,2003
AZE,f,60+,5,2003
AZE,m,0-4,21,2003
AZE,m,5-11,72,2003
AZE,m,12-17,62,2003
AZE,m,18-59,541,2003
AZE,m,60+,7,2003
AZE,f,0-4,5,2003
AZE,f,5-11,10,2003
AZE,f,12-17,8,2003
AZE,f,18-59,30,2003
AZE,f,60+,0,2003
AZE,m,0-4,6,2003
AZE,m,5-11,22,2003
AZE,m,12-17,19,2003
AZE,m,18-59,71,2003
AZE,m,60+,0,2003
BEL,f,0-4,0,2003
BEL,f,5-11,0,2003
BEL,f,12-17,0,2003
BEL,f,18-59,0,2003
BEL,f,60+,0,2003
BEL,m,0-4,0,2003
BEL,m,5-11,0,2003
BEL,m,12-17,0,2003
BEL,m,18-59,0,2003
BEL,m,60+,0,2003
BEL,f,0-4,0,2003
BEL,f,5-11,0,2003
BEL,f,12-17,0,2003
BEL,f,18-59,0,2003
BEL,f,60+,0,2003
BEL,m,0-4,0,2003
BEL,m,5-11,0,2003
BEL,m,12-17,0,2003
BEL,m,18-59,0,2003
BEL,m,60+,0,2003
BGR,f,0-4,0,2003
BGR,f,5-11,0,2003
BGR,f,12-17,0,2003
BGR,f,18-59,8,2003
BGR,f,60+,0,2003
BGR,m,0-4,0,2003
BGR,m,5-11,31,2003
BGR,m,12-17,27,2003
BGR,m,18-59,266,2003
BGR,m,60+,0,2003
BGR,f,0-4,0,2003
BGR,f,5-11,0,2003
BGR,f,12-17,0,2003
BGR,f,18-59,0,2003
BGR,f,60+,0,2003
BGR,m,0-4,0,2003
BGR,m,5-11,0,2003
BGR,m,12-17,0,2003
BGR,m,18-59,0,2003
BGR,m,60+,0,2003
BLR,f,0-4,5,2003
BLR,f,5-11,12,2003
BLR,f,12-17,11,2003
BLR,f,18-59,28,2003
BLR,f,60+,0,2003
BLR,m,0-4,0,2003
BLR,m,5-11,12,2003
BLR,m,12-17,11,2003
BLR,m,18-59,64,2003
BLR,m,60+,5,2003
BLR,f,0-4,14,2003
BLR,f,5-11,44,2003
BLR,f,12-17,29,2003
BLR,f,18-59,86,2003
BLR,f,60+,7,2003
BLR,m,0-4,15,2003
BLR,m,5-11,29,2003
BLR,m,12-17,25,2003
BLR,m,18-59,205,2003
BLR,m,60+,5,2003
BRA,f,0-4,0,2003
BRA,f,5-11,0,2003
BRA,f,12-17,0,2003
BRA,f,18-59,0,2003
BRA,f,60+,0,2003
BRA,m,0-4,0,2003
BRA,m,5-11,0,2003
BRA,m,12-17,0,2003
BRA,m,18-59,0,2003
BRA,m,60+,0,2003
CAN,f,0-4,0,2003
CAN,f,5-11,0,2003
CAN,f,12-17,0,2003
CAN,f,18-59,0,2003
CAN,f,60+,0,2003
CAN,m,0-4,0,2003
CAN,m,5-11,0,2003
CAN,m,12-17,0,2003
CAN,m,18-59,0,2003
CAN,m,60+,0,2003
CAN,f,0-4,0,2003
CAN,f,5-11,0,2003
CAN,f,12-17,0,2003
CAN,f,18-59,0,2003
CAN,f,60+,0,2003
CAN,m,0-4,0,2003
CAN,m,5-11,0,2003
CAN,m,12-17,0,2003
CAN,m,18-59,0,2003
CAN,m,60+,0,2003
CHE,f,0-4,0,2003
CHE,f,5-11,0,2003
CHE,f,12-17,0,2003
CHE,f,18-59,0,2003
CHE,f,60+,0,2003
CHE,m,0-4,0,2003
CHE,m,5-11,0,2003
CHE,m,12-17,0,2003
CHE,m,18-59,0,2003
CHE,m,60+,0,2003
CHE,f,0-4,0,2003
CHE,f,5-11,0,2003
CHE,f,12-17,0,2003
CHE,f,18-59,0,2003
CHE,f,60+,0,2003
CHE,m,0-4,0,2003
CHE,m,5-11,0,2003
CHE,m,12-17,0,2003
CHE,m,18-59,0,2003
CHE,m,60+,0,2003
CHL,f,0-4,0,2003
CHL,f,5-11,0,2003
CHL,f,12-17,0,2003
CHL,f,18-59,0,2003
CHL,f,60+,0,2003
CHL,m,0-4,0,2003
CHL,m,5-11,0,2003
CHL,m,12-17,0,2003
CHL,m,18-59,0,2003
CHL,m,60+,0,2003
CHN,f,0-4,0,2003
CHN,f,5-11,0,2003
CHN,f,12-17,0,2003
CHN,f,18-59,0,2003
CHN,f,60+,0,2003
CHN,m,0-4,0,2003
CHN,m,5-11,8,2003
CHN,m,12-17,0,2003
CHN,m,18-59,0,2003
CHN,m,60+,0,2003
CIV,f,0-4,0,2003
CIV,f,5-11,0,2003
CIV,f,12-17,0,2003
CIV,f,18-59,0,2003
CIV,f,60+,0,2003
CIV,m,0-4,0,2003
CIV,m,5-11,0,2003
CIV,m,12-17,0,2003
CIV,m,18-59,0,2003
CIV,m,60+,0,2003
CIV,f,0-4,0,2003
CIV,f,5-11,0,2003
CIV,f,12-17,0,2003
CIV,f,18-59,0,2003
CIV,f,60+,0,2003
CIV,m,0-4,0,2003
CIV,m,5-11,0,2003
CIV,m,12-17,0,2003
CIV,m,18-59,7,2003
CIV,m,60+,0,2003
CUB,f,0-4,0,2003
CUB,f,5-11,0,2003
CUB,f,12-17,8,2003
CUB,f,18-59,0,2003
CUB,f,60+,0,2003
CUB,m,0-4,0,2003
CUB,m,5-11,0,2003
CUB,m,12-17,5,2003
CUB,m,18-59,10,2003
CUB,m,60+,0,2003
CYP,f,0-4,0,2003
CYP,f,5-11,0,2003
CYP,f,12-17,0,2003
CYP,f,18-59,0,2003
CYP,f,60+,0,2003
CYP,m,0-4,0,2003
CYP,m,5-11,0,2003
CYP,m,12-17,0,2003
CYP,m,18-59,0,2003
CYP,m,60+,0,2003
CYP,f,0-4,0,2003
CYP,f,5-11,0,2003
CYP,f,12-17,0,2003
CYP,f,18-59,0,2003
CYP,f,60+,0,2003
CYP,m,0-4,0,2003
CYP,m,5-11,0,2003
CYP,m,12-17,0,2003
CYP,m,18-59,5,2003
CYP,m,60+,0,2003
CZE,f,0-4,0,2003
CZE,f,5-11,0,2003
CZE,f,12-17,0,2003
CZE,f,18-59,0,2003
CZE,f,60+,0,2003
CZE,m,0-4,0,2003
CZE,m,5-11,0,2003
CZE,m,12-17,0,2003
CZE,m,18-59,0,2003
CZE,m,60+,0,2003
CZE,f,0-4,0,2003
CZE,f,5-11,0,2003
CZE,f,12-17,0,2003
CZE,f,18-59,0,2003
CZE,f,60+,0,2003
CZE,m,0-4,0,2003
CZE,m,5-11,0,2003
CZE,m,12-17,0,2003
CZE,m,18-59,0,2003
CZE,m,60+,0,2003
DEU,f,0-4,0,2003
DEU,f,5-11,0,2003
DEU,f,12-17,0,2003
DEU,f,18-59,0,2003
DEU,f,60+,0,2003
DEU,m,0-4,0,2003
DEU,m,5-11,0,2003
DEU,m,12-17,0,2003
DEU,m,18-59,0,2003
DEU,m,60+,0,2003
DEU,f,0-4,0,2003
DEU,f,5-11,0,2003
DEU,f,12-17,0,2003
DEU,f,18-59,0,2003
DEU,f,60+,0,2003
DEU,m,0-4,0,2003
DEU,m,5-11,0,2003
DEU,m,12-17,0,2003
DEU,m,18-59,0,2003
DEU,m,60+,0,2003
DNK,f,0-4,0,2003
DNK,f,5-11,0,2003
DNK,f,12-17,0,2003
DNK,f,18-59,0,2003
DNK,f,60+,0,2003
DNK,m,0-4,0,2003
DNK,m,5-11,0,2003
DNK,m,12-17,0,2003
DNK,m,18-59,0,2003
DNK,m,60+,0,2003
DNK,f,0-4,0,2003
DNK,f,5-11,0,2003
DNK,f,12-17,0,2003
DNK,f,18-59,0,2003
DNK,f,60+,0,2003
DNK,m,0-4,0,2003
DNK,m,5-11,0,2003
DNK,m,12-17,0,2003
DNK,m,18-59,0,2003
DNK,m,60+,0,2003
ECU,f,0-4,0,2003
ECU,f,5-11,0,2003
ECU,f,12-17,0,2003
ECU,f,18-59,0,2003
ECU,f,60+,0,2003
ECU,m,0-4,0,2003
ECU,m,5-11,0,2003
ECU,m,12-17,0,2003
ECU,m,18-59,0,2003
ECU,m,60+,0,2003
ECU,f,0-4,0,2003
ECU,f,5-11,0,2003
ECU,f,12-17,0,2003
ECU,f,18-59,0,2003
ECU,f,60+,0,2003
ECU,m,0-4,0,2003
ECU,m,5-11,0,2003
ECU,m,12-17,0,2003
ECU,m,18-59,0,2003
ECU,m,60+,0,2003
EGY,f,0-4,5,2003
EGY,f,5-11,0,2003
EGY,f,12-17,0,2003
EGY,f,18-59,0,2003
EGY,f,60+,0,2003
EGY,m,0-4,5,2003
EGY,m,5-11,0,2003
EGY,m,12-17,0,2003
EGY,m,18-59,25,2003
EGY,m,60+,0,2003
ESP,f,0-4,0,2003
ESP,f,5-11,0,2003
ESP,f,12-17,0,2003
ESP,f,18-59,0,2003
ESP,f,60+,0,2003
ESP,m,0-4,0,2003
ESP,m,5-11,0,2003
ESP,m,12-17,0,2003
ESP,m,18-59,0,2003
ESP,m,60+,0,2003
EST,f,0-4,0,2003
EST,f,5-11,0,2003
EST,f,12-17,0,2003
EST,f,18-59,0,2003
EST,f,60+,0,2003
EST,m,0-4,0,2003
EST,m,5-11,0,2003
EST,m,12-17,0,2003
EST,m,18-59,6,2003
EST,m,60+,0,2003
ETH,f,0-4,0,2003
ETH,f,5-11,5,2003
ETH,f,12-17,0,2003
ETH,f,18-59,0,2003
ETH,f,60+,0,2003
ETH,m,0-4,0,2003
ETH,m,5-11,0,2003
ETH,m,12-17,0,2003
ETH,m,18-59,0,2003
ETH,m,60+,0,2003
FIN,f,0-4,0,2003
FIN,f,5-11,0,2003
FIN,f,12-17,0,2003
FIN,f,18-59,0,2003
FIN,f,60+,0,2003
FIN,m,0-4,0,2003
FIN,m,5-11,0,2003
FIN,m,12-17,0,2003
FIN,m,18-59,0,2003
FIN,m,60+,0,2003
FRA,f,0-4,0,2003
FRA,f,5-11,0,2003
FRA,f,12-17,0,2003
FRA,f,18-59,0,2003
FRA,f,60+,0,2003
FRA,m,0-4,0,2003
FRA,m,5-11,0,2003
FRA,m,12-17,0,2003
FRA,m,18-59,0,2003
FRA,m,60+,0,2003
GBR,f,0-4,0,2003
GBR,f,5-11,0,2003
GBR,f,12-17,0,2003
GBR,f,18-59,0,2003
GBR,f,60+,0,2003
GBR,m,0-4,0,2003
GBR,m,5-11,0,2003
GBR,m,12-17,0,2003
GBR,m,18-59,0,2003
GBR,m,60+,0,2003
GEO,f,0-4,0,2003
GEO,f,5-11,0,2003
GEO,f,12-17,0,2003
GEO,f,18-59,0,2003
GEO,f,60+,0,2003
GEO,m,0-4,0,2003
GEO,m,5-11,5,2003
GEO,m,12-17,0,2003
GEO,m,18-59,0,2003
GEO,m,60+,0,2003
GRC,f,0-4,6,2003
GRC,f,5-11,0,2003
GRC,f,12-17,0,2003
GRC,f,18-59,8,2003
GRC,f,60+,0,2003
GRC,m,0-4,5,2003
GRC,m,5-11,59,2003
GRC,m,12-17,51,2003
GRC,m,18-59,306,2003
GRC,m,60+,5,2003
GRC,f,0-4,0,2003
GRC,f,5-11,0,2003
GRC,f,12-17,0,2003
GRC,f,18-59,0,2003
GRC,f,60+,0,2003
GRC,m,0-4,0,2003
GRC,m,5-11,0,2003
GRC,m,12-17,0,2003
GRC,m,18-59,12,2003
GRC,m,60+,0,2003
HKG,f,0-4,0,2003
HKG,f,5-11,0,2003
HKG,f,12-17,0,2003
HKG,f,18-59,0,2003
HKG,f,60+,0,2003
HKG,m,0-4,0,2003
HKG,m,5-11,0,2003
HKG,m,12-17,0,2003
HKG,m,18-59,5,2003
HKG,m,60+,0,2003
HUN,f,0-4,0,2003
HUN,f,5-11,0,2003
HUN,f,12-17,0,2003
HUN,f,18-59,0,2003
HUN,f,60+,0,2003
HUN,m,0-4,0,2003
HUN,m,5-11,0,2003
HUN,m,12-17,0,2003
HUN,m,18-59,0,2003
HUN,m,60+,0,2003
HUN,f,0-4,0,2003
HUN,f,5-11,0,2003
HUN,f,12-17,0,2003
HUN,f,18-59,0,2003
HUN,f,60+,0,2003
HUN,m,0-4,0,2003
HUN,m,5-11,0,2003
HUN,m,12-17,0,2003
HUN,m,18-59,0,2003
HUN,m,60+,0,2003
IDN,f,0-4,0,2003
IDN,f,5-11,0,2003
IDN,f,12-17,0,2003
IDN,f,18-59,0,2003
IDN,f,60+,0,2003
IDN,m,0-4,0,2003
IDN,m,5-11,5,2003
IDN,m,12-17,0,2003
IDN,m,18-59,0,2003
IDN,m,60+,0,2003
IDN,f,0-4,5,2003
IDN,f,5-11,7,2003
IDN,f,12-17,6,2003
IDN,f,18-59,21,2003
IDN,f,60+,0,2003
IDN,m,0-4,0,2003
IDN,m,5-11,12,2003
IDN,m,12-17,10,2003
IDN,m,18-59,18,2003
IDN,m,60+,0,2003
IND,f,0-4,0,2003
IND,f,5-11,0,2003
IND,f,12-17,0,2003
IND,f,18-59,0,2003
IND,f,60+,0,2003
IND,m,0-4,0,2003
IND,m,5-11,0,2003
IND,m,12-17,0,2003
IND,m,18-59,0,2003
IND,m,60+,0,2003
IND,f,0-4,162,2003
IND,f,5-11,928,2003
IND,f,12-17,795,2003
IND,f,18-59,3274,2003
IND,f,60+,324,2003
IND,m,0-4,181,2003
IND,m,5-11,974,2003
IND,m,12-17,834,2003
IND,m,18-59,2490,2003
IND,m,60+,321,2003
IRL,f,0-4,0,2003
IRL,f,5-11,0,2003
IRL,f,12-17,0,2003
IRL,f,18-59,0,2003
IRL,f,60+,0,2003
IRL,m,0-4,0,2003
IRL,m,5-11,0,2003
IRL,m,12-17,0,2003
IRL,m,18-59,0,2003
IRL,m,60+,0,2003
IRL,f,0-4,0,2003
IRL,f,5-11,0,2003
IRL,f,12-17,0,2003
IRL,f,18-59,0,2003
IRL,f,60+,0,2003
IRL,m,0-4,0,2003
IRL,m,5-11,0,2003
IRL,m,12-17,0,2003
IRL,m,18-59,0,2003
IRL,m,60+,0,2003
IRN,f,0-4,33170,2003
IRN,f,5-11,32142,2003
IRN,f,12-17,100541,2003
IRN,f,18-59,140975,2003
IRN,f,60+,8293,2003
IRN,m,0-4,41464,2003
IRN,m,5-11,36369,2003
IRN,m,12-17,112898,2003
IRN,m,18-59,306824,2003
IRN,m,60+,16585,2003
ITA,f,0-4,0,2003
ITA,f,5-11,0,2003
ITA,f,12-17,0,2003
ITA,f,18-59,0,2003
ITA,f,60+,0,2003
ITA,m,0-4,0,2003
ITA,m,5-11,0,2003
ITA,m,12-17,0,2003
ITA,m,18-59,0,2003
ITA,m,60+,0,2003
JPN,f,0-4,0,2003
JPN,f,5-11,0,2003
JPN,f,12-17,0,2003
JPN,f,18-59,0,2003
JPN,f,60+,0,2003
JPN,m,0-4,0,2003
JPN,m,5-11,0,2003
JPN,m,12-17,0,2003
JPN,m,18-59,0,2003
JPN,m,60+,0,2003
JPN,f,0-4,0,2003
JPN,f,5-11,0,2003
JPN,f,12-17,0,2003
JPN,f,18-59,0,2003
JPN,f,60+,0,2003
JPN,m,0-4,0,2003
JPN,m,5-11,0,2003
JPN,m,12-17,0,2003
JPN,m,18-59,0,2003
JPN,m,60+,0,2003
KAZ,f,0-4,51,2003
KAZ,f,5-11,38,2003
KAZ,f,12-17,32,2003
KAZ,f,18-59,136,2003
KAZ,f,60+,18,2003
KAZ,m,0-4,54,2003
KAZ,m,5-11,45,2003
KAZ,m,12-17,39,2003
KAZ,m,18-59,238,2003
KAZ,m,60+,6,2003
KGZ,f,0-4,0,2003
KGZ,f,5-11,0,2003
KGZ,f,12-17,0,2003
KGZ,f,18-59,0,2003
KGZ,f,60+,0,2003
KGZ,m,0-4,0,2003
KGZ,m,5-11,0,2003
KGZ,m,12-17,0,2003
KGZ,m,18-59,0,2003
KGZ,m,60+,0,2003
KGZ,f,0-4,0,2003
KGZ,f,5-11,0,2003
KGZ,f,12-17,0,2003
KGZ,f,18-59,0,2003
KGZ,f,60+,0,2003
KGZ,m,0-4,0,2003
KGZ,m,5-11,0,2003
KGZ,m,12-17,0,2003
KGZ,m,18-59,0,2003
KGZ,m,60+,0,2003
KHM,f,0-4,0,2003
KHM,f,5-11,0,2003
KHM,f,12-17,0,2003
KHM,f,18-59,5,2003
KHM,f,60+,0,2003
KHM,m,0-4,0,2003
KHM,m,5-11,0,2003
KHM,m,12-17,0,2003
KHM,m,18-59,8,2003
KHM,m,60+,0,2003
KWT,f,0-4,0,2003
KWT,f,5-11,0,2003
KWT,f,12-17,8,2003
KWT,f,18-59,9,2003
KWT,f,60+,0,2003
KWT,m,0-4,0,2003
KWT,m,5-11,0,2003
KWT,m,12-17,5,2003
KWT,m,18-59,14,2003
KWT,m,60+,0,2003
KWT,f,0-4,0,2003
KWT,f,5-11,7,2003
KWT,f,12-17,7,2003
KWT,f,18-59,19,2003
KWT,f,60+,0,2003
KWT,m,0-4,0,2003
KWT,m,5-11,7,2003
KWT,m,12-17,6,2003
KWT,m,18-59,32,2003
KWT,m,60+,0,2003
LBN,f,0-4,0,2003
LBN,f,5-11,0,2003
LBN,f,12-17,0,2003
LBN,f,18-59,12,2003
LBN,f,60+,5,2003
LBN,m,0-4,0,2003
LBN,m,5-11,0,2003
LBN,m,12-17,5,2003
LBN,m,18-59,21,2003
LBN,m,60+,6,2003
LKA,f,0-4,0,2003
LKA,f,5-11,5,2003
LKA,f,12-17,0,2003
LKA,f,18-59,0,2003
LKA,f,60+,0,2003
LKA,m,0-4,0,2003
LKA,m,5-11,0,2003
LKA,m,12-17,0,2003
LKA,m,18-59,0,2003
LKA,m,60+,0,2003
LKA,f,0-4,0,2003
LKA,f,5-11,5,2003
LKA,f,12-17,0,2003
LKA,f,18-59,0,2003
LKA,f,60+,0,2003
LKA,m,0-4,0,2003
LKA,m,5-11,7,2003
LKA,m,12-17,0,2003
LKA,m,18-59,0,2003
LKA,m,60+,0,2003
LTU,f,0-4,0,2003
LTU,f,5-11,0,2003
LTU,f,12-17,0,2003
LTU,f,18-59,0,2003
LTU,f,60+,0,2003
LTU,m,0-4,0,2003
LTU,m,5-11,0,2003
LTU,m,12-17,0,2003
LTU,m,18-59,0,2003
LTU,m,60+,0,2003
LTU,f,0-4,0,2003
LTU,f,5-11,0,2003
LTU,f,12-17,0,2003
LTU,f,18-59,0,2003
LTU,f,60+,0,2003
LTU,m,0-4,0,2003
LTU,m,5-11,0,2003
LTU,m,12-17,0,2003
LTU,m,18-59,0,2003
LTU,m,60+,0,2003
MAR,f,0-4,0,2003
MAR,f,5-11,0,2003
MAR,f,12-17,0,2003
MAR,f,18-59,0,2003
MAR,f,60+,0,2003
MAR,m,0-4,0,2003
MAR,m,5-11,0,2003
MAR,m,12-17,0,2003
MAR,m,18-59,0,2003
MAR,m,60+,0,2003
MDA,f,0-4,0,2003
MDA,f,5-11,0,2003
MDA,f,12-17,0,2003
MDA,f,18-59,0,2003
MDA,f,60+,0,2003
MDA,m,0-4,0,2003
MDA,m,5-11,0,2003
MDA,m,12-17,0,2003
MDA,m,18-59,5,2003
MDA,m,60+,0,2003
MDA,f,0-4,0,2003
MDA,f,5-11,0,2003
MDA,f,12-17,0,2003
MDA,f,18-59,0,2003
MDA,f,60+,0,2003
MDA,m,0-4,0,2003
MDA,m,5-11,0,2003
MDA,m,12-17,0,2003
MDA,m,18-59,5,2003
MDA,m,60+,0,2003
MLT,f,0-4,0,2003
MLT,f,5-11,0,2003
MLT,f,12-17,0,2003
MLT,f,18-59,0,2003
MLT,f,60+,0,2003
MLT,m,0-4,0,2003
MLT,m,5-11,0,2003
MLT,m,12-17,0,2003
MLT,m,18-59,0,2003
MLT,m,60+,0,2003
MYS,f,0-4,0,2003
MYS,f,5-11,0,2003
MYS,f,12-17,0,2003
MYS,f,18-59,0,2003
MYS,f,60+,0,2003
MYS,m,0-4,0,2003
MYS,m,5-11,0,2003
MYS,m,12-17,0,2003
MYS,m,18-59,0,2003
MYS,m,60+,0,2003
MYS,f,0-4,0,2003
MYS,f,5-11,6,2003
MYS,f,12-17,0,2003
MYS,f,18-59,0,2003
MYS,f,60+,0,2003
MYS,m,0-4,5,2003
MYS,m,5-11,0,2003
MYS,m,12-17,0,2003
MYS,m,18-59,7,2003
MYS,m,60+,0,2003
NLD,f,0-4,0,2003
NLD,f,5-11,0,2003
NLD,f,12-17,0,2003
NLD,f,18-59,0,2003
NLD,f,60+,0,2003
NLD,m,0-4,0,2003
NLD,m,5-11,0,2003
NLD,m,12-17,0,2003
NLD,m,18-59,0,2003
NLD,m,60+,0,2003
NLD,f,0-4,0,2003
NLD,f,5-11,0,2003
NLD,f,12-17,0,2003
NLD,f,18-59,0,2003
NLD,f,60+,0,2003
NLD,m,0-4,0,2003
NLD,m,5-11,0,2003
NLD,m,12-17,0,2003
NLD,m,18-59,0,2003
NLD,m,60+,0,2003
NOR,f,0-4,0,2003
NOR,f,5-11,0,2003
NOR,f,12-17,0,2003
NOR,f,18-59,0,2003
NOR,f,60+,0,2003
NOR,m,0-4,0,2003
NOR,m,5-11,0,2003
NOR,m,12-17,0,2003
NOR,m,18-59,0,2003
NOR,m,60+,0,2003
NZL,f,0-4,0,2003
NZL,f,5-11,0,2003
NZL,f,12-17,0,2003
NZL,f,18-59,0,2003
NZL,f,60+,0,2003
NZL,m,0-4,0,2003
NZL,m,5-11,0,2003
NZL,m,12-17,0,2003
NZL,m,18-59,0,2003
NZL,m,60+,0,2003
NZL,f,0-4,0,2003
NZL,f,5-11,0,2003
NZL,f,12-17,0,2003
NZL,f,18-59,0,2003
NZL,f,60+,0,2003
NZL,m,0-4,0,2003
NZL,m,5-11,0,2003
NZL,m,12-17,0,2003
NZL,m,18-59,0,2003
NZL,m,60+,0,2003
OMN,f,0-4,0,2003
OMN,f,5-11,0,2003
OMN,f,12-17,0,2003
OMN,f,18-59,0,2003
OMN,f,60+,0,2003
OMN,m,0-4,0,2003
OMN,m,5-11,0,2003
OMN,m,12-17,0,2003
OMN,m,18-59,16,2003
OMN,m,60+,0,2003
PAK,f,0-4,0,2003
PAK,f,5-11,0,2003
PAK,f,12-17,0,2003
PAK,f,18-59,0,2003
PAK,f,60+,0,2003
PAK,m,0-4,0,2003
PAK,m,5-11,0,2003
PAK,m,12-17,0,2003
PAK,m,18-59,0,2003
PAK,m,60+,0,2003
PAK,f,0-4,92591,2003
PAK,f,5-11,129841,2003
PAK,f,12-17,111294,2003
PAK,f,18-59,238886,2003
PAK,f,60+,22472,2003
PAK,m,0-4,89893,2003
PAK,m,5-11,127058,2003
PAK,m,12-17,108908,2003
PAK,m,18-59,180455,2003
PAK,m,60+,22249,2003
POL,f,0-4,0,2003
POL,f,5-11,0,2003
POL,f,12-17,0,2003
POL,f,18-59,9,2003
POL,f,60+,0,2003
POL,m,0-4,0,2003
POL,m,5-11,11,2003
POL,m,12-17,10,2003
POL,m,18-59,55,2003
POL,m,60+,0,2003
POL,f,0-4,0,2003
POL,f,5-11,0,2003
POL,f,12-17,5,2003
POL,f,18-59,0,2003
POL,f,60+,0,2003
POL,m,0-4,0,2003
POL,m,5-11,0,2003
POL,m,12-17,0,2003
POL,m,18-59,0,2003
POL,m,60+,0,2003
PRT,f,0-4,0,2003
PRT,f,5-11,0,2003
PRT,f,12-17,0,2003
PRT,f,18-59,0,2003
PRT,f,60+,0,2003
PRT,m,0-4,0,2003
PRT,m,5-11,0,2003
PRT,m,12-17,0,2003
PRT,m,18-59,0,2003
PRT,m,60+,0,2003
QAT,f,0-4,0,2003
QAT,f,5-11,0,2003
QAT,f,12-17,0,2003
QAT,f,18-59,0,2003
QAT,f,60+,0,2003
QAT,m,0-4,0,2003
QAT,m,5-11,0,2003
QAT,m,12-17,0,2003
QAT,m,18-59,40,2003
QAT,m,60+,0,2003
ROU,f,0-4,0,2003
ROU,f,5-11,0,2003
ROU,f,12-17,0,2003
ROU,f,18-59,0,2003
ROU,f,60+,0,2003
ROU,m,0-4,0,2003
ROU,m,5-11,0,2003
ROU,m,12-17,0,2003
ROU,m,18-59,0,2003
ROU,m,60+,0,2003
ROU,f,0-4,0,2003
ROU,f,5-11,0,2003
ROU,f,12-17,0,2003
ROU,f,18-59,0,2003
ROU,f,60+,0,2003
ROU,m,0-4,0,2003
ROU,m,5-11,0,2003
ROU,m,12-17,0,2003
ROU,m,18-59,0,2003
ROU,m,60+,0,2003
RUS,f,0-4,0,2003
RUS,f,5-11,0,2003
RUS,f,12-17,0,2003
RUS,f,18-59,0,2003
RUS,f,60+,0,2003
RUS,m,0-4,0,2003
RUS,m,5-11,0,2003
RUS,m,12-17,0,2003
RUS,m,18-59,0,2003
RUS,m,60+,0,2003
RUS,f,0-4,0,2003
RUS,f,5-11,0,2003
RUS,f,12-17,0,2003
RUS,f,18-59,0,2003
RUS,f,60+,0,2003
RUS,m,0-4,0,2003
RUS,m,5-11,0,2003
RUS,m,12-17,0,2003
RUS,m,18-59,0,2003
RUS,m,60+,0,2003
RUS,f,0-4,0,2003
RUS,f,5-11,0,2003
RUS,f,12-17,0,2003
RUS,f,18-59,0,2003
RUS,f,60+,0,2003
RUS,m,0-4,0,2003
RUS,m,5-11,0,2003
RUS,m,12-17,0,2003
RUS,m,18-59,0,2003
RUS,m,60+,0,2003
SAU,f,0-4,0,2003
SAU,f,5-11,0,2003
SAU,f,12-17,0,2003
SAU,f,18-59,8,2003
SAU,f,60+,0,2003
SAU,m,0-4,0,2003
SAU,m,5-11,0,2003
SAU,m,12-17,0,2003
SAU,m,18-59,7,2003
SAU,m,60+,0,2003
SAU,f,0-4,0,2003
SAU,f,5-11,10,2003
SAU,f,12-17,9,2003
SAU,f,18-59,31,2003
SAU,f,60+,5,2003
SAU,m,0-4,5,2003
SAU,m,5-11,9,2003
SAU,m,12-17,7,2003
SAU,m,18-59,25,2003
SAU,m,60+,6,2003
SRB,f,0-4,0,2003
SRB,f,5-11,0,2003
SRB,f,12-17,0,2003
SRB,f,18-59,0,2003
SRB,f,60+,0,2003
SRB,m,0-4,0,2003
SRB,m,5-11,0,2003
SRB,m,12-17,0,2003
SRB,m,18-59,0,2003
SRB,m,60+,0,2003
SVK,f,0-4,0,2003
SVK,f,5-11,0,2003
SVK,f,12-17,0,2003
SVK,f,18-59,0,2003
SVK,f,60+,0,2003
SVK,m,0-4,0,2003
SVK,m,5-11,0,2003
SVK,m,12-17,0,2003
SVK,m,18-59,0,2003
SVK,m,60+,0,2003
SVK,f,0-4,0,2003
SVK,f,5-11,0,2003
SVK,f,12-17,0,2003
SVK,f,18-59,0,2003
SVK,f,60+,0,2003
SVK,m,0-4,0,2003
SVK,m,5-11,0,2003
SVK,m,12-17,0,2003
SVK,m,18-59,0,2003
SVK,m,60+,0,2003
SWE,f,0-4,0,2003
SWE,f,5-11,0,2003
SWE,f,12-17,0,2003
SWE,f,18-59,0,2003
SWE,f,60+,0,2003
SWE,m,0-4,0,2003
SWE,m,5-11,0,2003
SWE,m,12-17,0,2003
SWE,m,18-59,0,2003
SWE,m,60+,0,2003
SWE,f,0-4,0,2003
SWE,f,5-11,0,2003
SWE,f,12-17,0,2003
SWE,f,18-59,0,2003
SWE,f,60+,0,2003
SWE,m,0-4,0,2003
SWE,m,5-11,0,2003
SWE,m,12-17,0,2003
SWE,m,18-59,0,2003
SWE,m,60+,0,2003
SYR,f,0-4,21,2003
SYR,f,5-11,45,2003
SYR,f,12-17,39,2003
SYR,f,18-59,91,2003
SYR,f,60+,5,2003
SYR,m,0-4,22,2003
SYR,m,5-11,52,2003
SYR,m,12-17,45,2003
SYR,m,18-59,88,2003
SYR,m,60+,17,2003
TCD,f,0-4,0,2003
TCD,f,5-11,0,2003
TCD,f,12-17,0,2003
TCD,f,18-59,0,2003
TCD,f,60+,0,2003
TCD,m,0-4,0,2003
TCD,m,5-11,0,2003
TCD,m,12-17,0,2003
TCD,m,18-59,0,2003
TCD,m,60+,0,2003
THA,f,0-4,0,2003
THA,f,5-11,0,2003
THA,f,12-17,5,2003
THA,f,18-59,0,2003
THA,f,60+,0,2003
THA,m,0-4,0,2003
THA,m,5-11,0,2003
THA,m,12-17,0,2003
THA,m,18-59,7,2003
THA,m,60+,0,2003
TJK,f,0-4,0,2003
TJK,f,5-11,0,2003
TJK,f,12-17,0,2003
TJK,f,18-59,0,2003
TJK,f,60+,0,2003
TJK,m,0-4,0,2003
TJK,m,5-11,0,2003
TJK,m,12-17,0,2003
TJK,m,18-59,8,2003
TJK,m,60+,0,2003
TJK,f,0-4,0,2003
TJK,f,5-11,0,2003
TJK,f,12-17,0,2003
TJK,f,18-59,0,2003
TJK,f,60+,0,2003
TJK,m,0-4,0,2003
TJK,m,5-11,0,2003
TJK,m,12-17,0,2003
TJK,m,18-59,0,2003
TJK,m,60+,0,2003
TKM,f,0-4,43,2003
TKM,f,5-11,108,2003
TKM,f,12-17,94,2003
TKM,f,18-59,288,2003
TKM,f,60+,15,2003
TKM,m,0-4,76,2003
TKM,m,5-11,120,2003
TKM,m,12-17,104,2003
TKM,m,18-59,327,2003
TKM,m,60+,49,2003
TUR,f,0-4,0,2003
TUR,f,5-11,21,2003
TUR,f,12-17,6,2003
TUR,f,18-59,0,2003
TUR,f,60+,0,2003
TUR,m,0-4,0,2003
TUR,m,5-11,6,2003
TUR,m,12-17,0,2003
TUR,m,18-59,11,2003
TUR,m,60+,0,2003
TUR,f,0-4,0,2003
TUR,f,5-11,0,2003
TUR,f,12-17,15,2003
TUR,f,18-59,21,2003
TUR,f,60+,0,2003
TUR,m,0-4,0,2003
TUR,m,5-11,0,2003
TUR,m,12-17,19,2003
TUR,m,18-59,28,2003
TUR,m,60+,0,2003
UKR,f,0-4,0,2003
UKR,f,5-11,0,2003
UKR,f,12-17,5,2003
UKR,f,18-59,13,2003
UKR,f,60+,0,2003
UKR,m,0-4,0,2003
UKR,m,5-11,6,2003
UKR,m,12-17,7,2003
UKR,m,18-59,101,2003
UKR,m,60+,0,2003
UKR,f,0-4,38,2003
UKR,f,5-11,97,2003
UKR,f,12-17,84,2003
UKR,f,18-59,190,2003
UKR,f,60+,17,2003
UKR,m,0-4,31,2003
UKR,m,5-11,121,2003
UKR,m,12-17,103,2003
UKR,m,18-59,814,2003
UKR,m,60+,15,2003
USA,f,0-4,0,2003
USA,f,5-11,0,2003
USA,f,12-17,0,2003
USA,f,18-59,0,2003
USA,f,60+,0,2003
USA,m,0-4,0,2003
USA,m,5-11,0,2003
USA,m,12-17,0,2003
USA,m,18-59,0,2003
USA,m,60+,0,2003
USA,f,0-4,0,2003
USA,f,5-11,0,2003
USA,f,12-17,0,2003
USA,f,18-59,0,2003
USA,f,60+,0,2003
USA,m,0-4,0,2003
USA,m,5-11,0,2003
USA,m,12-17,0,2003
USA,m,18-59,0,2003
USA,m,60+,0,2003
UZB,f,0-4,52,2003
UZB,f,5-11,86,2003
UZB,f,12-17,70,2003
UZB,f,18-59,162,2003
UZB,f,60+,36,2003
UZB,m,0-4,41,2003
UZB,m,5-11,77,2003
UZB,m,12-17,66,2003
UZB,m,18-59,304,2003
UZB,m,60+,34,2003
UZB,f,0-4,69,2003
UZB,f,5-11,256,2003
UZB,f,12-17,220,2003
UZB,f,18-59,572,2003
UZB,f,60+,22,2003
UZB,m,0-4,89,2003
UZB,m,5-11,279,2003
UZB,m,12-17,238,2003
UZB,m,18-59,670,2003
UZB,m,60+,26,2003
ZAF,f,0-4,0,2003
ZAF,f,5-11,0,2003
ZAF,f,12-17,0,2003
ZAF,f,18-59,0,2003
ZAF,f,60+,0,2003
ZAF,m,0-4,0,2003
ZAF,m,5-11,0,2003
ZAF,m,12-17,0,2003
ZAF,m,18-59,0,2003
ZAF,m,60+,0,2003
ZAF,f,0-4,0,2003
ZAF,f,5-11,0,2003
ZAF,f,12-17,0,2003
ZAF,f,18-59,0,2003
ZAF,f,60+,0,2003
ZAF,m,0-4,0,2003
ZAF,m,5-11,0,2003
ZAF,m,12-17,0,2003
ZAF,m,18-59,0,2003
ZAF,m,60+,0,2003
ZWE,f,0-4,5,2003
ZWE,f,5-11,6,2003
ZWE,f,12-17,6,2003
ZWE,f,18-59,9,2003
ZWE,f,60+,0,2003
ZWE,m,0-4,0,2003
ZWE,m,5-11,5,2003
ZWE,m,12-17,6,2003
ZWE,m,18-59,45,2003
ZWE,m,60+,0,2003
AUS,f,0-4,0,2004
AUS,f,5-11,0,2004
AUS,f,12-17,0,2004
AUS,f,18-59,0,2004
AUS,f,60+,0,2004
AUS,m,0-4,0,2004
AUS,m,5-11,0,2004
AUS,m,12-17,0,2004
AUS,m,18-59,0,2004
AUS,m,60+,0,2004
AUS,f,0-4,0,2004
AUS,f,5-11,0,2004
AUS,f,12-17,0,2004
AUS,f,18-59,0,2004
AUS,f,60+,0,2004
AUS,m,0-4,0,2004
AUS,m,5-11,0,2004
AUS,m,12-17,0,2004
AUS,m,18-59,0,2004
AUS,m,60+,0,2004
AUT,f,0-4,0,2004
AUT,f,5-11,0,2004
AUT,f,12-17,0,2004
AUT,f,18-59,0,2004
AUT,f,60+,0,2004
AUT,m,0-4,0,2004
AUT,m,5-11,0,2004
AUT,m,12-17,0,2004
AUT,m,18-59,0,2004
AUT,m,60+,0,2004
AZE,f,0-4,6,2004
AZE,f,5-11,24,2004
AZE,f,12-17,21,2004
AZE,f,18-59,107,2004
AZE,f,60+,5,2004
AZE,m,0-4,10,2004
AZE,m,5-11,44,2004
AZE,m,12-17,38,2004
AZE,m,18-59,420,2004
AZE,m,60+,5,2004
AZE,f,0-4,5,2004
AZE,f,5-11,9,2004
AZE,f,12-17,8,2004
AZE,f,18-59,25,2004
AZE,f,60+,0,2004
AZE,m,0-4,5,2004
AZE,m,5-11,20,2004
AZE,m,12-17,18,2004
AZE,m,18-59,58,2004
AZE,m,60+,0,2004
BEL,f,0-4,0,2004
BEL,f,5-11,0,2004
BEL,f,12-17,0,2004
BEL,f,18-59,0,2004
BEL,f,60+,0,2004
BEL,m,0-4,0,2004
BEL,m,5-11,0,2004
BEL,m,12-17,0,2004
BEL,m,18-59,0,2004
BEL,m,60+,0,2004
BEL,f,0-4,0,2004
BEL,f,5-11,0,2004
BEL,f,12-17,0,2004
BEL,f,18-59,0,2004
BEL,f,60+,0,2004
BEL,m,0-4,0,2004
BEL,m,5-11,0,2004
BEL,m,12-17,0,2004
BEL,m,18-59,0,2004
BEL,m,60+,0,2004
BGR,f,0-4,0,2004
BGR,f,5-11,0,2004
BGR,f,12-17,0,2004
BGR,f,18-59,0,2004
BGR,f,60+,0,2004
BGR,m,0-4,0,2004
BGR,m,5-11,0,2004
BGR,m,12-17,0,2004
BGR,m,18-59,0,2004
BGR,m,60+,0,2004
BGR,f,0-4,0,2004
BGR,f,5-11,0,2004
BGR,f,12-17,0,2004
BGR,f,18-59,0,2004
BGR,f,60+,0,2004
BGR,m,0-4,0,2004
BGR,m,5-11,0,2004
BGR,m,12-17,0,2004
BGR,m,18-59,0,2004
BGR,m,60+,0,2004
BLR,f,0-4,0,2004
BLR,f,5-11,6,2004
BLR,f,12-17,0,2004
BLR,f,18-59,6,2004
BLR,f,60+,0,2004
BLR,m,0-4,0,2004
BLR,m,5-11,0,2004
BLR,m,12-17,5,2004
BLR,m,18-59,18,2004
BLR,m,60+,0,2004
BLR,f,0-4,17,2004
BLR,f,5-11,36,2004
BLR,f,12-17,37,2004
BLR,f,18-59,124,2004
BLR,f,60+,5,2004
BLR,m,0-4,0,2004
BLR,m,5-11,41,2004
BLR,m,12-17,37,2004
BLR,m,18-59,232,2004
BLR,m,60+,5,2004
BRA,f,0-4,0,2004
BRA,f,5-11,5,2004
BRA,f,12-17,0,2004
BRA,f,18-59,0,2004
BRA,f,60+,0,2004
BRA,m,0-4,0,2004
BRA,m,5-11,0,2004
BRA,m,12-17,0,2004
BRA,m,18-59,6,2004
BRA,m,60+,0,2004
CAN,f,0-4,0,2004
CAN,f,5-11,0,2004
CAN,f,12-17,0,2004
CAN,f,18-59,0,2004
CAN,f,60+,0,2004
CAN,m,0-4,0,2004
CAN,m,5-11,0,2004
CAN,m,12-17,0,2004
CAN,m,18-59,0,2004
CAN,m,60+,0,2004
CAN,f,0-4,0,2004
CAN,f,5-11,0,2004
CAN,f,12-17,0,2004
CAN,f,18-59,0,2004
CAN,f,60+,0,2004
CAN,m,0-4,0,2004
CAN,m,5-11,0,2004
CAN,m,12-17,0,2004
CAN,m,18-59,0,2004
CAN,m,60+,0,2004
CHE,f,0-4,6,2004
CHE,f,5-11,7,2004
CHE,f,12-17,6,2004
CHE,f,18-59,28,2004
CHE,f,60+,0,2004
CHE,m,0-4,5,2004
CHE,m,5-11,13,2004
CHE,m,12-17,12,2004
CHE,m,18-59,118,2004
CHE,m,60+,0,2004
CHE,f,0-4,28,2004
CHE,f,5-11,41,2004
CHE,f,12-17,35,2004
CHE,f,18-59,107,2004
CHE,f,60+,16,2004
CHE,m,0-4,18,2004
CHE,m,5-11,40,2004
CHE,m,12-17,34,2004
CHE,m,18-59,226,2004
CHE,m,60+,13,2004
CHL,f,0-4,0,2004
CHL,f,5-11,0,2004
CHL,f,12-17,0,2004
CHL,f,18-59,5,2004
CHL,f,60+,0,2004
CHL,m,0-4,5,2004
CHL,m,5-11,0,2004
CHL,m,12-17,0,2004
CHL,m,18-59,5,2004
CHL,m,60+,0,2004
CHN,f,0-4,0,2004
CHN,f,5-11,0,2004
CHN,f,12-17,0,2004
CHN,f,18-59,0,2004
CHN,f,60+,0,2004
CHN,m,0-4,0,2004
CHN,m,5-11,7,2004
CHN,m,12-17,0,2004
CHN,m,18-59,0,2004
CHN,m,60+,0,2004
CIV,f,0-4,0,2004
CIV,f,5-11,0,2004
CIV,f,12-17,0,2004
CIV,f,18-59,0,2004
CIV,f,60+,0,2004
CIV,m,0-4,0,2004
CIV,m,5-11,0,2004
CIV,m,12-17,0,2004
CIV,m,18-59,0,2004
CIV,m,60+,0,2004
CIV,f,0-4,0,2004
CIV,f,5-11,0,2004
CIV,f,12-17,0,2004
CIV,f,18-59,0,2004
CIV,f,60+,0,2004
CIV,m,0-4,0,2004
CIV,m,5-11,0,2004
CIV,m,12-17,0,2004
CIV,m,18-59,7,2004
CIV,m,60+,0,2004
CUB,f,0-4,0,2004
CUB,f,5-11,0,2004
CUB,f,12-17,0,2004
CUB,f,18-59,5,2004
CUB,f,60+,0,2004
CUB,m,0-4,0,2004
CUB,m,5-11,5,2004
CUB,m,12-17,0,2004
CUB,m,18-59,7,2004
CUB,m,60+,0,2004
CYP,f,0-4,0,2004
CYP,f,5-11,0,2004
CYP,f,12-17,0,2004
CYP,f,18-59,0,2004
CYP,f,60+,0,2004
CYP,m,0-4,0,2004
CYP,m,5-11,0,2004
CYP,m,12-17,0,2004
CYP,m,18-59,0,2004
CYP,m,60+,0,2004
CYP,f,0-4,0,2004
CYP,f,5-11,0,2004
CYP,f,12-17,0,2004
CYP,f,18-59,0,2004
CYP,f,60+,0,2004
CYP,m,0-4,0,2004
CYP,m,5-11,0,2004
CYP,m,12-17,0,2004
CYP,m,18-59,9,2004
CYP,m,60+,0,2004
CZE,f,0-4,0,2004
CZE,f,5-11,0,2004
CZE,f,12-17,0,2004
CZE,f,18-59,0,2004
CZE,f,60+,0,2004
CZE,m,0-4,0,2004
CZE,m,5-11,0,2004
CZE,m,12-17,0,2004
CZE,m,18-59,0,2004
CZE,m,60+,0,2004
CZE,f,0-4,0,2004
CZE,f,5-11,0,2004
CZE,f,12-17,0,2004
CZE,f,18-59,0,2004
CZE,f,60+,0,2004
CZE,m,0-4,0,2004
CZE,m,5-11,0,2004
CZE,m,12-17,0,2004
CZE,m,18-59,0,2004
CZE,m,60+,0,2004
DEU,f,0-4,0,2004
DEU,f,5-11,0,2004
DEU,f,12-17,0,2004
DEU,f,18-59,0,2004
DEU,f,60+,0,2004
DEU,m,0-4,0,2004
DEU,m,5-11,0,2004
DEU,m,12-17,0,2004
DEU,m,18-59,0,2004
DEU,m,60+,0,2004
DEU,f,0-4,0,2004
DEU,f,5-11,0,2004
DEU,f,12-17,0,2004
DEU,f,18-59,0,2004
DEU,f,60+,0,2004
DEU,m,0-4,0,2004
DEU,m,5-11,0,2004
DEU,m,12-17,0,2004
DEU,m,18-59,0,2004
DEU,m,60+,0,2004
DNK,f,0-4,0,2004
DNK,f,5-11,0,2004
DNK,f,12-17,0,2004
DNK,f,18-59,0,2004
DNK,f,60+,0,2004
DNK,m,0-4,0,2004
DNK,m,5-11,0,2004
DNK,m,12-17,0,2004
DNK,m,18-59,0,2004
DNK,m,60+,0,2004
DNK,f,0-4,0,2004
DNK,f,5-11,0,2004
DNK,f,12-17,0,2004
DNK,f,18-59,0,2004
DNK,f,60+,0,2004
DNK,m,0-4,0,2004
DNK,m,5-11,0,2004
DNK,m,12-17,0,2004
DNK,m,18-59,0,2004
DNK,m,60+,0,2004
ECU,f,0-4,0,2004
ECU,f,5-11,0,2004
ECU,f,12-17,0,2004
ECU,f,18-59,0,2004
ECU,f,60+,0,2004
ECU,m,0-4,0,2004
ECU,m,5-11,0,2004
ECU,m,12-17,0,2004
ECU,m,18-59,0,2004
ECU,m,60+,0,2004
EGY,f,0-4,5,2004
EGY,f,5-11,0,2004
EGY,f,12-17,0,2004
EGY,f,18-59,0,2004
EGY,f,60+,0,2004
EGY,m,0-4,5,2004
EGY,m,5-11,0,2004
EGY,m,12-17,0,2004
EGY,m,18-59,25,2004
EGY,m,60+,0,2004
ESP,f,0-4,0,2004
ESP,f,5-11,0,2004
ESP,f,12-17,0,2004
ESP,f,18-59,0,2004
ESP,f,60+,0,2004
ESP,m,0-4,0,2004
ESP,m,5-11,0,2004
ESP,m,12-17,0,2004
ESP,m,18-59,0,2004
ESP,m,60+,0,2004
EST,f,0-4,0,2004
EST,f,5-11,0,2004
EST,f,12-17,0,2004
EST,f,18-59,0,2004
EST,f,60+,0,2004
EST,m,0-4,0,2004
EST,m,5-11,0,2004
EST,m,12-17,0,2004
EST,m,18-59,6,2004
EST,m,60+,0,2004
ETH,f,0-4,0,2004
ETH,f,5-11,5,2004
ETH,f,12-17,0,2004
ETH,f,18-59,0,2004
ETH,f,60+,0,2004
ETH,m,0-4,0,2004
ETH,m,5-11,0,2004
ETH,m,12-17,0,2004
ETH,m,18-59,0,2004
ETH,m,60+,0,2004
FIN,f,0-4,0,2004
FIN,f,5-11,0,2004
FIN,f,12-17,0,2004
FIN,f,18-59,0,2004
FIN,f,60+,0,2004
FIN,m,0-4,0,2004
FIN,m,5-11,0,2004
FIN,m,12-17,0,2004
FIN,m,18-59,0,2004
FIN,m,60+,0,2004
FRA,f,0-4,0,2004
FRA,f,5-11,0,2004
FRA,f,12-17,0,2004
FRA,f,18-59,0,2004
FRA,f,60+,0,2004
FRA,m,0-4,0,2004
FRA,m,5-11,0,2004
FRA,m,12-17,0,2004
FRA,m,18-59,0,2004
FRA,m,60+,0,2004
GBR,f,0-4,0,2004
GBR,f,5-11,0,2004
GBR,f,12-17,0,2004
GBR,f,18-59,0,2004
GBR,f,60+,0,2004
GBR,m,0-4,0,2004
GBR,m,5-11,0,2004
GBR,m,12-17,0,2004
GBR,m,18-59,0,2004
GBR,m,60+,0,2004
GEO,f,0-4,0,2004
GEO,f,5-11,0,2004
GEO,f,12-17,0,2004
GEO,f,18-59,0,2004
GEO,f,60+,0,2004
GEO,m,0-4,0,2004
GEO,m,5-11,0,2004
GEO,m,12-17,0,2004
GEO,m,18-59,0,2004
GEO,m,60+,0,2004
GRC,f,0-4,0,2004
GRC,f,5-11,0,2004
GRC,f,12-17,9,2004
GRC,f,18-59,23,2004
GRC,f,60+,0,2004
GRC,m,0-4,0,2004
GRC,m,5-11,81,2004
GRC,m,12-17,70,2004
GRC,m,18-59,357,2004
GRC,m,60+,5,2004
GRC,f,0-4,0,2004
GRC,f,5-11,0,2004
GRC,f,12-17,0,2004
GRC,f,18-59,0,2004
GRC,f,60+,0,2004
GRC,m,0-4,0,2004
GRC,m,5-11,0,2004
GRC,m,12-17,0,2004
GRC,m,18-59,5,2004
GRC,m,60+,0,2004
HKG,f,0-4,0,2004
HKG,f,5-11,0,2004
HKG,f,12-17,0,2004
HKG,f,18-59,0,2004
HKG,f,60+,0,2004
HKG,m,0-4,0,2004
HKG,m,5-11,0,2004
HKG,m,12-17,0,2004
HKG,m,18-59,0,2004
HKG,m,60+,0,2004
HUN,f,0-4,0,2004
HUN,f,5-11,0,2004
HUN,f,12-17,0,2004
HUN,f,18-59,0,2004
HUN,f,60+,0,2004
HUN,m,0-4,0,2004
HUN,m,5-11,0,2004
HUN,m,12-17,0,2004
HUN,m,18-59,0,2004
HUN,m,60+,0,2004
HUN,f,0-4,0,2004
HUN,f,5-11,0,2004
HUN,f,12-17,0,2004
HUN,f,18-59,0,2004
HUN,f,60+,0,2004
HUN,m,0-4,0,2004
HUN,m,5-11,0,2004
HUN,m,12-17,0,2004
HUN,m,18-59,0,2004
HUN,m,60+,0,2004
IDN,f,0-4,0,2004
IDN,f,5-11,0,2004
IDN,f,12-17,0,2004
IDN,f,18-59,0,2004
IDN,f,60+,0,2004
IDN,m,0-4,0,2004
IDN,m,5-11,0,2004
IDN,m,12-17,0,2004
IDN,m,18-59,8,2004
IDN,m,60+,0,2004
IDN,f,0-4,0,2004
IDN,f,5-11,0,2004
IDN,f,12-17,0,2004
IDN,f,18-59,0,2004
IDN,f,60+,0,2004
IDN,m,0-4,0,2004
IDN,m,5-11,0,2004
IDN,m,12-17,0,2004
IDN,m,18-59,0,2004
IDN,m,60+,0,2004
IDN,f,0-4,0,2004
IDN,f,5-11,7,2004
IDN,f,12-17,0,2004
IDN,f,18-59,10,2004
IDN,f,60+,0,2004
IDN,m,0-4,0,2004
IDN,m,5-11,5,2004
IDN,m,12-17,5,2004
IDN,m,18-59,18,2004
IDN,m,60+,0,2004
IND,f,0-4,0,2004
IND,f,5-11,0,2004
IND,f,12-17,0,2004
IND,f,18-59,0,2004
IND,f,60+,0,2004
IND,m,0-4,0,2004
IND,m,5-11,0,2004
IND,m,12-17,0,2004
IND,m,18-59,0,2004
IND,m,60+,0,2004
IND,f,0-4,148,2004
IND,f,5-11,808,2004
IND,f,12-17,693,2004
IND,f,18-59,3287,2004
IND,f,60+,321,2004
IND,m,0-4,187,2004
IND,m,5-11,876,2004
IND,m,12-17,750,2004
IND,m,18-59,2381,2004
IND,m,60+,310,2004
IRL,f,0-4,0,2004
IRL,f,5-11,0,2004
IRL,f,12-17,0,2004
IRL,f,18-59,0,2004
IRL,f,60+,0,2004
IRL,m,0-4,0,2004
IRL,m,5-11,0,2004
IRL,m,12-17,0,2004
IRL,m,18-59,0,2004
IRL,m,60+,0,2004
IRL,f,0-4,0,2004
IRL,f,5-11,0,2004
IRL,f,12-17,0,2004
IRL,f,18-59,0,2004
IRL,f,60+,0,2004
IRL,m,0-4,0,2004
IRL,m,5-11,0,2004
IRL,m,12-17,0,2004
IRL,m,18-59,0,2004
IRL,m,60+,0,2004
IRN,f,0-4,0,2004
IRN,f,5-11,0,2004
IRN,f,12-17,0,2004
IRN,f,18-59,6,2004
IRN,f,60+,0,2004
IRN,m,0-4,0,2004
IRN,m,5-11,0,2004
IRN,m,12-17,0,2004
IRN,m,18-59,18,2004
IRN,m,60+,0,2004
IRN,f,0-4,31495,2004
IRN,f,5-11,44526,2004
IRN,f,12-17,139274,2004
IRN,f,18-59,194180,2004
IRN,f,60+,11426,2004
IRN,m,0-4,33853,2004
IRN,m,5-11,49405,2004
IRN,m,12-17,153362,2004
IRN,m,18-59,275828,2004
IRN,m,60+,19453,2004
ISL,f,0-4,0,2004
ISL,f,5-11,0,2004
ISL,f,12-17,0,2004
ISL,f,18-59,0,2004
ISL,f,60+,0,2004
ISL,m,0-4,0,2004
ISL,m,5-11,0,2004
ISL,m,12-17,0,2004
ISL,m,18-59,0,2004
ISL,m,60+,0,2004
ITA,f,0-4,0,2004
ITA,f,5-11,0,2004
ITA,f,12-17,0,2004
ITA,f,18-59,0,2004
ITA,f,60+,0,2004
ITA,m,0-4,0,2004
ITA,m,5-11,0,2004
ITA,m,12-17,0,2004
ITA,m,18-59,0,2004
ITA,m,60+,0,2004
JPN,f,0-4,0,2004
JPN,f,5-11,0,2004
JPN,f,12-17,0,2004
JPN,f,18-59,0,2004
JPN,f,60+,0,2004
JPN,m,0-4,0,2004
JPN,m,5-11,0,2004
JPN,m,12-17,0,2004
JPN,m,18-59,0,2004
JPN,m,60+,0,2004
JPN,f,0-4,0,2004
JPN,f,5-11,0,2004
JPN,f,12-17,0,2004
JPN,f,18-59,0,2004
JPN,f,60+,0,2004
JPN,m,0-4,0,2004
JPN,m,5-11,0,2004
JPN,m,12-17,0,2004
JPN,m,18-59,0,2004
JPN,m,60+,0,2004
KAZ,f,0-4,46,2004
KAZ,f,5-11,38,2004
KAZ,f,12-17,32,2004
KAZ,f,18-59,151,2004
KAZ,f,60+,16,2004
KAZ,m,0-4,51,2004
KAZ,m,5-11,48,2004
KAZ,m,12-17,42,2004
KAZ,m,18-59,239,2004
KAZ,m,60+,7,2004
KGZ,f,0-4,5,2004
KGZ,f,5-11,5,2004
KGZ,f,12-17,0,2004
KGZ,f,18-59,44,2004
KGZ,f,60+,0,2004
KGZ,m,0-4,8,2004
KGZ,m,5-11,6,2004
KGZ,m,12-17,0,2004
KGZ,m,18-59,60,2004
KGZ,m,60+,0,2004
KGZ,f,0-4,10,2004
KGZ,f,5-11,5,2004
KGZ,f,12-17,5,2004
KGZ,f,18-59,83,2004
KGZ,f,60+,5,2004
KGZ,m,0-4,13,2004
KGZ,m,5-11,8,2004
KGZ,m,12-17,6,2004
KGZ,m,18-59,118,2004
KGZ,m,60+,5,2004
KHM,f,0-4,0,2004
KHM,f,5-11,0,2004
KHM,f,12-17,0,2004
KHM,f,18-59,0,2004
KHM,f,60+,0,2004
KHM,m,0-4,0,2004
KHM,m,5-11,0,2004
KHM,m,12-17,0,2004
KHM,m,18-59,7,2004
KHM,m,60+,0,2004
KWT,f,0-4,6,2004
KWT,f,5-11,0,2004
KWT,f,12-17,5,2004
KWT,f,18-59,9,2004
KWT,f,60+,0,2004
KWT,m,0-4,0,2004
KWT,m,5-11,7,2004
KWT,m,12-17,0,2004
KWT,m,18-59,10,2004
KWT,m,60+,0,2004
KWT,f,0-4,0,2004
KWT,f,5-11,7,2004
KWT,f,12-17,7,2004
KWT,f,18-59,19,2004
KWT,f,60+,0,2004
KWT,m,0-4,0,2004
KWT,m,5-11,7,2004
KWT,m,12-17,6,2004
KWT,m,18-59,32,2004
KWT,m,60+,0,2004
LBN,f,0-4,0,2004
LBN,f,5-11,0,2004
LBN,f,12-17,0,2004
LBN,f,18-59,10,2004
LBN,f,60+,0,2004
LBN,m,0-4,5,2004
LBN,m,5-11,0,2004
LBN,m,12-17,0,2004
LBN,m,18-59,16,2004
LBN,m,60+,0,2004
LKA,f,0-4,0,2004
LKA,f,5-11,0,2004
LKA,f,12-17,7,2004
LKA,f,18-59,0,2004
LKA,f,60+,0,2004
LKA,m,0-4,0,2004
LKA,m,5-11,0,2004
LKA,m,12-17,8,2004
LKA,m,18-59,0,2004
LKA,m,60+,0,2004
LTU,f,0-4,0,2004
LTU,f,5-11,0,2004
LTU,f,12-17,0,2004
LTU,f,18-59,0,2004
LTU,f,60+,0,2004
LTU,m,0-4,0,2004
LTU,m,5-11,0,2004
LTU,m,12-17,0,2004
LTU,m,18-59,0,2004
LTU,m,60+,0,2004
LTU,f,0-4,0,2004
LTU,f,5-11,0,2004
LTU,f,12-17,0,2004
LTU,f,18-59,0,2004
LTU,f,60+,0,2004
LTU,m,0-4,0,2004
LTU,m,5-11,0,2004
LTU,m,12-17,0,2004
LTU,m,18-59,0,2004
LTU,m,60+,0,2004
MDA,f,0-4,0,2004
MDA,f,5-11,0,2004
MDA,f,12-17,0,2004
MDA,f,18-59,0,2004
MDA,f,60+,0,2004
MDA,m,0-4,0,2004
MDA,m,5-11,0,2004
MDA,m,12-17,0,2004
MDA,m,18-59,5,2004
MDA,m,60+,0,2004
MDA,f,0-4,0,2004
MDA,f,5-11,0,2004
MDA,f,12-17,0,2004
MDA,f,18-59,0,2004
MDA,f,60+,0,2004
MDA,m,0-4,0,2004
MDA,m,5-11,0,2004
MDA,m,12-17,0,2004
MDA,m,18-59,5,2004
MDA,m,60+,0,2004
MLT,f,0-4,0,2004
MLT,f,5-11,0,2004
MLT,f,12-17,0,2004
MLT,f,18-59,0,2004
MLT,f,60+,0,2004
MLT,m,0-4,0,2004
MLT,m,5-11,0,2004
MLT,m,12-17,0,2004
MLT,m,18-59,0,2004
MLT,m,60+,0,2004
MYS,f,0-4,0,2004
MYS,f,5-11,0,2004
MYS,f,12-17,0,2004
MYS,f,18-59,0,2004
MYS,f,60+,0,2004
MYS,m,0-4,0,2004
MYS,m,5-11,0,2004
MYS,m,12-17,0,2004
MYS,m,18-59,0,2004
MYS,m,60+,0,2004
MYS,f,0-4,0,2004
MYS,f,5-11,0,2004
MYS,f,12-17,0,2004
MYS,f,18-59,7,2004
MYS,f,60+,0,2004
MYS,m,0-4,6,2004
MYS,m,5-11,0,2004
MYS,m,12-17,0,2004
MYS,m,18-59,13,2004
MYS,m,60+,0,2004
NLD,f,0-4,0,2004
NLD,f,5-11,0,2004
NLD,f,12-17,0,2004
NLD,f,18-59,0,2004
NLD,f,60+,0,2004
NLD,m,0-4,0,2004
NLD,m,5-11,0,2004
NLD,m,12-17,0,2004
NLD,m,18-59,0,2004
NLD,m,60+,0,2004
NLD,f,0-4,0,2004
NLD,f,5-11,0,2004
NLD,f,12-17,0,2004
NLD,f,18-59,0,2004
NLD,f,60+,0,2004
NLD,m,0-4,0,2004
NLD,m,5-11,0,2004
NLD,m,12-17,0,2004
NLD,m,18-59,0,2004
NLD,m,60+,0,2004
NOR,f,0-4,0,2004
NOR,f,5-11,0,2004
NOR,f,12-17,0,2004
NOR,f,18-59,0,2004
NOR,f,60+,0,2004
NOR,m,0-4,0,2004
NOR,m,5-11,0,2004
NOR,m,12-17,0,2004
NOR,m,18-59,0,2004
NOR,m,60+,0,2004
NZL,f,0-4,0,2004
NZL,f,5-11,0,2004
NZL,f,12-17,0,2004
NZL,f,18-59,0,2004
NZL,f,60+,0,2004
NZL,m,0-4,0,2004
NZL,m,5-11,0,2004
NZL,m,12-17,0,2004
NZL,m,18-59,0,2004
NZL,m,60+,0,2004
NZL,f,0-4,0,2004
NZL,f,5-11,0,2004
NZL,f,12-17,0,2004
NZL,f,18-59,0,2004
NZL,f,60+,0,2004
NZL,m,0-4,0,2004
NZL,m,5-11,0,2004
NZL,m,12-17,0,2004
NZL,m,18-59,0,2004
NZL,m,60+,0,2004
OMN,f,0-4,0,2004
OMN,f,5-11,0,2004
OMN,f,12-17,0,2004
OMN,f,18-59,0,2004
OMN,f,60+,0,2004
OMN,m,0-4,0,2004
OMN,m,5-11,0,2004
OMN,m,12-17,0,2004
OMN,m,18-59,16,2004
OMN,m,60+,0,2004
PAK,f,0-4,0,2004
PAK,f,5-11,0,2004
PAK,f,12-17,0,2004
PAK,f,18-59,0,2004
PAK,f,60+,0,2004
PAK,m,0-4,0,2004
PAK,m,5-11,0,2004
PAK,m,12-17,0,2004
PAK,m,18-59,0,2004
PAK,m,60+,0,2004
PAK,f,0-4,78774,2004
PAK,f,5-11,111502,2004
PAK,f,12-17,95574,2004
PAK,f,18-59,202345,2004
PAK,f,60+,20280,2004
PAK,m,0-4,76652,2004
PAK,m,5-11,109350,2004
PAK,m,12-17,93729,2004
PAK,m,18-59,154047,2004
PAK,m,60+,17788,2004
POL,f,0-4,0,2004
POL,f,5-11,0,2004
POL,f,12-17,0,2004
POL,f,18-59,0,2004
POL,f,60+,0,2004
POL,m,0-4,0,2004
POL,m,5-11,0,2004
POL,m,12-17,0,2004
POL,m,18-59,0,2004
POL,m,60+,0,2004
POL,f,0-4,0,2004
POL,f,5-11,0,2004
POL,f,12-17,0,2004
POL,f,18-59,0,2004
POL,f,60+,0,2004
POL,m,0-4,0,2004
POL,m,5-11,0,2004
POL,m,12-17,0,2004
POL,m,18-59,0,2004
POL,m,60+,0,2004
PRT,f,0-4,0,2004
PRT,f,5-11,0,2004
PRT,f,12-17,0,2004
PRT,f,18-59,0,2004
PRT,f,60+,0,2004
PRT,m,0-4,0,2004
PRT,m,5-11,0,2004
PRT,m,12-17,0,2004
PRT,m,18-59,0,2004
PRT,m,60+,0,2004
QAT,f,0-4,0,2004
QAT,f,5-11,0,2004
QAT,f,12-17,0,2004
QAT,f,18-59,0,2004
QAT,f,60+,0,2004
QAT,m,0-4,0,2004
QAT,m,5-11,0,2004
QAT,m,12-17,0,2004
QAT,m,18-59,40,2004
QAT,m,60+,0,2004
ROU,f,0-4,0,2004
ROU,f,5-11,0,2004
ROU,f,12-17,0,2004
ROU,f,18-59,9,2004
ROU,f,60+,0,2004
ROU,m,0-4,0,2004
ROU,m,5-11,0,2004
ROU,m,12-17,0,2004
ROU,m,18-59,9,2004
ROU,m,60+,0,2004
RUS,f,0-4,0,2004
RUS,f,5-11,0,2004
RUS,f,12-17,0,2004
RUS,f,18-59,0,2004
RUS,f,60+,0,2004
RUS,m,0-4,0,2004
RUS,m,5-11,0,2004
RUS,m,12-17,0,2004
RUS,m,18-59,0,2004
RUS,m,60+,0,2004
RUS,f,0-4,0,2004
RUS,f,5-11,0,2004
RUS,f,12-17,0,2004
RUS,f,18-59,0,2004
RUS,f,60+,0,2004
RUS,m,0-4,0,2004
RUS,m,5-11,0,2004
RUS,m,12-17,0,2004
RUS,m,18-59,0,2004
RUS,m,60+,0,2004
RUS,f,0-4,0,2004
RUS,f,5-11,0,2004
RUS,f,12-17,0,2004
RUS,f,18-59,0,2004
RUS,f,60+,0,2004
RUS,m,0-4,0,2004
RUS,m,5-11,0,2004
RUS,m,12-17,0,2004
RUS,m,18-59,0,2004
RUS,m,60+,0,2004
SAU,f,0-4,0,2004
SAU,f,5-11,0,2004
SAU,f,12-17,0,2004
SAU,f,18-59,0,2004
SAU,f,60+,0,2004
SAU,m,0-4,0,2004
SAU,m,5-11,0,2004
SAU,m,12-17,0,2004
SAU,m,18-59,8,2004
SAU,m,60+,0,2004
SVK,f,0-4,0,2004
SVK,f,5-11,0,2004
SVK,f,12-17,0,2004
SVK,f,18-59,0,2004
SVK,f,60+,0,2004
SVK,m,0-4,0,2004
SVK,m,5-11,0,2004
SVK,m,12-17,0,2004
SVK,m,18-59,0,2004
SVK,m,60+,0,2004
SVK,f,0-4,0,2004
SVK,f,5-11,0,2004
SVK,f,12-17,0,2004
SVK,f,18-59,0,2004
SVK,f,60+,0,2004
SVK,m,0-4,0,2004
SVK,m,5-11,0,2004
SVK,m,12-17,0,2004
SVK,m,18-59,0,2004
SVK,m,60+,0,2004
SWE,f,0-4,0,2004
SWE,f,5-11,0,2004
SWE,f,12-17,0,2004
SWE,f,18-59,0,2004
SWE,f,60+,0,2004
SWE,m,0-4,0,2004
SWE,m,5-11,0,2004
SWE,m,12-17,0,2004
SWE,m,18-59,0,2004
SWE,m,60+,0,2004
SWE,f,0-4,0,2004
SWE,f,5-11,0,2004
SWE,f,12-17,0,2004
SWE,f,18-59,0,2004
SWE,f,60+,0,2004
SWE,m,0-4,0,2004
SWE,m,5-11,0,2004
SWE,m,12-17,0,2004
SWE,m,18-59,0,2004
SWE,m,60+,0,2004
SYR,f,0-4,0,2004
SYR,f,5-11,9,2004
SYR,f,12-17,0,2004
SYR,f,18-59,12,2004
SYR,f,60+,0,2004
SYR,m,0-4,0,2004
SYR,m,5-11,9,2004
SYR,m,12-17,8,2004
SYR,m,18-59,16,2004
SYR,m,60+,0,2004
SYR,f,0-4,22,2004
SYR,f,5-11,39,2004
SYR,f,12-17,34,2004
SYR,f,18-59,74,2004
SYR,f,60+,5,2004
SYR,m,0-4,17,2004
SYR,m,5-11,42,2004
SYR,m,12-17,36,2004
SYR,m,18-59,75,2004
SYR,m,60+,16,2004
THA,f,0-4,0,2004
THA,f,5-11,0,2004
THA,f,12-17,0,2004
THA,f,18-59,0,2004
THA,f,60+,0,2004
THA,m,0-4,0,2004
THA,m,5-11,0,2004
THA,m,12-17,0,2004
THA,m,18-59,5,2004
THA,m,60+,0,2004
TJK,f,0-4,0,2004
TJK,f,5-11,0,2004
TJK,f,12-17,0,2004
TJK,f,18-59,0,2004
TJK,f,60+,0,2004
TJK,m,0-4,0,2004
TJK,m,5-11,0,2004
TJK,m,12-17,0,2004
TJK,m,18-59,0,2004
TJK,m,60+,0,2004
TKM,f,0-4,38,2004
TKM,f,5-11,95,2004
TKM,f,12-17,83,2004
TKM,f,18-59,253,2004
TKM,f,60+,10,2004
TKM,m,0-4,62,2004
TKM,m,5-11,100,2004
TKM,m,12-17,87,2004
TKM,m,18-59,265,2004
TKM,m,60+,37,2004
TUR,f,0-4,24,2004
TUR,f,5-11,29,2004
TUR,f,12-17,36,2004
TUR,f,18-59,59,2004
TUR,f,60+,0,2004
TUR,m,0-4,26,2004
TUR,m,5-11,42,2004
TUR,m,12-17,30,2004
TUR,m,18-59,84,2004
TUR,m,60+,0,2004
TUR,f,0-4,0,2004
TUR,f,5-11,7,2004
TUR,f,12-17,25,2004
TUR,f,18-59,6,2004
TUR,f,60+,0,2004
TUR,m,0-4,0,2004
TUR,m,5-11,6,2004
TUR,m,12-17,5,2004
TUR,m,18-59,15,2004
TUR,m,60+,0,2004
UKR,f,0-4,0,2004
UKR,f,5-11,0,2004
UKR,f,12-17,0,2004
UKR,f,18-59,0,2004
UKR,f,60+,0,2004
UKR,m,0-4,0,2004
UKR,m,5-11,0,2004
UKR,m,12-17,0,2004
UKR,m,18-59,0,2004
UKR,m,60+,0,2004
UKR,f,0-4,27,2004
UKR,f,5-11,75,2004
UKR,f,12-17,65,2004
UKR,f,18-59,193,2004
UKR,f,60+,17,2004
UKR,m,0-4,21,2004
UKR,m,5-11,87,2004
UKR,m,12-17,75,2004
UKR,m,18-59,712,2004
UKR,m,60+,18,2004
USA,f,0-4,0,2004
USA,f,5-11,0,2004
USA,f,12-17,0,2004
USA,f,18-59,0,2004
USA,f,60+,0,2004
USA,m,0-4,0,2004
USA,m,5-11,0,2004
USA,m,12-17,0,2004
USA,m,18-59,0,2004
USA,m,60+,0,2004
USA,f,0-4,0,2004
USA,f,5-11,0,2004
USA,f,12-17,0,2004
USA,f,18-59,0,2004
USA,f,60+,0,2004
USA,m,0-4,0,2004
USA,m,5-11,0,2004
USA,m,12-17,0,2004
USA,m,18-59,0,2004
USA,m,60+,0,2004
UZB,f,0-4,18,2004
UZB,f,5-11,35,2004
UZB,f,12-17,30,2004
UZB,f,18-59,119,2004
UZB,f,60+,6,2004
UZB,m,0-4,12,2004
UZB,m,5-11,34,2004
UZB,m,12-17,24,2004
UZB,m,18-59,142,2004
UZB,m,60+,6,2004
UZB,f,0-4,57,2004
UZB,f,5-11,226,2004
UZB,f,12-17,196,2004
UZB,f,18-59,570,2004
UZB,f,60+,29,2004
UZB,m,0-4,75,2004
UZB,m,5-11,243,2004
UZB,m,12-17,209,2004
UZB,m,18-59,672,2004
UZB,m,60+,29,2004
ZAF,f,0-4,0,2004
ZAF,f,5-11,0,2004
ZAF,f,12-17,0,2004
ZAF,f,18-59,0,2004
ZAF,f,60+,0,2004
ZAF,m,0-4,0,2004
ZAF,m,5-11,0,2004
ZAF,m,12-17,0,2004
ZAF,m,18-59,0,2004
ZAF,m,60+,0,2004
ZAF,f,0-4,0,2004
ZAF,f,5-11,0,2004
ZAF,f,12-17,0,2004
ZAF,f,18-59,0,2004
ZAF,f,60+,0,2004
ZAF,m,0-4,0,2004
ZAF,m,5-11,0,2004
ZAF,m,12-17,0,2004
ZAF,m,18-59,0,2004
ZAF,m,60+,0,2004
ZWE,f,0-4,0,2004
ZWE,f,5-11,7,2004
ZWE,f,12-17,0,2004
ZWE,f,18-59,0,2004
ZWE,f,60+,0,2004
ZWE,m,0-4,0,2004
ZWE,m,5-11,5,2004
ZWE,m,12-17,5,2004
ZWE,m,18-59,5,2004
ZWE,m,60+,0,2004
